datetime,open,high,low,close,volume
2025-01-01 00:00:00,93585.0,94495.2,93500.0,94399.9,322.77787727
2025-01-01 01:00:00,94400.0,94410.4,93572.2,93604.7,186.27899604
2025-01-01 02:00:00,93604.7,94106.1,93588.1,94094.9,72.04941216
2025-01-01 03:00:00,94095.0,94095.0,93731.6,93835.3,79.27184206
2025-01-01 04:00:00,93835.4,93835.4,93531.2,93561.5,65.4115224
2025-01-01 05:00:00,93561.6,93936.1,93550.6,93788.4,44.81611331
2025-01-01 06:00:00,93788.5,93788.5,93565.2,93757.5,67.49688086
2025-01-01 07:00:00,93757.4,93811.0,93655.5,93684.0,59.69983033
2025-01-01 08:00:00,93684.0,93761.3,93300.0,93434.7,128.53520609
2025-01-01 09:00:00,93434.8,93487.5,92888.0,93411.3,334.63107655
2025-01-01 10:00:00,93413.9,93548.2,93276.1,93327.6,127.81953691
2025-01-01 11:00:00,93327.7,93735.8,93173.3,93456.0,262.06844014
2025-01-01 12:00:00,93456.1,93995.9,93402.6,93820.4,333.81511832
2025-01-01 13:00:00,93820.4,94083.3,93606.4,94038.9,210.93071683
2025-01-01 14:00:00,94038.9,94456.1,93677.3,94184.9,528.86100026
2025-01-01 15:00:00,94185.0,94527.0,93913.7,94442.9,165.26928349
2025-01-01 16:00:00,94442.9,94505.0,93928.5,94090.1,153.52641807
2025-01-01 17:00:00,94090.1,94189.5,93740.4,94139.2,98.18922612
2025-01-01 18:00:00,94139.3,94384.8,93932.0,94339.0,86.04697505
2025-01-01 19:00:00,94339.0,94856.6,94143.5,94629.9,143.97205721
2025-01-01 20:00:00,94630.0,94882.9,94589.3,94797.1,158.53595253
2025-01-01 21:00:00,94795.0,95192.1,94695.0,94974.1,130.88523763
2025-01-01 22:00:00,94974.2,94999.0,94687.5,94803.4,87.02876698
2025-01-01 23:00:00,94803.4,94949.2,94526.6,94589.5,182.24015778
2025-01-02 00:00:00,94589.5,95376.1,94390.4,95121.0,583.41348784
2025-01-02 01:00:00,95121.0,95531.2,94717.3,94865.5,276.08615053
2025-01-02 02:00:00,94865.5,95240.7,94806.1,95240.7,113.73699542
2025-01-02 03:00:00,95240.8,95300.0,94914.7,94996.3,320.77899818
2025-01-02 04:00:00,94996.4,96000.0,94976.0,95699.8,672.89464234
2025-01-02 05:00:00,95699.9,95812.0,95392.4,95586.5,163.76249529
2025-01-02 06:00:00,95586.5,95699.9,95366.8,95582.8,143.67543891
2025-01-02 07:00:00,95582.9,95886.2,95510.2,95825.9,246.60466213
2025-01-02 08:00:00,95826.0,96221.4,95632.0,96138.5,198.88927677
2025-01-02 09:00:00,96138.4,96800.0,96028.5,96734.8,310.50525571
2025-01-02 10:00:00,96734.9,96794.6,96527.5,96716.3,242.93826227
2025-01-02 11:00:00,96716.3,96880.0,96466.2,96739.0,180.44989319
2025-01-02 12:00:00,96739.1,96917.8,96595.2,96859.7,461.86381683
2025-01-02 13:00:00,96859.7,96980.9,96439.5,96460.1,238.25404268
2025-01-02 14:00:00,96460.1,97428.4,95940.0,97255.8,1421.4295516
2025-01-02 15:00:00,97249.0,97322.3,96146.6,96476.5,504.11004113
2025-01-02 16:00:00,96473.0,97655.0,96043.8,97231.9,635.39745948
2025-01-02 17:00:00,97231.9,97589.7,96323.3,96757.7,293.42260149
2025-01-02 18:00:00,96757.8,97348.0,96395.4,97311.8,247.01373197
2025-01-02 19:00:00,97311.8,97777.1,97190.2,97316.8,370.89711321
2025-01-02 20:00:00,97324.4,97847.6,97300.1,97306.7,209.23316567
2025-01-02 21:00:00,97306.8,97355.3,97046.8,97212.2,113.65095971
2025-01-02 22:00:00,97212.2,97212.2,96677.6,96900.1,112.53448377
2025-01-02 23:00:00,96900.0,97083.8,96783.0,96988.4,94.37862571
2025-01-03 00:00:00,96988.4,97075.0,96787.1,96830.3,99.32657901
2025-01-03 01:00:00,96830.3,97043.3,96646.2,97000.1,249.56652022
2025-01-03 02:00:00,97000.1,97346.6,96857.3,96967.9,114.98222346
2025-01-03 03:00:00,96967.9,97100.0,96834.3,97068.4,85.12429434
2025-01-03 04:00:00,97068.4,97071.4,96757.1,96817.4,93.8789449
2025-01-03 05:00:00,96817.9,96865.7,96590.3,96757.2,91.96748369
2025-01-03 06:00:00,96757.3,96916.0,96508.1,96551.0,188.23930014
2025-01-03 07:00:00,96550.9,96650.0,96288.1,96311.5,303.82277745
2025-01-03 08:00:00,96311.6,96531.9,96100.1,96130.9,176.90979495
2025-01-03 09:00:00,96130.8,96705.8,96103.1,96541.9,291.32954199
2025-01-03 10:00:00,96541.9,96655.0,96398.7,96493.7,152.52832352
2025-01-03 11:00:00,96493.7,96843.6,96488.8,96767.5,126.92509875
2025-01-03 12:00:00,96767.5,96928.2,96655.5,96655.5,168.75627306
2025-01-03 13:00:00,96654.8,96845.2,96469.4,96508.2,142.12511755
2025-01-03 14:00:00,96508.3,97349.9,96508.3,97027.5,425.44875355
2025-01-03 15:00:00,97027.6,97660.0,96750.3,97524.4,617.86612395
2025-01-03 16:00:00,97525.0,98447.4,97392.5,97863.0,848.41483624
2025-01-03 17:00:00,97863.1,98294.3,97833.3,98026.7,264.64287406
2025-01-03 18:00:00,98026.7,98688.0,97993.3,98528.4,177.1023288
2025-01-03 19:00:00,98528.3,98977.9,98489.7,98591.6,308.83586872
2025-01-03 20:00:00,98591.6,98779.3,98293.6,98308.8,351.4784875
2025-01-03 21:00:00,98311.8,98424.9,98188.2,98269.5,118.70463963
2025-01-03 22:00:00,98269.5,98520.0,98243.9,98298.2,65.4769357
2025-01-03 23:00:00,98303.0,98390.4,98078.2,98183.4,65.94140746
2025-01-04 00:00:00,98183.9,98293.6,97901.6,97948.7,151.92177459
2025-01-04 01:00:00,97948.7,98099.3,97789.9,98035.3,112.26624512
2025-01-04 02:00:00,98035.3,98315.5,97849.9,98311.0,102.51974305
2025-01-04 03:00:00,98310.9,98310.9,98048.3,98194.0,77.33507078
2025-01-04 04:00:00,98194.0,98207.9,97865.6,97999.9,129.76960203
2025-01-04 05:00:00,98000.0,98195.9,97986.7,98128.3,95.85089452
2025-01-04 06:00:00,98128.4,98221.9,98043.1,98133.8,98.37675262
2025-01-04 07:00:00,98133.9,98358.0,98100.1,98273.4,145.83988106
2025-01-04 08:00:00,98273.3,98302.1,97900.0,97905.2,105.14847678
2025-01-04 09:00:00,97905.3,97989.4,97548.0,97695.3,188.13217309
2025-01-04 10:00:00,97695.3,97863.6,97599.9,97800.1,133.57674014
2025-01-04 11:00:00,97800.1,97933.3,97720.0,97895.5,237.71911951
2025-01-04 12:00:00,97895.4,98029.4,97805.6,97897.0,128.96107297
2025-01-04 13:00:00,97897.1,98093.0,97754.6,97992.9,157.15970652
2025-01-04 14:00:00,97992.9,98082.6,97835.1,98040.0,86.67285063
2025-01-04 15:00:00,98040.4,98167.9,97527.2,97665.3,218.99268077
2025-01-04 16:00:00,97665.3,97875.0,97580.6,97716.0,81.34806094
2025-01-04 17:00:00,97716.0,98050.0,97688.8,98021.3,40.97576914
2025-01-04 18:00:00,98021.3,98148.9,97905.7,97966.7,51.62311168
2025-01-04 19:00:00,97966.7,98352.7,97928.9,98162.7,159.79053216
2025-01-04 20:00:00,98162.7,98695.6,98162.7,98603.7,198.50164519
2025-01-04 21:00:00,98603.8,98785.7,98333.2,98366.5,76.80791795
2025-01-04 22:00:00,98366.6,98500.0,98257.5,98419.4,83.2190357
2025-01-04 23:00:00,98416.7,98430.5,98151.9,98221.9,78.12282105
2025-01-05 00:00:00,98221.9,98391.8,98160.0,98225.5,32.45178859
2025-01-05 01:00:00,98225.4,98329.3,98041.7,98131.6,61.45877039
2025-01-05 02:00:00,98131.6,98225.3,98106.6,98225.2,46.26439767
2025-01-05 03:00:00,98225.3,98238.6,98063.0,98188.8,69.07552395
2025-01-05 04:00:00,98188.9,98532.9,98188.8,98358.7,111.22965093
2025-01-05 05:00:00,98358.7,98503.3,98270.0,98346.4,58.84403794
2025-01-05 06:00:00,98346.4,98500.0,98294.3,98449.8,104.57621055
2025-01-05 07:00:00,98449.8,98471.1,98260.1,98267.2,92.03269761
2025-01-05 08:00:00,98267.2,98267.3,97753.4,97863.2,258.73522671
2025-01-05 09:00:00,97863.3,97940.0,97626.5,97651.3,108.46708391
2025-01-05 10:00:00,97651.3,97775.0,97577.0,97731.0,88.11427875
2025-01-05 11:00:00,97731.0,97829.1,97605.6,97642.0,63.27302577
2025-01-05 12:00:00,97642.1,97950.0,97561.7,97754.6,115.54909572
2025-01-05 13:00:00,97754.7,98021.7,97669.3,97695.3,109.70847987
2025-01-05 14:00:00,97695.4,97967.9,97260.8,97855.2,244.18346125
2025-01-05 15:00:00,97855.1,98276.8,97705.5,98029.8,102.13649519
2025-01-05 16:00:00,98029.8,98332.0,97926.5,98029.7,103.55250228
2025-01-05 17:00:00,98029.7,98086.8,97650.7,97735.4,72.74558044
2025-01-05 18:00:00,97735.4,97932.1,97561.9,97910.8,51.09578123
2025-01-05 19:00:00,97910.9,98128.0,97845.3,98078.3,54.88193685
2025-01-05 20:00:00,98078.4,98676.4,98024.9,98275.7,137.0547461
2025-01-05 21:00:00,98270.4,98515.7,98220.4,98490.6,34.82958703
2025-01-05 22:00:00,98490.7,98753.0,98336.9,98681.8,84.43013751
2025-01-05 23:00:00,98681.8,98842.4,98317.3,98363.9,146.79213808
2025-01-06 00:00:00,98363.9,98785.3,98192.0,98224.2,113.30242153
2025-01-06 01:00:00,98224.2,98823.3,97924.0,98757.9,258.57817863
2025-01-06 02:00:00,98758.0,99300.0,98642.6,98829.0,484.96953569
2025-01-06 03:00:00,98829.0,99230.7,98754.4,99035.1,132.50960884
2025-01-06 04:00:00,99035.1,99496.8,99035.1,99465.8,165.4322309
2025-01-06 05:00:00,99465.8,99900.0,99376.8,99610.1,309.23608473
2025-01-06 06:00:00,99610.1,99759.0,99425.2,99506.4,240.26341831
2025-01-06 07:00:00,99506.5,99535.2,99165.5,99317.5,206.91401038
2025-01-06 08:00:00,99317.5,99632.7,99000.0,99050.2,183.41989103
2025-01-06 09:00:00,99050.3,99260.0,98954.3,99000.0,131.14357647
2025-01-06 10:00:00,99000.0,99076.5,98703.0,98781.8,172.83110247
2025-01-06 11:00:00,98781.8,99400.0,98700.0,99259.5,161.03999963
2025-01-06 12:00:00,99259.5,99723.9,99143.3,99159.9,169.70915444
2025-01-06 13:00:00,99160.0,99585.8,98904.5,99498.7,203.30586181
2025-01-06 14:00:00,99498.7,101308.0,98706.7,100729.9,1138.23279088
2025-01-06 15:00:00,100723.1,102476.0,100467.0,102149.4,1375.80127102
2025-01-06 16:00:00,102149.9,102479.3,101707.6,102151.9,599.07943544
2025-01-06 17:00:00,102143.6,102143.7,101224.8,101830.9,384.75013734
2025-01-06 18:00:00,101830.9,102055.2,101533.7,101746.7,163.512192
2025-01-06 19:00:00,101745.0,102032.4,101631.8,101807.2,138.68944568
2025-01-06 20:00:00,101807.2,102328.0,101799.9,102116.2,681.63622638
2025-01-06 21:00:00,102115.2,102330.0,101579.6,101607.8,211.69318563
2025-01-06 22:00:00,101607.8,102077.6,101601.2,102002.0,92.96503556
2025-01-06 23:00:00,102002.1,102240.0,101892.1,102230.6,127.77734682
2025-01-07 00:00:00,102224.5,102750.0,101942.0,102044.2,230.63497592
2025-01-07 01:00:00,102044.2,102066.6,101688.2,101906.9,140.22672063
2025-01-07 02:00:00,101907.0,102018.7,101648.1,101676.8,102.47684896
2025-01-07 03:00:00,101676.8,101825.8,101508.0,101703.1,147.33000471
2025-01-07 04:00:00,101703.2,101932.1,101666.6,101666.6,116.8319104
2025-01-07 05:00:00,101666.7,101796.5,101580.3,101732.4,167.88431238
2025-01-07 06:00:00,101732.4,101897.9,101627.7,101813.6,138.47686539
2025-01-07 07:00:00,101813.7,102020.4,101631.8,101675.8,215.66348108
2025-01-07 08:00:00,101675.8,101999.9,101614.0,101903.2,156.43271771
2025-01-07 09:00:00,101903.2,101921.3,101640.0,101723.2,137.20748904
2025-01-07 10:00:00,101723.3,101723.3,101379.9,101399.3,261.07670448
2025-01-07 11:00:00,101399.1,101461.6,100484.6,100844.1,500.45265659
2025-01-07 12:00:00,100844.1,100966.6,100618.9,100765.1,246.58556916
2025-01-07 13:00:00,100765.1,100966.6,100611.2,100638.0,198.90433693
2025-01-07 14:00:00,100638.0,100880.5,99735.1,99994.7,607.23756728
2025-01-07 15:00:00,99994.7,100154.0,97097.6,97942.8,2947.67807797
2025-01-07 16:00:00,97952.2,98352.2,97583.0,97720.1,679.10414227
2025-01-07 17:00:00,97723.6,97794.4,96567.0,97273.4,723.13510444
2025-01-07 18:00:00,97268.5,97546.8,96600.0,96750.0,468.04293436
2025-01-07 19:00:00,96749.3,97191.4,96300.1,96451.9,301.81018595
2025-01-07 20:00:00,96451.9,96866.0,96176.6,96533.4,349.68808031
2025-01-07 21:00:00,96533.3,97093.2,96395.6,96501.1,232.53128123
2025-01-07 22:00:00,96501.1,97215.5,96403.0,97164.4,137.2729115
2025-01-07 23:00:00,97166.2,97174.8,96800.1,96957.9,202.89855975
2025-01-08 00:00:00,96958.0,97290.7,96700.0,97264.4,214.29219342
2025-01-08 01:00:00,97264.3,97264.3,96614.9,96909.9,288.87711753
2025-01-08 02:00:00,96910.0,97177.6,96780.3,96871.9,181.85036927
2025-01-08 03:00:00,96872.0,96872.0,96230.1,96526.8,463.82059427
2025-01-08 04:00:00,96526.8,96631.4,96041.2,96277.6,354.63948649
2025-01-08 05:00:00,96274.7,96650.0,96096.4,96483.5,310.12368969
2025-01-08 06:00:00,96484.4,96639.9,95250.0,95277.4,860.2015821
2025-01-08 07:00:00,95277.5,95812.2,95183.0,95658.8,679.19380476
2025-01-08 08:00:00,95658.8,96148.4,95524.0,95949.9,165.04137603
2025-01-08 09:00:00,95947.7,96106.5,95404.4,95430.8,162.58796516
2025-01-08 10:00:00,95429.5,96000.0,95429.5,95959.4,164.03869885
2025-01-08 11:00:00,95959.5,96058.5,94529.0,95140.5,743.07063808
2025-01-08 12:00:00,95136.5,95379.8,94858.9,94880.1,253.53744473
2025-01-08 13:00:00,94880.1,95682.7,94880.1,95388.1,303.26481131
2025-01-08 14:00:00,95388.0,95864.9,94888.0,95287.2,434.21695833
2025-01-08 15:00:00,95287.1,96081.9,94626.5,95481.4,551.73374142
2025-01-08 16:00:00,95481.5,95497.5,94556.0,94784.1,289.88043186
2025-01-08 17:00:00,94784.0,94861.2,92500.2,94021.9,1523.57388746
2025-01-08 18:00:00,94021.9,95108.7,93752.1,94250.4,422.2896424
2025-01-08 19:00:00,94251.9,94857.1,94046.0,94247.3,243.52507731
2025-01-08 20:00:00,94248.5,94408.1,93752.8,93972.7,324.49004387
2025-01-08 21:00:00,93972.7,94581.9,93600.0,94460.5,191.65453162
2025-01-08 22:00:00,94460.6,95298.0,94451.4,95288.9,215.36832538
2025-01-08 23:00:00,95289.0,95294.2,94900.0,95037.0,153.53122803
2025-01-09 00:00:00,95042.7,95159.6,94800.1,95137.1,112.34214905
2025-01-09 01:00:00,95137.1,95391.9,94967.8,94990.4,167.69797938
2025-01-09 02:00:00,94990.5,95036.8,93436.4,94774.3,819.87707635
2025-01-09 03:00:00,94780.9,94800.5,94010.0,94022.3,236.6264581
2025-01-09 04:00:00,94022.3,94489.0,93798.3,94416.6,181.52463013
2025-01-09 05:00:00,94413.9,94566.0,94275.6,94472.0,64.41998463
2025-01-09 06:00:00,94472.0,94625.0,94030.5,94086.8,438.85927138
2025-01-09 07:00:00,94086.8,94299.9,93200.0,93228.3,823.98398196
2025-01-09 08:00:00,93228.3,93417.0,92751.6,93030.8,758.84857328
2025-01-09 09:00:00,93031.6,93734.6,92974.7,93514.1,166.72243142
2025-01-09 10:00:00,93514.1,93663.1,93023.3,93457.1,88.57018902
2025-01-09 11:00:00,93457.1,93878.0,93221.0,93466.6,175.60299875
2025-01-09 12:00:00,93466.6,93695.4,93159.8,93417.8,126.10628923
2025-01-09 13:00:00,93417.8,93493.5,91896.0,91985.1,684.57251933
2025-01-09 14:00:00,91985.1,92897.3,91800.0,92866.6,682.42548707
2025-01-09 15:00:00,92866.2,94590.2,92667.8,94247.1,539.53347015
2025-01-09 16:00:00,94247.1,94694.1,93845.4,94250.7,342.21023437
2025-01-09 17:00:00,94250.8,94291.9,92325.8,92690.0,558.79894823
2025-01-09 18:00:00,92690.0,93239.6,92396.1,93020.6,332.36953183
2025-01-09 19:00:00,93020.6,93297.4,91900.0,91912.7,378.12562225
2025-01-09 20:00:00,91910.0,92371.7,91200.0,91890.2,851.43234608
2025-01-09 21:00:00,91895.9,92493.1,91774.1,92113.4,247.63675338
2025-01-09 22:00:00,92108.4,92722.8,91621.6,92453.3,218.7631863
2025-01-09 23:00:00,92461.8,92691.0,92047.2,92553.1,162.0772104
2025-01-10 00:00:00,92553.0,92855.8,92459.7,92770.0,176.65452301
2025-01-10 01:00:00,92770.0,93170.7,92593.2,93109.0,163.17423275
2025-01-10 02:00:00,93109.0,93707.3,93043.5,93371.2,260.5876884
2025-01-10 03:00:00,93372.1,93737.8,93316.0,93720.1,149.98187597
2025-01-10 04:00:00,93720.1,93916.9,93500.9,93846.7,153.86622725
2025-01-10 05:00:00,93846.7,94265.0,93654.1,93968.9,210.83285788
2025-01-10 06:00:00,93968.9,94335.3,93733.4,94253.2,273.19433256
2025-01-10 07:00:00,94253.2,94990.0,94076.6,94498.1,482.34739224
2025-01-10 08:00:00,94498.0,94760.1,94382.1,94673.5,189.20449084
2025-01-10 09:00:00,94674.0,94981.0,94573.3,94787.6,160.54773699
2025-01-10 10:00:00,94787.7,95264.4,94753.6,95205.7,227.77543657
2025-01-10 11:00:00,95205.6,95248.2,94560.0,95065.4,670.62563935
2025-01-10 12:00:00,95066.2,95125.2,94707.1,95028.4,258.96045098
2025-01-10 13:00:00,95028.5,95040.1,92718.5,93548.6,1558.89755148
2025-01-10 14:00:00,93541.6,94687.5,93397.8,94110.8,1334.45575717
2025-01-10 15:00:00,94112.1,94531.4,92222.0,93734.9,979.9825862
2025-01-10 16:00:00,93735.0,94042.4,93185.4,93654.3,356.72581115
2025-01-10 17:00:00,93658.5,95853.1,93308.7,95814.2,599.5451146
2025-01-10 18:00:00,95814.1,95814.1,94579.0,94866.6,460.42943657
2025-01-10 19:00:00,94871.7,95384.3,94400.0,95323.0,233.87263725
2025-01-10 20:00:00,95323.0,95448.4,94589.3,94668.6,214.88105023
2025-01-10 21:00:00,94678.2,94926.0,94601.2,94615.7,143.60231947
2025-01-10 22:00:00,94619.2,94975.0,94583.0,94775.0,87.0047369
2025-01-10 23:00:00,94775.0,94911.0,94653.7,94726.5,54.26632039
2025-01-11 00:00:00,94724.5,94746.2,94349.5,94599.4,91.27163644
2025-01-11 01:00:00,94599.4,94695.9,94217.3,94431.1,79.06214251
2025-01-11 02:00:00,94431.2,94506.9,94175.1,94426.6,232.38482891
2025-01-11 03:00:00,94426.5,94442.2,94100.0,94209.7,84.54298472
2025-01-11 04:00:00,94209.7,94316.6,93829.6,94067.0,121.83240722
2025-01-11 05:00:00,94067.1,94385.3,94016.7,94365.0,64.3706199
2025-01-11 06:00:00,94365.0,94437.6,94210.1,94210.1,59.53947938
2025-01-11 07:00:00,94210.2,94341.2,94143.0,94253.6,45.36338602
2025-01-11 08:00:00,94252.5,94401.8,94029.8,94069.4,88.08563633
2025-01-11 09:00:00,94069.5,94334.0,94036.7,94332.6,53.4629984
2025-01-11 10:00:00,94332.7,94549.9,94301.5,94494.8,93.34674639
2025-01-11 11:00:00,94494.8,94798.0,94454.0,94625.6,98.30657747
2025-01-11 12:00:00,94625.7,94650.0,94530.3,94550.6,90.0609914
2025-01-11 13:00:00,94550.7,94606.7,94334.7,94391.3,88.08751369
2025-01-11 14:00:00,94391.3,94642.3,94300.0,94615.1,118.28868134
2025-01-11 15:00:00,94614.4,94644.2,94380.0,94413.0,47.72864325
2025-01-11 16:00:00,94412.9,94722.1,94307.6,94454.0,108.82087898
2025-01-11 17:00:00,94454.0,94454.0,93968.9,94155.1,144.25571738
2025-01-11 18:00:00,94155.2,94313.3,94118.9,94278.0,43.63302199
2025-01-11 19:00:00,94277.9,94339.9,94077.6,94245.4,55.69862654
2025-01-11 20:00:00,94245.4,94670.5,94188.5,94594.2,46.81616853
2025-01-11 21:00:00,94594.2,95029.6,94569.0,94940.9,101.79146567
2025-01-11 22:00:00,94940.9,95039.2,94567.0,94589.4,53.34293485
2025-01-11 23:00:00,94589.4,94768.4,94546.5,94612.5,44.697313
2025-01-12 00:00:00,94612.5,94668.6,94422.7,94453.3,69.04138127
2025-01-12 01:00:00,94453.3,94593.7,94300.1,94579.7,43.80253
2025-01-12 02:00:00,94579.7,94668.4,94479.7,94626.2,43.33747721
2025-01-12 03:00:00,94627.4,94725.6,94416.2,94629.1,40.12847539
2025-01-12 04:00:00,94629.1,94663.0,94501.5,94584.2,35.41953061
2025-01-12 05:00:00,94584.2,94630.2,94500.2,94573.9,18.67228248
2025-01-12 06:00:00,94573.9,94618.4,94369.8,94371.3,46.33216614
2025-01-12 07:00:00,94371.3,94451.2,94244.3,94332.7,82.80073083
2025-01-12 08:00:00,94332.7,94397.3,94102.0,94172.1,75.38061638
2025-01-12 09:00:00,94172.2,94228.3,93711.8,93905.9,121.54403532
2025-01-12 10:00:00,93905.4,94080.0,93830.0,94016.5,64.7095705
2025-01-12 11:00:00,94016.5,94359.6,94013.9,94261.7,75.76018978
2025-01-12 12:00:00,94257.9,94612.0,94173.5,94333.3,165.05177525
2025-01-12 13:00:00,94333.4,94734.2,94303.6,94671.5,138.63018304
2025-01-12 14:00:00,94671.5,94989.2,94671.5,94815.2,158.86147547
2025-01-12 15:00:00,94815.3,95465.0,94675.6,95073.9,278.0415506
2025-01-12 16:00:00,95073.9,95130.0,94801.6,95057.0,92.87924409
2025-01-12 17:00:00,95057.0,95274.2,94973.0,95131.7,67.38802586
2025-01-12 18:00:00,95129.5,95309.9,94908.0,94992.7,40.80856482
2025-01-12 19:00:00,94992.5,95072.5,94563.5,94657.0,68.45268903
2025-01-12 20:00:00,94657.0,94808.5,94612.7,94692.6,71.52347694
2025-01-12 21:00:00,94697.0,94729.8,94300.0,94347.5,71.97515124
2025-01-12 22:00:00,94345.7,94362.3,93800.0,93969.4,148.79276286
2025-01-12 23:00:00,93969.5,94566.0,93952.3,94549.9,126.61656631
2025-01-13 00:00:00,94549.9,95947.2,94450.1,95340.8,505.18991084
2025-01-13 01:00:00,95322.2,95408.0,94084.2,94221.8,430.77283563
2025-01-13 02:00:00,94219.0,94509.4,93900.0,94217.2,189.33485082
2025-01-13 03:00:00,94217.1,94420.1,93979.1,94264.0,131.87152747
2025-01-13 04:00:00,94264.1,94920.0,94196.6,94498.3,180.02257639
2025-01-13 05:00:00,94498.3,94543.1,94037.2,94171.2,134.63491179
2025-01-13 06:00:00,94171.3,94341.8,93266.6,93638.8,308.16508189
2025-01-13 07:00:00,93639.4,93950.7,93470.5,93592.7,139.43530305
2025-01-13 08:00:00,93592.6,93656.7,92904.0,93048.1,254.39354065
2025-01-13 09:00:00,93048.1,93205.0,92650.0,92846.5,299.37999914
2025-01-13 10:00:00,92845.1,92888.0,91350.0,91630.0,1356.63039324
2025-01-13 11:00:00,91630.0,91782.1,90833.1,90872.3,1737.78757085
2025-01-13 12:00:00,90872.3,91351.4,90300.0,90737.8,1730.70778472
2025-01-13 13:00:00,90737.9,91777.0,90580.2,91100.0,1212.74759778
2025-01-13 14:00:00,91100.0,92294.7,89111.0,91819.7,2298.06356353
2025-01-13 15:00:00,91819.7,93096.9,91571.6,92123.5,875.19180974
2025-01-13 16:00:00,92123.6,92295.8,91243.7,91348.1,501.14157869
2025-01-13 17:00:00,91346.6,92304.7,91242.5,91980.1,397.43910642
2025-01-13 18:00:00,91980.1,92406.6,91592.1,92072.9,273.40221338
2025-01-13 19:00:00,92072.8,92535.9,91591.8,92303.8,281.34624164
2025-01-13 20:00:00,92314.2,93790.1,91900.1,93577.9,339.35184861
2025-01-13 21:00:00,93579.4,94474.3,93400.1,94201.1,434.02134531
2025-01-13 22:00:00,94201.2,94724.8,94147.4,94406.5,272.61544781
2025-01-13 23:00:00,94406.5,94623.9,94175.5,94538.5,231.56444023
2025-01-14 00:00:00,94538.6,94885.9,94350.0,94473.3,228.9951331
2025-01-14 01:00:00,94473.4,95050.0,94463.2,94839.3,342.04244239
2025-01-14 02:00:00,94839.3,95293.5,94740.1,94892.7,475.92679671
2025-01-14 03:00:00,94892.6,95126.0,94828.1,94869.1,203.85026643
2025-01-14 04:00:00,94869.1,95170.0,94836.0,95126.9,143.88074363
2025-01-14 05:00:00,95126.9,95492.4,94839.7,94923.9,238.64585993
2025-01-14 06:00:00,94923.9,95037.4,94742.6,95037.3,132.43352341
2025-01-14 07:00:00,95037.3,95173.8,94844.5,94866.5,237.74698978
2025-01-14 08:00:00,94866.4,95820.0,94866.0,95495.2,592.07527598
2025-01-14 09:00:00,95495.2,97384.0,95454.1,97173.4,1497.79233874
2025-01-14 10:00:00,97173.5,97200.0,96571.4,96685.0,499.72894378
2025-01-14 11:00:00,96685.0,96695.8,96337.6,96548.6,310.22116016
2025-01-14 12:00:00,96548.6,96729.8,95990.5,95993.7,553.71515728
2025-01-14 13:00:00,95993.7,97292.4,95759.5,96336.0,792.70562539
2025-01-14 14:00:00,96336.1,97292.3,96029.0,96300.2,710.05459649
2025-01-14 15:00:00,96301.6,96981.1,96189.3,96475.7,432.31994686
2025-01-14 16:00:00,96475.7,96475.7,95340.1,95739.3,536.84164465
2025-01-14 17:00:00,95739.2,96565.7,95580.5,96529.5,305.54000986
2025-01-14 18:00:00,96526.9,96964.1,96292.0,96785.1,227.58503399
2025-01-14 19:00:00,96785.0,97110.1,96474.5,96545.1,315.57687411
2025-01-14 20:00:00,96539.1,96926.9,96141.0,96505.2,233.68289949
2025-01-14 21:00:00,96509.8,96683.3,96323.1,96480.3,137.95368296
2025-01-14 22:00:00,96482.1,96749.7,96451.3,96694.7,87.33113297
2025-01-14 23:00:00,96694.6,96786.4,96500.0,96559.9,59.21414218
2025-01-15 00:00:00,96560.0,97347.9,96500.0,96900.0,449.33085381
2025-01-15 01:00:00,96899.9,97557.1,96794.0,97338.2,416.65816328
2025-01-15 02:00:00,97341.9,97457.9,96745.6,96823.7,163.71211696
2025-01-15 03:00:00,96822.2,97327.7,96755.1,97317.1,174.49296865
2025-01-15 04:00:00,97317.1,97720.6,97052.7,97192.1,259.31540559
2025-01-15 05:00:00,97194.3,97248.2,96748.0,97040.0,244.37419863
2025-01-15 06:00:00,97040.0,97162.3,96862.1,97116.5,98.09674708
2025-01-15 07:00:00,97116.5,97593.7,97116.4,97294.9,236.65567137
2025-01-15 08:00:00,97294.9,97533.9,97152.1,97210.8,192.58707534
2025-01-15 09:00:00,97210.7,97367.9,96763.1,96825.3,257.680687
2025-01-15 10:00:00,96825.3,97146.3,96700.2,96938.3,156.4393553
2025-01-15 11:00:00,96938.5,96956.6,96531.1,96771.2,227.87743724
2025-01-15 12:00:00,96771.2,97200.0,96547.1,96944.6,174.0324199
2025-01-15 13:00:00,96944.6,99032.0,96859.4,98959.9,1285.22326217
2025-01-15 14:00:00,98959.9,99500.0,98616.7,99439.4,789.97153187
2025-01-15 15:00:00,99440.6,99773.0,98968.7,98985.9,799.99065159
2025-01-15 16:00:00,98985.8,99480.0,98875.2,98999.5,354.78541042
2025-01-15 17:00:00,98999.6,99328.0,98602.7,98644.2,228.51936285
2025-01-15 18:00:00,98644.2,99454.0,98644.2,99447.8,169.22824953
2025-01-15 19:00:00,99446.0,99967.0,99287.4,99846.0,531.31680447
2025-01-15 20:00:00,99846.1,100687.0,99416.9,99550.7,698.10564579
2025-01-15 21:00:00,99554.3,99856.2,99480.4,99679.0,142.90112243
2025-01-15 22:00:00,99679.0,99845.2,99552.1,99728.5,100.67844731
2025-01-15 23:00:00,99728.5,100500.0,99626.7,100497.0,303.86827445
2025-01-16 00:00:00,100495.2,100880.0,99658.5,99876.0,574.403205
2025-01-16 01:00:00,99876.1,100202.0,99806.1,100074.5,268.60073992
2025-01-16 02:00:00,100081.2,100129.3,99477.6,99640.7,238.28159889
2025-01-16 03:00:00,99640.7,99854.8,99162.9,99470.4,273.20813307
2025-01-16 04:00:00,99470.4,99699.9,99470.3,99614.4,111.99968841
2025-01-16 05:00:00,99614.4,99626.0,99358.5,99382.0,87.47049705
2025-01-16 06:00:00,99382.1,99909.2,99312.0,99798.3,241.42475971
2025-01-16 07:00:00,99798.3,99850.0,99643.1,99814.0,193.47955857
2025-01-16 08:00:00,99812.9,99831.7,98632.0,98958.0,556.91797626
2025-01-16 09:00:00,98958.1,99336.5,98646.5,99153.3,257.29231551
2025-01-16 10:00:00,99153.4,99427.5,99118.3,99212.6,98.30962941
2025-01-16 11:00:00,99212.7,99340.9,98726.0,99156.1,325.97501625
2025-01-16 12:00:00,99156.0,99517.6,98885.3,99387.4,281.89380489
2025-01-16 13:00:00,99387.5,99427.8,98766.0,99081.9,404.15252644
2025-01-16 14:00:00,99081.9,99391.5,97500.1,97615.2,965.29399603
2025-01-16 15:00:00,97615.2,99300.0,97311.1,99299.9,639.61891216
2025-01-16 16:00:00,99299.9,99872.0,99063.4,99348.2,870.60012485
2025-01-16 17:00:00,99348.1,100372.3,99175.2,99835.6,464.81734307
2025-01-16 18:00:00,99829.3,100065.9,99250.0,99579.2,317.35935847
2025-01-16 19:00:00,99579.3,100443.9,99401.5,100415.1,293.32464506
2025-01-16 20:00:00,100415.2,100642.0,100262.4,100358.4,440.48013494
2025-01-16 21:00:00,100349.9,100386.0,99701.3,100155.3,231.87102337
2025-01-16 22:00:00,100155.3,100155.3,99351.4,99836.0,117.49772571
2025-01-16 23:00:00,99836.1,100113.3,99735.2,99990.8,151.01267469
2025-01-17 00:00:00,99990.9,100442.9,99950.1,100133.0,175.95479154
2025-01-17 01:00:00,100133.0,101857.3,100038.5,101658.4,1094.09706516
2025-01-17 02:00:00,101659.7,102164.0,100782.3,101103.2,697.50911189
2025-01-17 03:00:00,101103.2,101264.2,100936.0,101047.1,247.95078926
2025-01-17 04:00:00,101047.1,101495.9,100950.4,101477.7,206.90140049
2025-01-17 05:00:00,101477.8,101769.9,101285.5,101345.7,218.4238603
2025-01-17 06:00:00,101341.6,101598.0,101306.3,101409.4,93.02942475
2025-01-17 07:00:00,101409.4,101893.7,101391.3,101430.2,472.98108093
2025-01-17 08:00:00,101430.2,102212.9,101430.2,102129.8,505.55958452
2025-01-17 09:00:00,102129.8,102299.9,101740.0,101856.6,308.28966593
2025-01-17 10:00:00,101855.1,102597.7,101800.0,102334.7,755.74423307
2025-01-17 11:00:00,102334.7,102455.8,102089.2,102229.8,157.30354954
2025-01-17 12:00:00,102229.8,102970.0,102193.6,102749.9,376.36943608
2025-01-17 13:00:00,102750.0,102974.0,102425.2,102478.5,526.15064694
2025-01-17 14:00:00,102478.5,103382.2,102273.0,103382.2,797.31896544
2025-01-17 15:00:00,103382.2,104248.3,103286.4,104013.6,1067.45936374
2025-01-17 16:00:00,104013.6,105000.0,103835.0,104979.9,794.59256887
2025-01-17 17:00:00,104983.8,105300.0,104001.5,104143.8,901.13326065
2025-01-17 18:00:00,104143.9,104964.7,104046.7,104848.2,691.38432946
2025-01-17 19:00:00,104848.2,105845.7,104687.6,105838.0,907.04739512
2025-01-17 20:00:00,105840.0,105847.4,104540.4,104683.0,1090.57567071
2025-01-17 21:00:00,104682.9,105039.9,104470.8,104610.1,261.72969351
2025-01-17 22:00:00,104610.1,104700.0,104210.7,104426.1,209.10627603
2025-01-17 23:00:00,104426.0,104535.1,104080.0,104084.4,136.27347751
2025-01-18 00:00:00,104084.5,104666.0,104077.2,104663.9,137.91618949
2025-01-18 01:00:00,104664.0,104664.0,104104.1,104262.3,203.47455035
2025-01-18 02:00:00,104262.4,104501.9,104246.0,104324.0,103.55794081
2025-01-18 03:00:00,104324.1,104473.4,103046.1,103589.2,603.01575484
2025-01-18 04:00:00,103589.2,103715.2,102670.4,103599.9,474.05558864
2025-01-18 05:00:00,103600.0,103783.1,102800.0,102831.1,334.11791147
2025-01-18 06:00:00,102831.2,103664.5,102822.0,103444.6,606.27370099
2025-01-18 07:00:00,103444.7,103502.0,102600.1,102827.7,401.76729067
2025-01-18 08:00:00,102827.5,103333.3,102288.0,103276.7,430.59384042
2025-01-18 09:00:00,103276.7,103461.5,103050.3,103162.2,169.78893422
2025-01-18 10:00:00,103162.2,103292.1,102844.3,103180.1,271.80884911
2025-01-18 11:00:00,103178.9,103896.7,102935.4,103592.1,288.48503673
2025-01-18 12:00:00,103592.1,104034.0,103378.0,103447.9,218.23969843
2025-01-18 13:00:00,103446.1,104400.0,103128.3,104365.5,255.25297327
2025-01-18 14:00:00,104365.6,104566.0,103720.2,103991.1,363.34675881
2025-01-18 15:00:00,103991.1,104984.0,103750.1,104561.4,320.04726541
2025-01-18 16:00:00,104561.4,104719.5,103148.1,103247.2,499.36133994
2025-01-18 17:00:00,103247.1,104213.4,103247.1,103817.9,217.86176778
2025-01-18 18:00:00,103817.9,104399.6,103778.1,104088.2,204.25315407
2025-01-18 19:00:00,104088.3,104486.4,104081.7,104384.9,112.63650633
2025-01-18 20:00:00,104384.9,104496.0,103752.2,104026.1,423.94159841
2025-01-18 21:00:00,104026.2,104279.7,103886.5,103893.2,188.71781868
2025-01-18 22:00:00,103893.1,104319.8,103866.6,104293.5,82.20527877
2025-01-18 23:00:00,104293.5,104750.0,104293.5,104551.6,226.20812388
2025-01-19 00:00:00,104551.6,104551.6,104111.0,104111.1,139.87788751
2025-01-19 01:00:00,104111.1,104680.0,104010.3,104487.3,174.5770424
2025-01-19 02:00:00,104487.4,105458.0,104479.1,104870.0,375.71054564
2025-01-19 03:00:00,104870.1,105178.0,104550.0,104977.9,265.53865648
2025-01-19 04:00:00,104977.9,105257.6,104666.0,105033.0,328.85330398
2025-01-19 05:00:00,105033.1,105131.1,104260.0,105117.2,323.24223749
2025-01-19 06:00:00,105117.2,105633.9,105020.0,105567.9,437.82437348
2025-01-19 07:00:00,105570.1,105599.8,104957.1,105164.9,403.70347735
2025-01-19 08:00:00,105164.9,105175.4,104326.6,104426.2,501.85540619
2025-01-19 09:00:00,104426.1,105462.0,103426.7,105297.3,827.30359984
2025-01-19 10:00:00,105299.9,105311.8,104400.0,104829.2,442.78692614
2025-01-19 11:00:00,104829.3,105364.1,104203.4,104365.0,463.75615889
2025-01-19 12:00:00,104365.1,105061.3,104308.1,104949.8,487.36241347
2025-01-19 13:00:00,104950.7,105332.0,104873.6,104977.3,426.72717122
2025-01-19 14:00:00,104977.3,105730.7,104784.4,105156.3,679.1673912
2025-01-19 15:00:00,105160.5,105240.6,104513.7,104933.5,387.19165803
2025-01-19 16:00:00,104933.5,105223.5,104705.9,104956.8,261.51775098
2025-01-19 17:00:00,104956.8,105158.0,104523.5,105114.7,232.68432567
2025-01-19 18:00:00,105114.7,105250.0,104908.0,105032.0,126.24698877
2025-01-19 19:00:00,105032.0,106235.6,104970.0,106217.0,368.97075443
2025-01-19 20:00:00,106216.9,106448.6,105492.9,106293.1,379.68187021
2025-01-19 21:00:00,106293.1,106390.0,103679.3,103679.5,1092.811296
2025-01-19 22:00:00,103679.4,104500.0,101077.8,103406.1,1574.21232872
2025-01-19 23:00:00,103406.0,103413.3,99639.4,101334.0,3169.86122535
2025-01-20 00:00:00,101334.0,101666.6,99526.4,99787.3,1670.56493635
2025-01-20 01:00:00,99787.4,100992.7,99600.0,100686.1,973.28968533
2025-01-20 02:00:00,100691.6,102343.5,100603.8,101940.3,749.1171994
2025-01-20 03:00:00,101944.6,102227.1,101419.8,101919.6,521.14797073
2025-01-20 04:00:00,101903.0,102832.8,101550.0,102233.6,516.4807168
2025-01-20 05:00:00,102233.6,102832.0,102135.6,102354.9,609.1072711
2025-01-20 06:00:00,102355.0,109800.0,102233.1,107516.2,4103.05978073
2025-01-20 07:00:00,107517.8,109490.6,106958.3,107148.3,2727.55802183
2025-01-20 08:00:00,107156.4,108429.6,107109.3,108343.8,676.21984044
2025-01-20 09:00:00,108343.8,109222.2,107568.1,108158.1,1197.86092306
2025-01-20 10:00:00,108158.2,108772.3,107791.9,107982.2,624.32341809
2025-01-20 11:00:00,107991.8,108566.4,107818.0,108245.1,532.89494623
2025-01-20 12:00:00,108245.2,108716.1,105511.3,106919.1,1443.42598356
2025-01-20 13:00:00,106919.2,108132.1,106653.3,107963.9,858.49100769
2025-01-20 14:00:00,107964.0,108153.7,107288.6,107886.6,470.17021013
2025-01-20 15:00:00,107885.0,108001.0,104486.1,104940.7,1294.93482585
2025-01-20 16:00:00,104950.3,107040.7,103721.1,106682.9,1458.28966575
2025-01-20 17:00:00,106673.0,106806.6,100555.1,102951.9,5571.69425195
2025-01-20 18:00:00,102955.9,104500.0,102727.3,103920.2,871.79128276
2025-01-20 19:00:00,103911.6,103959.9,102727.3,103681.2,513.6021501
2025-01-20 20:00:00,103681.7,104350.4,103347.8,103646.3,383.16863343
2025-01-20 21:00:00,103638.6,104072.6,102567.0,102603.7,342.63415722
2025-01-20 22:00:00,102595.0,103824.4,101818.8,103604.5,478.90890966
2025-01-20 23:00:00,103606.5,103693.5,101723.7,102264.3,627.06693325
2025-01-21 00:00:00,102263.9,102673.0,101030.3,101180.2,852.43954257
2025-01-21 01:00:00,101180.2,102228.1,100111.0,101492.0,1136.68506478
2025-01-21 02:00:00,101495.9,102750.4,101058.3,102540.0,609.67253302
2025-01-21 03:00:00,102539.4,103250.0,102298.4,102922.6,447.63363626
2025-01-21 04:00:00,102922.6,102967.8,101898.8,102334.6,805.43699482
2025-01-21 05:00:00,102334.5,102516.0,101298.3,101364.3,433.44110812
2025-01-21 06:00:00,101374.4,102176.6,101107.2,102167.9,582.80242809
2025-01-21 07:00:00,102167.9,102480.6,101805.7,101994.8,1039.6718952
2025-01-21 08:00:00,101994.8,102490.0,101733.2,102457.9,306.56550756
2025-01-21 09:00:00,102454.8,102913.8,102069.9,102704.8,340.41895735
2025-01-21 10:00:00,102704.8,103373.3,102563.4,103163.9,507.53776486
2025-01-21 11:00:00,103164.0,103969.5,103071.9,103750.1,581.96933509
2025-01-21 12:00:00,103750.1,104730.7,103605.0,104511.1,558.30928716
2025-01-21 13:00:00,104512.1,104972.1,104141.6,104447.9,385.17044499
2025-01-21 14:00:00,104448.0,105312.5,103024.0,103269.9,912.20380719
2025-01-21 15:00:00,103263.6,104110.7,102800.0,103954.2,751.94559658
2025-01-21 16:00:00,103954.2,106553.1,103816.1,104980.6,2215.80019102
2025-01-21 17:00:00,104980.5,106429.0,104889.4,106181.9,762.09107114
2025-01-21 18:00:00,106181.9,107285.8,105874.8,106866.1,829.38264935
2025-01-21 19:00:00,106866.1,107150.0,106267.3,107022.0,546.62430916
2025-01-21 20:00:00,107022.1,107200.0,105912.6,106137.2,1082.43266018
2025-01-21 21:00:00,106133.3,106822.5,105753.2,106776.6,435.22012246
2025-01-21 22:00:00,106775.4,106784.0,105971.1,106004.3,320.82509719
2025-01-21 23:00:00,106004.4,106303.1,105425.3,106150.1,418.31108288
2025-01-22 00:00:00,106150.1,106360.0,105800.0,105956.0,317.73697291
2025-01-22 01:00:00,105963.9,106416.3,105446.6,105807.0,291.85998694
2025-01-22 02:00:00,105806.9,106200.0,105532.0,105592.5,282.33565366
2025-01-22 03:00:00,105593.7,105923.6,105593.2,105607.0,209.03147756
2025-01-22 04:00:00,105607.0,105825.7,105290.5,105585.7,179.35836968
2025-01-22 05:00:00,105585.8,105861.3,105492.1,105701.8,422.95511318
2025-01-22 06:00:00,105701.9,105956.2,105180.2,105385.3,267.9806855
2025-01-22 07:00:00,105385.2,105680.8,105037.8,105071.3,330.46641964
2025-01-22 08:00:00,105071.3,105361.7,104700.0,105266.6,306.6929114
2025-01-22 09:00:00,105266.5,105272.3,104907.9,104987.8,160.6976186
2025-01-22 10:00:00,104987.8,105160.0,104628.6,105128.1,222.56220283
2025-01-22 11:00:00,105127.6,105466.2,104750.1,105103.4,307.43186604
2025-01-22 12:00:00,105107.0,105610.9,105058.8,105275.3,382.5302947
2025-01-22 13:00:00,105275.2,105357.8,103811.5,104065.2,360.22040751
2025-01-22 14:00:00,104074.0,104948.6,103638.5,104386.6,739.91541124
2025-01-22 15:00:00,104388.8,105155.5,103973.7,104188.0,456.50684073
2025-01-22 16:00:00,104189.0,104237.9,103308.3,103700.0,636.44227899
2025-01-22 17:00:00,103700.1,104600.0,103660.1,104333.3,577.65719089
2025-01-22 18:00:00,104328.2,104682.0,103745.8,103894.1,303.67391022
2025-01-22 19:00:00,103893.9,104759.2,103849.0,104631.6,208.11080067
2025-01-22 20:00:00,104631.7,104822.9,104074.4,104315.7,536.22230702
2025-01-22 21:00:00,104321.6,104372.3,103625.8,104080.8,190.06048666
2025-01-22 22:00:00,104081.1,104513.4,103780.0,103878.0,94.16883356
2025-01-22 23:00:00,103877.9,104145.4,103657.8,103704.1,180.16957743
2025-01-23 00:00:00,103704.2,103821.9,103053.6,103300.1,219.10522623
2025-01-23 01:00:00,103300.1,103662.0,102585.0,102943.2,416.05730662
2025-01-23 02:00:00,102943.2,103000.0,102109.5,102646.1,503.60015024
2025-01-23 03:00:00,102646.1,102988.2,102171.8,102455.6,213.74168053
2025-01-23 04:00:00,102455.6,102494.0,101500.0,102057.8,584.24868179
2025-01-23 05:00:00,102057.7,102637.4,101984.1,102530.5,237.72740482
2025-01-23 06:00:00,102530.4,102968.0,102132.8,102262.2,224.96743172
2025-01-23 07:00:00,102261.4,102792.5,102058.0,102709.5,262.50623861
2025-01-23 08:00:00,102709.4,102711.6,102032.9,102218.2,216.93379066
2025-01-23 09:00:00,102218.2,102465.4,101642.9,101660.0,258.00775354
2025-01-23 10:00:00,101660.0,102072.0,101233.0,101685.5,354.60533371
2025-01-23 11:00:00,101685.6,102190.5,101685.5,101943.6,201.93377765
2025-01-23 12:00:00,101943.6,102128.0,101411.9,101638.8,237.86873686
2025-01-23 13:00:00,101638.7,102705.8,101322.3,102508.0,366.58037846
2025-01-23 14:00:00,102507.9,106062.1,101982.1,105212.1,1721.23169949
2025-01-23 15:00:00,105212.1,105783.8,102662.9,105272.7,3058.02363224
2025-01-23 16:00:00,105272.9,106863.1,105023.2,105139.0,1658.89643138
2025-01-23 17:00:00,105133.3,106252.0,104205.2,105930.0,748.05177012
2025-01-23 18:00:00,105932.1,106156.1,105106.0,105431.2,432.49636762
2025-01-23 19:00:00,105431.3,105517.8,103359.4,103766.6,820.06436519
2025-01-23 20:00:00,103766.6,106415.3,102581.0,103287.7,4287.97365167
2025-01-23 21:00:00,103279.3,103405.5,102213.2,103073.0,810.42302863
2025-01-23 22:00:00,103076.5,104738.1,102967.7,103985.3,642.15801619
2025-01-23 23:00:00,103977.8,104569.5,103782.2,103914.8,285.17982342
2025-01-24 00:00:00,103914.8,104171.9,103427.8,103459.5,264.33555718
2025-01-24 01:00:00,103459.6,103912.3,103076.0,103244.6,252.09517163
2025-01-24 02:00:00,103244.7,103549.9,102966.4,103022.7,380.57244345
2025-01-24 03:00:00,103022.7,104311.0,102750.0,103897.1,372.85056861
2025-01-24 04:00:00,103897.1,104932.4,103802.2,104630.4,330.56013301
2025-01-24 05:00:00,104630.0,105277.5,104544.8,105229.0,331.43666485
2025-01-24 06:00:00,105229.0,105360.0,104624.0,104999.9,312.72487147
2025-01-24 07:00:00,105000.0,105191.9,104656.6,105041.3,403.70505266
2025-01-24 08:00:00,105041.3,105666.5,104916.7,105502.7,327.19175633
2025-01-24 09:00:00,105502.6,105763.3,105057.0,105158.1,279.19730953
2025-01-24 10:00:00,105156.2,105444.9,105050.0,105417.0,202.16253861
2025-01-24 11:00:00,105419.1,105565.4,105215.4,105422.3,147.60262529
2025-01-24 12:00:00,105424.6,105593.8,105185.1,105540.8,235.06041147
2025-01-24 13:00:00,105540.9,105799.0,104973.4,105114.2,227.00162545
2025-01-24 14:00:00,105114.2,106333.3,104658.7,105752.7,539.93452488
2025-01-24 15:00:00,105752.8,105997.0,105255.5,105862.2,308.13990977
2025-01-24 16:00:00,105862.1,106194.6,105583.1,105646.0,408.23006187
2025-01-24 17:00:00,105645.9,106700.0,105620.0,106468.5,388.86402903
2025-01-24 18:00:00,106468.5,107146.3,106061.8,106326.1,468.19155217
2025-01-24 19:00:00,106326.0,106621.8,105686.7,105766.4,331.54545336
2025-01-24 20:00:00,105766.3,105774.4,104728.1,104859.9,422.02046089
2025-01-24 21:00:00,104860.0,105383.0,104860.0,105117.3,217.13505841
2025-01-24 22:00:00,105117.3,105499.7,104718.0,104773.1,183.53410198
2025-01-24 23:00:00,104780.0,104932.0,104416.1,104866.1,265.86047279
2025-01-25 00:00:00,104866.2,104866.2,104352.9,104410.4,224.55271787
2025-01-25 01:00:00,104410.4,104823.4,104379.1,104736.9,100.97831788
2025-01-25 02:00:00,104736.9,104844.4,104473.4,104557.4,109.97807511
2025-01-25 03:00:00,104557.5,105290.5,104460.0,105216.1,188.11388239
2025-01-25 04:00:00,105216.1,105216.7,104600.0,104654.1,143.60419539
2025-01-25 05:00:00,104654.1,104699.9,104250.0,104369.4,184.90320363
2025-01-25 06:00:00,104369.4,104479.9,104218.1,104320.0,114.8693455
2025-01-25 07:00:00,104320.0,104530.4,104293.5,104399.9,101.86354662
2025-01-25 08:00:00,104399.8,104500.0,104120.1,104346.6,91.29752488
2025-01-25 09:00:00,104346.6,104454.6,104280.0,104361.8,53.93160021
2025-01-25 10:00:00,104361.8,104659.0,104106.1,104537.3,128.86596708
2025-01-25 11:00:00,104537.3,104721.3,104387.3,104672.2,74.70566117
2025-01-25 12:00:00,104672.1,104800.0,104450.0,104755.5,88.68544488
2025-01-25 13:00:00,104755.6,104873.9,104616.0,104714.1,107.31208465
2025-01-25 14:00:00,104714.2,104725.3,104451.4,104588.8,120.12768023
2025-01-25 15:00:00,104588.7,105132.8,104588.7,104897.2,143.72965894
2025-01-25 16:00:00,104897.3,104988.7,104578.0,104655.0,124.08792389
2025-01-25 17:00:00,104655.0,104930.2,104433.2,104891.6,197.91800338
2025-01-25 18:00:00,104891.6,105300.0,104819.9,104974.8,222.27448997
2025-01-25 19:00:00,104974.8,105182.6,104900.0,105042.7,85.7371481
2025-01-25 20:00:00,105042.8,105193.2,104939.9,104956.9,76.34222246
2025-01-25 21:00:00,104957.0,105113.2,104855.3,105092.2,78.08712698
2025-01-25 22:00:00,105092.3,105253.2,105000.0,105071.8,83.79289905
2025-01-25 23:00:00,105071.8,105125.7,104685.0,104740.3,97.69594292
2025-01-26 00:00:00,104740.3,104843.3,104517.7,104593.9,83.33400212
2025-01-26 01:00:00,104593.8,104774.9,104510.1,104617.8,63.80678353
2025-01-26 02:00:00,104617.8,104723.9,104520.0,104692.6,119.67588587
2025-01-26 03:00:00,104692.7,105243.6,104692.7,105059.9,125.21746562
2025-01-26 04:00:00,105060.0,105526.6,104972.1,105174.2,131.01673186
2025-01-26 05:00:00,105174.2,105205.8,105002.8,105094.1,46.5662419
2025-01-26 06:00:00,105094.2,105112.3,104958.0,104992.0,47.35220186
2025-01-26 07:00:00,104992.0,105116.3,104917.9,104993.7,93.22048688
2025-01-26 08:00:00,104993.6,105227.1,104860.0,105027.7,65.68086348
2025-01-26 09:00:00,105027.6,105029.8,104429.1,104621.4,220.71182744
2025-01-26 10:00:00,104621.5,104719.9,104486.0,104717.5,120.49218266
2025-01-26 11:00:00,104717.5,104862.0,104646.6,104820.0,65.76824363
2025-01-26 12:00:00,104820.1,104908.7,104700.3,104908.7,46.8600216
2025-01-26 13:00:00,104908.7,105057.1,104833.5,104953.9,98.37926893
2025-01-26 14:00:00,104953.9,105000.0,104791.5,104942.6,43.27650406
2025-01-26 15:00:00,104942.7,105109.7,104878.6,104972.6,78.38278559
2025-01-26 16:00:00,104972.5,105040.9,104900.0,104933.1,78.5514693
2025-01-26 17:00:00,104933.1,105061.9,104918.9,104946.4,26.94354353
2025-01-26 18:00:00,104946.4,105270.4,104901.4,105170.6,88.0382643
2025-01-26 19:00:00,105170.7,105241.3,105030.8,105081.6,46.1137572
2025-01-26 20:00:00,105081.7,105204.0,104926.8,104961.2,44.3062439
2025-01-26 21:00:00,104961.3,105003.8,104547.2,104561.5,89.54985899
2025-01-26 22:00:00,104560.1,104715.2,104306.0,104331.4,134.89358282
2025-01-26 23:00:00,104331.1,104331.1,102500.0,102604.5,1148.55051754
2025-01-27 00:00:00,102600.7,103272.2,101591.8,101728.2,706.17996683
2025-01-27 01:00:00,101731.2,102077.2,101156.1,101300.0,800.4594758
2025-01-27 02:00:00,101300.0,101700.0,100835.3,100996.1,795.94825575
2025-01-27 03:00:00,100996.0,101854.0,100696.6,101388.9,480.87105481
2025-01-27 04:00:00,101389.0,101397.8,100238.2,100400.0,950.88064446
2025-01-27 05:00:00,100399.9,100731.2,99718.0,100366.6,1033.06893256
2025-01-27 06:00:00,100366.6,100487.2,98705.5,98949.9,1135.61907048
2025-01-27 07:00:00,98949.9,99399.9,97751.6,99036.4,1497.45350038
2025-01-27 08:00:00,99036.1,99363.8,98684.0,99037.5,580.59505041
2025-01-27 09:00:00,99037.5,99531.9,98800.0,99421.5,480.26971915
2025-01-27 10:00:00,99421.5,99457.0,98273.6,98391.6,419.90487291
2025-01-27 11:00:00,98379.2,99359.2,98315.0,98753.0,405.0045679
2025-01-27 12:00:00,98753.0,100878.6,98708.1,100614.5,1015.9161374
2025-01-27 13:00:00,100614.5,101650.0,100000.8,100491.4,1042.67223795
2025-01-27 14:00:00,100491.3,102349.0,100101.8,101904.1,1123.98808358
2025-01-27 15:00:00,101904.1,102128.1,100826.6,101101.3,835.15620208
2025-01-27 16:00:00,101101.3,101246.9,99553.7,99740.2,901.74952673
2025-01-27 17:00:00,99740.2,100049.5,99045.1,99157.3,672.99638611
2025-01-27 18:00:00,99153.7,99750.4,98859.0,99190.5,413.29021376
2025-01-27 19:00:00,99190.6,99953.8,99181.3,99699.9,289.89336632
2025-01-27 20:00:00,99699.8,101759.1,99609.2,101384.0,612.35044274
2025-01-27 21:00:00,101382.0,102438.9,100943.1,101342.5,618.59711592
2025-01-27 22:00:00,101342.6,101964.4,101274.4,101631.5,170.4387773
2025-01-27 23:00:00,101632.6,102170.2,101632.6,102076.1,306.93366299
2025-01-28 00:00:00,102076.1,102903.3,101751.0,101861.6,427.55269929
2025-01-28 01:00:00,101861.6,102008.2,101358.8,101371.8,334.07876552
2025-01-28 02:00:00,101371.7,102437.9,101333.4,102400.1,277.07222655
2025-01-28 03:00:00,102400.1,102899.0,102033.3,102627.5,342.41432181
2025-01-28 04:00:00,102627.6,103373.6,102600.9,102912.9,425.84533624
2025-01-28 05:00:00,102913.5,103340.0,102809.8,103010.1,177.18259009
2025-01-28 06:00:00,103010.0,103206.2,102619.1,102746.7,179.43931455
2025-01-28 07:00:00,102746.8,103333.2,102525.8,102794.9,395.50363614
2025-01-28 08:00:00,102795.0,103041.2,102605.3,102859.2,213.25175863
2025-01-28 09:00:00,102859.2,102972.0,102381.2,102966.9,298.90037781
2025-01-28 10:00:00,102966.8,103200.5,102600.0,102748.9,390.79261176
2025-01-28 11:00:00,102752.4,102947.2,102560.1,102761.6,105.81457885
2025-01-28 12:00:00,102761.6,102995.8,102466.9,102602.2,165.49660162
2025-01-28 13:00:00,102602.3,102950.0,102481.7,102601.2,134.96088691
2025-01-28 14:00:00,102601.2,102900.0,101812.3,102633.5,725.11850709
2025-01-28 15:00:00,102633.6,103848.0,102504.0,102776.8,943.1659149
2025-01-28 16:00:00,102776.7,102914.7,101921.2,102252.6,669.73119452
2025-01-28 17:00:00,102252.7,103108.2,102222.1,102570.7,526.35016016
2025-01-28 18:00:00,102570.6,103114.5,102153.1,102200.6,375.69743171
2025-01-28 19:00:00,102200.7,102677.7,101818.1,102428.4,289.16661963
2025-01-28 20:00:00,102427.9,102535.8,101199.9,101255.7,400.70979316
2025-01-28 21:00:00,101254.3,101550.3,100274.5,100332.7,422.68087774
2025-01-28 22:00:00,100327.5,101399.7,100274.4,101263.8,256.71991301
2025-01-28 23:00:00,101263.8,101447.1,100750.0,101349.3,190.26765386
2025-01-29 00:00:00,101345.2,101818.0,101331.0,101707.5,192.13356116
2025-01-29 01:00:00,101707.5,101998.0,101456.0,101841.9,130.38920853
2025-01-29 02:00:00,101842.0,102318.5,101690.1,101789.3,159.98490684
2025-01-29 03:00:00,101789.3,102160.3,101763.6,102043.2,96.04461076
2025-01-29 04:00:00,102043.3,102186.3,101961.9,102005.0,100.73518908
2025-01-29 05:00:00,102000.2,102379.8,101980.3,102263.7,141.20000144
2025-01-29 06:00:00,102265.4,102857.9,102235.1,102799.9,240.69898696
2025-01-29 07:00:00,102800.0,102829.2,102460.7,102749.9,145.96334764
2025-01-29 08:00:00,102749.9,103008.0,102677.0,102744.1,313.15078223
2025-01-29 09:00:00,102744.2,102777.8,102308.0,102334.4,218.97998018
2025-01-29 10:00:00,102334.4,102727.9,102194.7,102544.8,109.77038766
2025-01-29 11:00:00,102547.9,102806.0,102416.1,102629.9,67.97892361
2025-01-29 12:00:00,102629.9,102815.0,102220.0,102235.1,156.16530142
2025-01-29 13:00:00,102237.3,102336.6,101681.4,101832.0,343.66388386
2025-01-29 14:00:00,101830.8,102382.5,101580.7,102026.8,368.22955991
2025-01-29 15:00:00,102028.9,102534.5,101789.7,101975.5,244.84350305
2025-01-29 16:00:00,101975.5,102147.4,101676.3,102092.4,170.4169267
2025-01-29 17:00:00,102092.5,102810.8,102002.4,102413.1,331.29695088
2025-01-29 18:00:00,102413.1,103020.2,102000.0,102850.0,511.96554326
2025-01-29 19:00:00,102853.3,104049.8,101416.9,103593.6,1691.90241295
2025-01-29 20:00:00,103595.9,104795.1,102855.4,104207.9,760.36988465
2025-01-29 21:00:00,104198.5,104388.0,103711.8,103744.3,600.25919023
2025-01-29 22:00:00,103742.2,104022.4,103400.0,103487.8,147.3767452
2025-01-29 23:00:00,103487.9,104360.0,103458.3,103733.3,249.84223204
2025-01-30 00:00:00,103735.3,104135.3,103282.8,104031.5,265.74541009
2025-01-30 01:00:00,104031.5,104551.8,103928.5,104264.8,248.89996701
2025-01-30 02:00:00,104264.8,104675.8,103989.1,104675.8,241.92806648
2025-01-30 03:00:00,104675.8,105314.2,104510.1,105200.6,476.31307506
2025-01-30 04:00:00,105200.0,105617.2,104817.1,105492.1,365.44853342
2025-01-30 05:00:00,105492.2,105530.9,105040.7,105395.7,271.87690692
2025-01-30 06:00:00,105395.7,105586.8,105161.3,105190.2,222.16086336
2025-01-30 07:00:00,105190.2,105357.9,104825.0,105142.7,256.83736392
2025-01-30 08:00:00,105142.7,105348.0,104932.0,105061.0,241.21553381
2025-01-30 09:00:00,105061.1,105553.4,105018.1,105418.1,201.54126874
2025-01-30 10:00:00,105418.1,105431.8,105100.0,105350.8,173.29820473
2025-01-30 11:00:00,105350.9,105419.6,105049.9,105302.3,340.68460769
2025-01-30 12:00:00,105302.2,105324.6,104859.3,105021.9,191.72586886
2025-01-30 13:00:00,105021.9,105355.0,104844.8,104884.4,297.45120989
2025-01-30 14:00:00,104884.3,106222.0,104660.1,105925.8,1174.61040696
2025-01-30 15:00:00,105925.8,106450.3,105383.2,105564.0,853.46319612
2025-01-30 16:00:00,105564.0,106000.0,105451.4,105694.2,298.14497854
2025-01-30 17:00:00,105694.2,105700.2,104900.1,105292.7,424.74392971
2025-01-30 18:00:00,105292.7,105577.8,104750.0,105573.6,357.97919276
2025-01-30 19:00:00,105573.6,105776.1,105230.2,105706.1,176.36728714
2025-01-30 20:00:00,105709.3,105817.9,104820.5,104892.3,416.70973391
2025-01-30 21:00:00,104892.0,105214.8,104793.1,105045.9,206.74172189
2025-01-30 22:00:00,105046.0,105349.9,104965.1,105098.3,53.92852766
2025-01-30 23:00:00,105098.4,105261.6,104684.7,104727.2,90.26217185
2025-01-31 00:00:00,104727.2,105037.5,104401.4,104891.9,228.68030105
2025-01-31 01:00:00,104892.0,104900.0,104416.6,104728.4,156.64797715
2025-01-31 02:00:00,104728.4,104863.9,104245.7,104326.2,250.85593022
2025-01-31 03:00:00,104326.2,104386.2,103900.0,104322.1,310.17991895
2025-01-31 04:00:00,104324.3,104551.2,103963.8,104009.0,134.2417422
2025-01-31 05:00:00,104011.1,104483.4,104004.8,104318.0,99.23983076
2025-01-31 06:00:00,104318.1,104742.1,104293.7,104513.4,111.23417347
2025-01-31 07:00:00,104513.5,104807.0,104015.8,104194.6,610.34532904
2025-01-31 08:00:00,104194.5,104337.1,104007.4,104017.6,257.60406306
2025-01-31 09:00:00,104017.7,104320.3,103907.5,104252.0,148.47739103
2025-01-31 10:00:00,104252.0,104456.5,104076.9,104287.3,72.6634627
2025-01-31 11:00:00,104287.3,104850.0,104285.1,104729.2,286.94342323
2025-01-31 12:00:00,104729.3,104921.9,104551.3,104709.7,190.73906179
2025-01-31 13:00:00,104709.8,105024.1,104555.1,104663.6,176.27377396
2025-01-31 14:00:00,104663.7,104862.5,104106.1,104458.3,453.9996429
2025-01-31 15:00:00,104459.9,106000.0,104448.1,105438.0,1375.83782541
2025-01-31 16:00:00,105437.9,105574.6,104700.1,105076.0,376.49697952
2025-01-31 17:00:00,105075.9,105084.0,104536.9,104581.2,146.49649654
2025-01-31 18:00:00,104581.2,104820.0,102590.0,102624.3,998.7398206
2025-01-31 19:00:00,102623.5,103016.0,102112.2,102294.3,921.02361791
2025-01-31 20:00:00,102293.9,102300.0,101576.4,101660.0,1144.75325712
2025-01-31 21:00:00,101660.0,102152.0,101542.4,102143.7,333.94049115
2025-01-31 22:00:00,102143.7,102490.7,101950.0,102269.8,507.92839962
2025-01-31 23:00:00,102269.7,102448.8,101956.3,102439.9,129.35598904
2025-02-01 00:00:00,102440.0,102585.4,102206.1,102494.8,214.01713894
2025-02-01 01:00:00,102494.8,102772.7,102464.9,102567.4,121.77430186
2025-02-01 02:00:00,102567.4,102788.0,102371.8,102457.3,122.55011709
2025-02-01 03:00:00,102457.4,102516.7,102188.9,102240.9,200.29346288
2025-02-01 04:00:00,102240.9,102498.3,102102.0,102319.2,322.21979814
2025-02-01 05:00:00,102319.2,102593.0,102239.9,102494.7,69.0997282
2025-02-01 06:00:00,102494.7,102572.0,102180.0,102404.9,69.33800753
2025-02-01 07:00:00,102405.0,102492.2,102165.0,102172.4,118.74885165
2025-02-01 08:00:00,102173.1,102282.9,101828.0,102006.6,576.06839829
2025-02-01 09:00:00,102006.4,102006.8,101389.6,101675.3,324.89199791
2025-02-01 10:00:00,101676.0,101970.4,101624.7,101642.6,129.35647316
2025-02-01 11:00:00,101643.7,102100.0,101643.6,102030.0,180.85209288
2025-02-01 12:00:00,102030.1,102329.3,102006.7,102279.6,94.83200323
2025-02-01 13:00:00,102279.6,102287.2,101820.0,101868.5,105.27026326
2025-02-01 14:00:00,101868.5,102172.8,101810.1,101825.1,81.21455742
2025-02-01 15:00:00,101825.1,102185.9,101726.5,102074.3,121.52774327
2025-02-01 16:00:00,102074.2,102222.0,101860.0,101894.7,63.05952492
2025-02-01 17:00:00,101894.7,102289.0,101894.7,102260.2,121.93503008
2025-02-01 18:00:00,102260.3,102275.8,101969.8,101993.3,43.72031596
2025-02-01 19:00:00,101993.2,102024.8,101448.2,101673.6,113.73283778
2025-02-01 20:00:00,101673.5,101673.6,100959.3,101337.4,314.81459651
2025-02-01 21:00:00,101337.4,101578.4,100995.0,101194.7,101.28025779
2025-02-01 22:00:00,101192.0,101424.9,100475.4,100650.3,626.82886405
2025-02-01 23:00:00,100650.3,100866.3,100270.0,100633.2,259.79120423
2025-02-02 00:00:00,100633.1,101294.7,100492.7,101244.0,298.82142359
2025-02-02 01:00:00,101244.3,101461.7,101160.0,101237.1,82.98575076
2025-02-02 02:00:00,101239.8,101264.8,100416.6,100449.6,180.69397196
2025-02-02 03:00:00,100450.0,100755.0,99155.8,99197.3,1066.60650403
2025-02-02 04:00:00,99197.3,99875.5,99026.5,99550.1,337.60104305
2025-02-02 05:00:00,99550.1,100342.8,99500.0,100254.8,228.97586842
2025-02-02 06:00:00,100254.9,100500.0,100096.0,100267.9,150.25720328
2025-02-02 07:00:00,100270.0,100272.1,99600.0,99640.0,213.19077394
2025-02-02 08:00:00,99640.0,100114.6,99321.0,99829.2,220.98096547
2025-02-02 09:00:00,99829.1,99865.7,99333.8,99683.7,153.58185623
2025-02-02 10:00:00,99683.6,99693.1,99223.5,99417.8,180.80015865
2025-02-02 11:00:00,99417.8,99599.9,98619.7,98873.5,443.6516113
2025-02-02 12:00:00,98873.4,99160.0,98170.0,98191.4,379.66407431
2025-02-02 13:00:00,98191.3,98835.4,98170.2,98801.0,259.50417103
2025-02-02 14:00:00,98801.0,99437.5,98706.9,99201.0,331.7730126
2025-02-02 15:00:00,99201.0,99400.0,98705.0,99348.2,190.00760143
2025-02-02 16:00:00,99348.2,99369.8,98067.7,98269.3,313.14895315
2025-02-02 17:00:00,98269.4,98584.4,97013.2,97237.5,1191.33354591
2025-02-02 18:00:00,97244.2,97939.5,96825.0,97094.2,598.81782288
2025-02-02 19:00:00,97095.8,98745.0,96840.0,98258.1,533.16764908
2025-02-02 20:00:00,98262.8,98620.9,97650.1,97795.4,261.68564026
2025-02-02 21:00:00,97795.4,97972.0,96560.1,97030.8,499.37238518
2025-02-02 22:00:00,97030.9,98029.9,96137.6,97996.4,672.23869514
2025-02-02 23:00:00,97996.4,98003.9,96548.6,97698.9,706.39484915
2025-02-03 00:00:00,97698.9,97779.2,95432.0,96506.0,1780.09472508
2025-02-03 01:00:00,96510.0,96928.4,91900.1,93477.6,4959.73671552
2025-02-03 02:00:00,93449.9,94986.0,91182.6,93551.3,6143.04975986
2025-02-03 03:00:00,93551.3,94686.4,93425.0,94045.1,1803.41635977
2025-02-03 04:00:00,94045.2,94496.4,92645.4,92776.9,898.99467899
2025-02-03 05:00:00,92776.9,94261.0,92752.2,94200.0,645.58809201
2025-02-03 06:00:00,94200.0,94610.5,93640.2,93901.8,527.58198423
2025-02-03 07:00:00,93901.8,95413.8,93827.8,95314.0,659.85153236
2025-02-03 08:00:00,95316.7,95608.0,94850.1,95330.1,473.62254729
2025-02-03 09:00:00,95330.1,95938.6,95228.9,95274.0,512.34380333
2025-02-03 10:00:00,95274.0,95720.9,94756.0,95708.4,440.02363702
2025-02-03 11:00:00,95710.6,95716.0,94958.4,95113.0,284.60019099
2025-02-03 12:00:00,95113.1,95612.2,94752.9,94759.9,582.20090027
2025-02-03 13:00:00,94760.0,95392.6,94365.8,94659.7,423.54065167
2025-02-03 14:00:00,94659.7,96732.5,94104.5,96590.2,1449.48895934
2025-02-03 15:00:00,96586.8,99490.0,96180.6,98831.9,2288.80112946
2025-02-03 16:00:00,98832.0,99045.2,98108.3,98532.5,787.99617855
2025-02-03 17:00:00,98532.6,99310.0,98011.0,99190.8,582.70431032
2025-02-03 18:00:00,99187.9,99941.6,98940.1,99813.2,534.41490652
2025-02-03 19:00:00,99812.1,101888.0,99583.3,101887.9,1266.46747724
2025-02-03 20:00:00,101887.9,101956.9,101014.3,101074.3,928.23320537
2025-02-03 21:00:00,101080.0,101983.0,100927.8,101800.0,563.39339726
2025-02-03 22:00:00,101803.0,102500.0,101481.2,101691.9,821.14126767
2025-02-03 23:00:00,101691.9,101830.7,101258.3,101337.5,231.14445149
2025-02-04 00:00:00,101337.6,101666.0,101033.0,101062.1,290.15414411
2025-02-04 01:00:00,101063.9,101743.9,100751.6,101385.5,333.97431237
2025-02-04 02:00:00,101385.7,101440.0,100819.4,100852.2,234.3818442
2025-02-04 03:00:00,100852.3,101032.8,100549.9,100629.3,331.4370897
2025-02-04 04:00:00,100629.3,100779.3,100023.6,100066.0,501.11043704
2025-02-04 05:00:00,100066.0,100115.9,98253.1,98890.0,1289.603263
2025-02-04 06:00:00,98891.0,99650.0,98838.3,99377.0,545.96356777
2025-02-04 07:00:00,99377.0,99488.1,98325.0,98450.0,627.65294721
2025-02-04 08:00:00,98450.1,98738.1,97843.9,98293.1,559.37461229
2025-02-04 09:00:00,98296.0,98820.9,98269.9,98345.1,306.40656636
2025-02-04 10:00:00,98345.1,98977.4,98339.9,98789.0,184.66332823
2025-02-04 11:00:00,98787.9,99430.7,98754.4,98974.5,233.96671646
2025-02-04 12:00:00,98974.6,99800.0,98974.6,99361.5,328.40063461
2025-02-04 13:00:00,99369.3,99550.0,98956.5,99016.0,189.00563094
2025-02-04 14:00:00,99016.1,100416.5,98564.1,99986.8,692.44316687
2025-02-04 15:00:00,99986.8,100236.5,98272.8,99355.3,850.65254827
2025-02-04 16:00:00,99357.6,99949.9,99042.7,99050.1,313.72546525
2025-02-04 17:00:00,99050.1,99628.0,98829.9,99172.6,239.90194006
2025-02-04 18:00:00,99172.7,99578.3,98779.6,99411.6,161.06393326
2025-02-04 19:00:00,99411.7,100780.9,98790.0,98864.0,1009.30959638
2025-02-04 20:00:00,98866.0,99453.5,97964.2,98648.8,1240.69491763
2025-02-04 21:00:00,98648.9,98664.8,96420.2,96505.9,1109.72780601
2025-02-04 22:00:00,96505.9,97949.8,96136.2,97690.0,481.4741447
2025-02-04 23:00:00,97689.9,98238.3,97475.9,97767.9,250.89258646
2025-02-05 00:00:00,97768.0,98398.8,97714.2,98274.2,228.47522997
2025-02-05 01:00:00,98274.2,98941.3,97684.1,97834.0,421.77858405
2025-02-05 02:00:00,97834.1,98215.6,97142.1,97997.1,648.70795704
2025-02-05 03:00:00,97997.1,98323.9,97772.6,98052.1,286.91369089
2025-02-05 04:00:00,98052.2,98350.0,97905.3,98048.3,227.3153162
2025-02-05 05:00:00,98048.4,98338.7,97688.1,98145.2,230.97272211
2025-02-05 06:00:00,98145.3,98229.1,97555.8,97660.9,471.12809142
2025-02-05 07:00:00,97661.0,97990.1,97358.1,97875.9,252.2588903
2025-02-05 08:00:00,97873.9,98045.9,97570.4,97630.6,109.53867799
2025-02-05 09:00:00,97630.5,97957.9,97275.0,97420.0,254.56793167
2025-02-05 10:00:00,97419.9,98035.7,97372.1,97738.1,157.13920175
2025-02-05 11:00:00,97738.0,98239.5,97701.6,98208.8,362.016745
2025-02-05 12:00:00,98208.9,98722.6,98003.0,98055.5,369.30764973
2025-02-05 13:00:00,98055.6,98689.9,97955.2,98574.0,253.4717914
2025-02-05 14:00:00,98573.9,99166.6,98125.0,98300.1,389.80020705
2025-02-05 15:00:00,98300.2,98566.0,97762.2,98114.6,359.53191542
2025-02-05 16:00:00,98114.6,98300.0,97320.1,97980.1,324.06119269
2025-02-05 17:00:00,97988.7,98262.0,97353.6,97554.9,259.1892018
2025-02-05 18:00:00,97555.0,97709.1,96517.3,96725.7,475.2007993
2025-02-05 19:00:00,96723.6,97520.5,96500.0,97377.2,321.8384124
2025-02-05 20:00:00,97377.3,97725.0,96860.5,97313.9,335.62593933
2025-02-05 21:00:00,97317.1,97542.9,96760.3,96920.3,140.3055914
2025-02-05 22:00:00,96920.3,97055.1,96277.6,96472.0,264.99582658
2025-02-05 23:00:00,96471.9,96861.1,96156.0,96616.1,268.53668174
2025-02-06 00:00:00,96615.7,96989.9,96439.9,96825.9,199.40201939
2025-02-06 01:00:00,96826.5,97225.0,96625.9,97160.0,147.75329006
2025-02-06 02:00:00,97160.0,97460.0,97106.7,97369.1,129.29634993
2025-02-06 03:00:00,97369.2,97499.8,97055.9,97348.0,290.26073995
2025-02-06 04:00:00,97348.1,97862.3,97270.1,97622.4,161.83955446
2025-02-06 05:00:00,97622.4,97884.7,97592.9,97829.4,99.76592782
2025-02-06 06:00:00,97829.5,98440.0,97708.0,98381.9,252.35268297
2025-02-06 07:00:00,98381.9,98381.9,98022.0,98205.0,186.49421465
2025-02-06 08:00:00,98205.0,98328.7,97915.5,98134.8,171.56645883
2025-02-06 09:00:00,98137.9,98738.6,98108.1,98619.6,435.00541962
2025-02-06 10:00:00,98619.7,99065.4,98619.7,99027.0,399.37333995
2025-02-06 11:00:00,99027.0,99132.2,98410.4,98873.9,333.58144119
2025-02-06 12:00:00,98874.0,99044.7,98281.0,98354.0,301.11881595
2025-02-06 13:00:00,98352.8,98791.8,98170.7,98609.8,218.06587626
2025-02-06 14:00:00,98609.9,98921.6,97777.5,97843.3,521.57905579
2025-02-06 15:00:00,97836.2,98055.4,96934.0,97338.6,639.91419042
2025-02-06 16:00:00,97338.7,97546.5,96401.3,96592.8,506.23221714
2025-02-06 17:00:00,96592.9,97201.6,96386.0,96711.9,297.74731761
2025-02-06 18:00:00,96711.8,96839.9,95888.0,96319.5,619.63599538
2025-02-06 19:00:00,96319.5,96923.1,95680.0,95984.7,344.33083543
2025-02-06 20:00:00,95984.7,97083.3,95798.6,96928.5,210.71333404
2025-02-06 21:00:00,96925.9,96944.8,96105.0,96808.9,177.02477945
2025-02-06 22:00:00,96810.3,96961.2,96173.9,96959.9,141.08832441
2025-02-06 23:00:00,96959.9,96961.3,96201.2,96554.7,144.45250298
2025-02-07 00:00:00,96554.8,96931.4,96409.1,96511.5,198.47773054
2025-02-07 01:00:00,96510.3,97835.0,96509.9,97400.1,207.87428544
2025-02-07 02:00:00,97400.1,97629.0,97076.4,97578.0,221.81453752
2025-02-07 03:00:00,97578.1,97765.6,97248.3,97465.7,129.65317243
2025-02-07 04:00:00,97464.1,97893.3,97388.0,97426.3,152.9711283
2025-02-07 05:00:00,97426.4,97542.9,97138.5,97356.0,149.64798528
2025-02-07 06:00:00,97356.0,97370.0,96587.1,96749.9,308.89834288
2025-02-07 07:00:00,96750.0,97222.2,96652.3,96754.5,437.13855525
2025-02-07 08:00:00,96754.6,97263.5,96611.7,97032.0,197.36780276
2025-02-07 09:00:00,97032.0,97398.6,97032.0,97290.5,150.59258154
2025-02-07 10:00:00,97290.6,97487.3,97246.5,97262.0,224.84177917
2025-02-07 11:00:00,97262.1,97759.2,97262.1,97749.0,175.89097548
2025-02-07 12:00:00,97748.9,98041.2,97510.0,97974.7,334.46853988
2025-02-07 13:00:00,97976.6,98850.0,97165.0,98825.8,1141.70723429
2025-02-07 14:00:00,98825.8,100149.8,98681.0,99729.8,1388.35374962
2025-02-07 15:00:00,99729.8,99729.8,97610.7,98302.1,1727.27008492
2025-02-07 16:00:00,98305.1,98595.7,97672.9,97830.0,671.56067806
2025-02-07 17:00:00,97830.1,98172.9,97100.4,97436.0,488.72837378
2025-02-07 18:00:00,97436.1,98368.4,97297.4,97755.4,286.66543077
2025-02-07 19:00:00,97755.4,97838.4,96871.4,96900.4,301.48595383
2025-02-07 20:00:00,96900.0,96939.6,95601.0,95754.3,1016.5845163
2025-02-07 21:00:00,95754.3,96151.6,95685.3,96009.6,309.33431617
2025-02-07 22:00:00,96009.6,96109.9,95629.2,96063.2,243.87381237
2025-02-07 23:00:00,96063.2,96525.9,95866.2,96504.1,214.00669638
2025-02-08 00:00:00,96504.0,96849.9,96333.4,96654.1,205.90826649
2025-02-08 01:00:00,96654.1,96774.8,96373.2,96513.4,179.67309107
2025-02-08 02:00:00,96514.0,96822.8,96400.0,96750.0,123.22174671
2025-02-08 03:00:00,96750.0,96888.7,96530.0,96698.1,230.79378109
2025-02-08 04:00:00,96698.1,96698.1,96211.9,96308.6,154.05443231
2025-02-08 05:00:00,96308.7,96368.2,96066.7,96214.0,106.5620115
2025-02-08 06:00:00,96214.0,96231.6,95900.0,95999.9,119.14470818
2025-02-08 07:00:00,96000.0,96310.6,95781.1,96207.1,150.61246591
2025-02-08 08:00:00,96207.1,96298.0,95883.0,95901.1,78.45967644
2025-02-08 09:00:00,95901.2,96203.0,95894.9,96175.1,73.9640475
2025-02-08 10:00:00,96175.1,96296.0,96013.2,96040.0,66.39990035
2025-02-08 11:00:00,96039.9,96129.3,95864.6,96127.3,72.99916544
2025-02-08 12:00:00,96127.3,96263.8,95908.0,96062.8,77.97511638
2025-02-08 13:00:00,96062.9,96510.5,95995.9,96242.8,232.52982401
2025-02-08 14:00:00,96242.8,96388.1,95955.8,96101.8,112.02521274
2025-02-08 15:00:00,96101.8,96224.0,95683.0,95855.6,122.29125304
2025-02-08 16:00:00,95855.6,96140.0,95750.0,96135.0,93.7091943
2025-02-08 17:00:00,96135.0,96382.8,96128.1,96372.6,110.12160055
2025-02-08 18:00:00,96370.3,96526.8,96231.0,96501.9,98.7933045
2025-02-08 19:00:00,96502.0,96750.0,96384.0,96585.5,89.07470216
2025-02-08 20:00:00,96585.5,96633.2,96362.1,96462.0,40.80206892
2025-02-08 21:00:00,96462.0,96607.1,96358.0,96540.0,37.30853401
2025-02-08 22:00:00,96540.6,96700.0,96389.9,96484.4,38.68669304
2025-02-08 23:00:00,96484.3,96690.0,96434.8,96458.1,62.4449037
2025-02-09 00:00:00,96458.1,96600.0,96355.2,96574.6,84.17992732
2025-02-09 01:00:00,96574.7,96991.0,96486.1,96976.0,184.41254504
2025-02-09 02:00:00,96972.8,97045.3,96690.9,96734.1,119.08904546
2025-02-09 03:00:00,96734.0,97319.7,96690.0,97318.6,355.27330725
2025-02-09 04:00:00,97318.6,97329.0,96965.4,97228.8,120.92087836
2025-02-09 05:00:00,97228.9,97232.9,97001.3,97031.9,62.91659225
2025-02-09 06:00:00,97032.0,97079.9,96778.0,97003.0,132.39128519
2025-02-09 07:00:00,97003.1,97124.0,96931.8,97065.8,67.80085509
2025-02-09 08:00:00,97065.8,97298.6,97056.0,97073.9,101.73330146
2025-02-09 09:00:00,97074.0,97087.6,96862.0,96930.0,88.08540179
2025-02-09 10:00:00,96930.1,96930.1,96663.4,96772.2,185.61702381
2025-02-09 11:00:00,96772.2,97065.3,96553.0,96558.0,126.78053842
2025-02-09 12:00:00,96558.0,96712.2,96353.6,96545.9,108.0069026
2025-02-09 13:00:00,96546.0,96551.4,95830.1,95884.0,283.77682889
2025-02-09 14:00:00,95884.0,96320.0,95688.0,96130.0,195.27223551
2025-02-09 15:00:00,96129.6,96670.4,96118.3,96488.7,150.77652445
2025-02-09 16:00:00,96488.8,96556.6,96322.7,96456.9,65.71208528
2025-02-09 17:00:00,96457.0,96584.2,95930.1,96175.0,107.5857506
2025-02-09 18:00:00,96175.1,96280.6,95981.8,96220.2,43.64518244
2025-02-09 19:00:00,96220.3,96280.0,95900.0,96071.6,77.95267173
2025-02-09 20:00:00,96071.5,96777.0,96050.1,96322.3,137.60770742
2025-02-09 21:00:00,96322.4,96348.6,94705.8,95181.9,653.94320897
2025-02-09 22:00:00,95181.9,96450.0,94781.4,95828.0,321.41603644
2025-02-09 23:00:00,95828.0,96584.0,95726.2,96475.9,231.69262743
2025-02-10 00:00:00,96475.9,97135.7,96465.4,96730.8,277.6455702
2025-02-10 01:00:00,96730.9,96845.6,95254.0,95576.0,512.37596961
2025-02-10 02:00:00,95578.0,96075.0,95418.0,95804.0,265.04572892
2025-02-10 03:00:00,95804.1,97095.0,95771.7,96805.8,423.58227785
2025-02-10 04:00:00,96805.9,97183.8,96620.0,96934.0,259.27554105
2025-02-10 05:00:00,96934.1,97662.3,96761.5,97022.2,420.96141177
2025-02-10 06:00:00,97022.7,97219.9,96801.0,97156.7,306.22626831
2025-02-10 07:00:00,97156.7,97483.3,97113.0,97436.5,181.24631982
2025-02-10 08:00:00,97436.4,97914.6,97359.4,97690.3,404.10498114
2025-02-10 09:00:00,97690.4,97874.8,97470.0,97677.0,241.21237942
2025-02-10 10:00:00,97677.1,97968.0,97608.1,97741.8,336.93194308
2025-02-10 11:00:00,97741.8,97910.5,97618.4,97659.9,169.64253353
2025-02-10 12:00:00,97660.0,97800.0,97182.7,97364.8,258.3776409
2025-02-10 13:00:00,97364.8,98358.3,97360.0,98230.1,387.93322364
2025-02-10 14:00:00,98230.1,98328.8,97092.6,97283.6,733.75610026
2025-02-10 15:00:00,97283.7,97571.5,96852.2,97224.0,470.44517538
2025-02-10 16:00:00,97226.0,97417.1,96857.7,97298.4,296.96789632
2025-02-10 17:00:00,97298.5,97523.4,96887.0,97500.0,148.39360745
2025-02-10 18:00:00,97499.9,97572.6,97183.8,97572.6,137.60982844
2025-02-10 19:00:00,97572.7,97655.9,97263.6,97386.1,241.10762363
2025-02-10 20:00:00,97386.0,97496.3,97224.5,97337.1,169.88825997
2025-02-10 21:00:00,97343.1,97391.8,97129.1,97387.4,70.84764093
2025-02-10 22:00:00,97387.4,97499.9,97279.6,97389.4,62.36389798
2025-02-10 23:00:00,97389.5,97456.4,97232.3,97431.7,59.58774742
2025-02-11 00:00:00,97431.7,98146.6,97401.4,97784.9,284.51020425
2025-02-11 01:00:00,97784.9,98100.0,97778.4,98000.0,261.76056753
2025-02-11 02:00:00,98000.1,98119.9,97474.0,97779.9,205.20575944
2025-02-11 03:00:00,97780.0,97780.0,97484.3,97621.6,109.46689393
2025-02-11 04:00:00,97621.6,98200.0,97535.0,98065.2,190.8311607
2025-02-11 05:00:00,98065.2,98489.7,98013.4,98420.8,282.79324679
2025-02-11 06:00:00,98420.9,98488.0,98133.3,98433.7,137.79114666
2025-02-11 07:00:00,98433.8,98478.0,98260.0,98274.0,153.22613822
2025-02-11 08:00:00,98273.9,98344.0,98099.9,98223.9,307.27720076
2025-02-11 09:00:00,98224.0,98312.6,97907.9,98005.8,198.91793073
2025-02-11 10:00:00,98005.8,98142.0,97880.7,97973.1,95.99870672
2025-02-11 11:00:00,97973.1,98240.0,97895.9,98145.9,100.58332625
2025-02-11 12:00:00,98145.9,98161.9,97666.7,97768.0,210.72895765
2025-02-11 13:00:00,97768.0,97847.3,96686.3,96794.9,347.81035631
2025-02-11 14:00:00,96794.2,97324.0,96565.6,96965.0,474.71791855
2025-02-11 15:00:00,96965.1,97265.9,96630.0,97020.2,224.47459708
2025-02-11 16:00:00,97024.3,97049.6,96300.6,96360.3,369.62238284
2025-02-11 17:00:00,96361.9,96382.1,95936.0,96160.0,310.36558505
2025-02-11 18:00:00,96160.0,96162.0,95400.0,95452.9,426.58876342
2025-02-11 19:00:00,95459.9,95659.2,94859.5,95034.7,552.36456383
2025-02-11 20:00:00,95032.2,95449.8,94904.1,95292.5,318.09437189
2025-02-11 21:00:00,95292.5,96462.6,95265.7,96381.5,293.78027117
2025-02-11 22:00:00,96381.4,96508.6,95350.8,95580.2,191.96264866
2025-02-11 23:00:00,95580.2,95972.5,95488.0,95779.9,126.49535988
2025-02-12 00:00:00,95779.9,96131.1,95683.3,96056.1,80.51574439
2025-02-12 01:00:00,96058.9,96272.4,95821.2,96213.5,85.25030966
2025-02-12 02:00:00,96213.6,96227.1,95385.3,95577.6,149.90643058
2025-02-12 03:00:00,95577.7,95800.5,95100.1,95308.0,311.81624812
2025-02-12 04:00:00,95308.0,95615.0,95268.0,95550.7,167.96317971
2025-02-12 05:00:00,95553.7,95944.1,95501.1,95881.3,246.0675748
2025-02-12 06:00:00,95881.3,95949.9,95678.1,95812.0,147.31697554
2025-02-12 07:00:00,95811.0,96168.5,95787.3,96069.1,249.47598124
2025-02-12 08:00:00,96066.1,96466.1,96044.2,96354.4,276.72751741
2025-02-12 09:00:00,96354.4,96380.0,96042.3,96137.1,104.48250574
2025-02-12 10:00:00,96137.1,96197.9,95908.1,95982.0,69.83785704
2025-02-12 11:00:00,95982.0,96388.1,95981.9,96099.8,83.17416339
2025-02-12 12:00:00,96099.9,96353.6,95939.5,95984.1,140.20054215
2025-02-12 13:00:00,95983.8,96637.4,94021.3,94973.2,2031.26417347
2025-02-12 14:00:00,94968.1,95694.6,94500.0,95638.0,699.40516131
2025-02-12 15:00:00,95635.9,95993.6,94736.8,95805.1,512.91616243
2025-02-12 16:00:00,95805.1,97100.0,95120.2,96991.9,426.55957226
2025-02-12 17:00:00,96992.0,97707.7,96744.0,97353.3,751.08121254
2025-02-12 18:00:00,97353.4,97451.9,96620.0,96905.4,192.74400531
2025-02-12 19:00:00,96905.4,97280.3,96333.3,97200.3,192.28997538
2025-02-12 20:00:00,97200.4,97643.0,96928.5,97030.9,195.00644104
2025-02-12 21:00:00,97033.3,97912.0,96849.9,97644.1,328.83980686
2025-02-12 22:00:00,97644.2,98136.1,97410.3,97806.0,438.92068797
2025-02-12 23:00:00,97805.9,98020.6,97587.8,97870.1,347.17231551
2025-02-13 00:00:00,97870.1,97872.9,97529.0,97821.7,101.49864739
2025-02-13 01:00:00,97821.8,98091.4,97748.4,97987.3,241.05648911
2025-02-13 02:00:00,97984.2,97984.2,97373.0,97482.4,180.09915699
2025-02-13 03:00:00,97483.3,97639.5,97450.2,97503.9,124.15686658
2025-02-13 04:00:00,97504.0,97562.5,96776.8,96949.0,253.57926002
2025-02-13 05:00:00,96949.0,96949.0,96522.2,96669.9,242.03014178
2025-02-13 06:00:00,96670.8,96764.5,95800.0,96052.7,467.3092222
2025-02-13 07:00:00,96052.7,96236.0,95900.0,96075.0,235.75364132
2025-02-13 08:00:00,96075.1,96172.2,95705.2,95936.5,396.44352557
2025-02-13 09:00:00,95936.5,96296.0,95774.2,96263.0,267.26675078
2025-02-13 10:00:00,96263.0,96336.0,96104.1,96167.1,128.88879359
2025-02-13 11:00:00,96167.2,96290.0,95555.0,95930.0,290.70008009
2025-02-13 12:00:00,95930.0,96069.1,95714.3,95824.3,146.1086584
2025-02-13 13:00:00,95824.1,96333.0,95659.5,96075.9,438.52649257
2025-02-13 14:00:00,96074.0,96105.9,95330.3,95865.2,392.54175775
2025-02-13 15:00:00,95866.6,96480.0,95554.0,95999.9,458.6137761
2025-02-13 16:00:00,95996.0,96009.5,95209.4,95363.0,251.90205147
2025-02-13 17:00:00,95360.3,96030.5,95306.7,95708.5,170.06897023
2025-02-13 18:00:00,95708.5,95996.8,95336.9,95975.6,268.38071428
2025-02-13 19:00:00,95985.2,96383.9,95564.5,95628.6,317.58492448
2025-02-13 20:00:00,95628.7,96305.6,95606.8,96276.1,217.9613485
2025-02-13 21:00:00,96278.4,96800.1,96264.8,96491.9,381.17509492
2025-02-13 22:00:00,96490.1,96613.4,96280.0,96419.9,79.68753061
2025-02-13 23:00:00,96420.0,96642.8,96320.7,96617.0,90.92673104
2025-02-14 00:00:00,96617.0,96989.7,96537.8,96758.3,141.88875403
2025-02-14 01:00:00,96758.3,96900.0,96377.5,96540.1,156.95321352
2025-02-14 02:00:00,96538.8,96842.2,96450.6,96541.1,141.48398726
2025-02-14 03:00:00,96541.1,97209.9,96539.7,97147.3,147.48648459
2025-02-14 04:00:00,97147.3,97250.0,96756.0,96758.5,122.55276843
2025-02-14 05:00:00,96758.5,96919.5,96569.4,96684.3,138.43027567
2025-02-14 06:00:00,96684.4,96869.3,96619.0,96840.0,135.37638338
2025-02-14 07:00:00,96840.0,97076.7,96818.0,96940.9,191.32718842
2025-02-14 08:00:00,96941.0,97037.5,96800.0,96877.3,168.8305675
2025-02-14 09:00:00,96877.2,97164.3,96840.7,97112.5,132.36820413
2025-02-14 10:00:00,97112.6,97200.0,96960.8,97014.4,117.92849236
2025-02-14 11:00:00,97014.3,97138.0,96800.0,96888.2,103.85795922
2025-02-14 12:00:00,96888.2,96888.2,96511.9,96652.0,111.31611928
2025-02-14 13:00:00,96652.0,97000.0,96457.3,96800.0,191.02968925
2025-02-14 14:00:00,96800.1,97583.1,96575.7,97298.9,526.34367388
2025-02-14 15:00:00,97299.0,97415.0,96274.5,96936.1,601.67618001
2025-02-14 16:00:00,96938.0,97747.9,96494.4,97669.2,336.6991456
2025-02-14 17:00:00,97669.2,98843.9,97144.6,98545.9,1253.91754439
2025-02-14 18:00:00,98538.1,98765.9,98173.0,98205.4,536.24799766
2025-02-14 19:00:00,98205.5,98447.6,97663.6,97946.0,298.28484159
2025-02-14 20:00:00,97946.1,98277.5,97011.3,97199.9,274.31456063
2025-02-14 21:00:00,97198.0,97496.3,96700.0,97456.7,285.32619946
2025-02-14 22:00:00,97456.7,97533.0,96931.5,97124.1,110.12285825
2025-02-14 23:00:00,97124.1,97518.3,96993.4,97504.0,55.24155927
2025-02-15 00:00:00,97504.1,97520.9,97222.0,97463.9,156.64276068
2025-02-15 01:00:00,97463.9,97844.9,97436.1,97803.3,132.39382686
2025-02-15 02:00:00,97803.3,97936.1,97640.0,97820.0,431.12808072
2025-02-15 03:00:00,97820.0,97987.2,97640.0,97664.3,116.38845367
2025-02-15 04:00:00,97664.3,97796.0,97468.9,97532.0,202.07909296
2025-02-15 05:00:00,97531.9,97642.0,97468.0,97605.5,45.35062972
2025-02-15 06:00:00,97605.5,97676.9,97429.8,97488.2,65.4235841
2025-02-15 07:00:00,97488.3,97527.5,97349.4,97350.0,67.0681951
2025-02-15 08:00:00,97350.0,97546.5,97304.2,97513.9,67.53556818
2025-02-15 09:00:00,97514.0,97601.2,97433.3,97564.9,28.87235464
2025-02-15 10:00:00,97564.9,97735.9,97432.5,97665.2,51.82831644
2025-02-15 11:00:00,97665.2,97678.4,97486.7,97622.0,119.99165582
2025-02-15 12:00:00,97623.0,97842.0,97546.3,97754.1,113.48383094
2025-02-15 13:00:00,97755.9,97946.3,97671.5,97710.0,109.86264626
2025-02-15 14:00:00,97710.1,97770.6,97422.2,97608.3,103.51038443
2025-02-15 15:00:00,97608.4,97727.2,97559.9,97639.0,71.2894085
2025-02-15 16:00:00,97639.1,97720.0,97449.0,97537.4,63.90377446
2025-02-15 17:00:00,97537.4,97583.5,97318.4,97416.1,51.95273408
2025-02-15 18:00:00,97416.1,97584.3,97375.7,97542.5,36.73058479
2025-02-15 19:00:00,97542.5,97664.1,97520.2,97536.1,32.8604879
2025-02-15 20:00:00,97539.0,97650.2,97420.2,97547.2,59.96537274
2025-02-15 21:00:00,97547.2,97698.5,97537.2,97689.9,53.62951274
2025-02-15 22:00:00,97690.0,97754.0,97441.8,97554.1,67.85918253
2025-02-15 23:00:00,97554.2,97647.5,97435.8,97587.3,106.555412
2025-02-16 00:00:00,97587.4,97722.2,97567.9,97600.9,70.12732447
2025-02-16 01:00:00,97600.9,97681.9,97550.0,97651.2,87.4714869
2025-02-16 02:00:00,97651.2,97670.3,97479.5,97539.6,163.32074482
2025-02-16 03:00:00,97539.5,97558.1,97418.0,97554.0,163.1952208
2025-02-16 04:00:00,97554.0,97600.0,97482.1,97546.7,222.77487319
2025-02-16 05:00:00,97546.8,97699.9,97490.0,97606.3,105.73730363
2025-02-16 06:00:00,97606.2,97630.8,97456.6,97495.4,67.93890561
2025-02-16 07:00:00,97495.5,97495.5,97215.5,97258.2,167.14547068
2025-02-16 08:00:00,97260.3,97349.0,97136.2,97188.6,144.53102907
2025-02-16 09:00:00,97188.6,97388.4,97066.9,97374.5,169.04013922
2025-02-16 10:00:00,97374.4,97411.4,97174.4,97186.6,182.97606489
2025-02-16 11:00:00,97186.7,97356.0,97161.0,97350.2,78.30621807
2025-02-16 12:00:00,97350.1,97357.3,97096.8,97129.7,205.0802289
2025-02-16 13:00:00,97129.7,97227.2,96756.1,96844.1,258.78830411
2025-02-16 14:00:00,96843.5,97037.5,96685.7,96978.7,111.71293173
2025-02-16 15:00:00,96978.7,97096.0,96909.5,96913.6,71.30955225
2025-02-16 16:00:00,96913.7,97129.8,96882.8,97059.0,68.87654194
2025-02-16 17:00:00,97059.1,97179.7,96931.0,96984.2,51.62829309
2025-02-16 18:00:00,96984.0,96993.7,96622.3,96882.0,86.12940879
2025-02-16 19:00:00,96882.1,97120.0,96772.5,97064.8,56.47804933
2025-02-16 20:00:00,97064.8,97175.0,96869.8,96912.4,31.51629291
2025-02-16 21:00:00,96912.4,97300.0,96856.0,97183.9,84.06963387
2025-02-16 22:00:00,97185.0,97197.6,96567.5,96872.3,112.93633171
2025-02-16 23:00:00,96873.9,96893.2,96048.4,96105.6,437.43750615
2025-02-17 00:00:00,96105.6,96449.9,96010.1,96318.2,313.91063451
2025-02-17 01:00:00,96318.2,96534.7,96073.7,96500.9,148.98230358
2025-02-17 02:00:00,96500.9,96634.1,96166.6,96229.2,84.66141338
2025-02-17 03:00:00,96229.2,96289.7,96062.0,96211.7,105.1119186
2025-02-17 04:00:00,96211.8,96272.4,96003.0,96030.1,205.4961486
2025-02-17 05:00:00,96030.1,96336.9,95778.9,96240.0,456.74697671
2025-02-17 06:00:00,96240.0,96450.0,96205.7,96377.8,161.05509076
2025-02-17 07:00:00,96377.9,96458.2,95890.0,96056.3,334.1001944
2025-02-17 08:00:00,96056.3,96301.0,95928.0,96144.9,233.04547599
2025-02-17 09:00:00,96144.9,96328.0,96084.7,96163.3,101.86733993
2025-02-17 10:00:00,96163.4,96400.0,96041.7,96100.0,144.1130975
2025-02-17 11:00:00,96100.1,96298.4,95991.0,96073.4,119.59888578
2025-02-17 12:00:00,96073.5,96516.6,96071.3,96451.5,129.27699098
2025-02-17 13:00:00,96451.5,96485.2,96250.5,96410.2,63.31261467
2025-02-17 14:00:00,96410.2,97047.4,96392.2,96796.8,375.85334415
2025-02-17 15:00:00,96796.8,96892.0,95558.1,95656.1,544.27313531
2025-02-17 16:00:00,95656.1,95943.8,95300.0,95326.4,549.85511853
2025-02-17 17:00:00,95326.4,95743.6,95282.1,95472.4,269.73330391
2025-02-17 18:00:00,95470.0,95777.3,95239.3,95333.3,213.1163594
2025-02-17 19:00:00,95333.3,95600.0,95188.8,95541.2,136.76115518
2025-02-17 20:00:00,95540.1,96266.5,95499.8,95979.1,100.33436672
2025-02-17 21:00:00,95979.2,96419.2,95912.2,96412.2,139.26022392
2025-02-17 22:00:00,96406.7,96414.2,95849.8,95876.0,56.06470037
2025-02-17 23:00:00,95876.0,96013.3,95702.0,95778.3,55.28618294
2025-02-18 00:00:00,95778.3,96045.6,95548.0,95635.5,152.72498826
2025-02-18 01:00:00,95635.7,96300.0,95601.0,96261.4,79.55642757
2025-02-18 02:00:00,96261.5,96323.3,96010.0,96064.7,80.81813066
2025-02-18 03:00:00,96064.7,96295.8,95984.1,96198.0,72.36992557
2025-02-18 04:00:00,96198.0,96298.0,95956.2,96063.4,101.89294372
2025-02-18 05:00:00,96063.4,96099.7,95555.6,95604.1,157.39514168
2025-02-18 06:00:00,95604.2,95647.8,95250.0,95375.7,351.94744841
2025-02-18 07:00:00,95375.6,95716.5,95300.1,95459.8,168.4246181
2025-02-18 08:00:00,95459.9,95591.5,95072.6,95233.6,246.23607702
2025-02-18 09:00:00,95233.6,95788.0,95143.5,95782.0,141.11448074
2025-02-18 10:00:00,95781.9,95874.0,95621.5,95744.0,157.24480174
2025-02-18 11:00:00,95744.0,95780.3,95566.9,95627.5,108.29831251
2025-02-18 12:00:00,95627.6,96280.6,95591.3,96182.2,281.28946896
2025-02-18 13:00:00,96182.1,96472.0,96093.8,96216.3,534.72735127
2025-02-18 14:00:00,96216.3,96750.0,95400.8,95533.4,902.81526543
2025-02-18 15:00:00,95533.3,95728.6,95200.0,95542.0,411.50173193
2025-02-18 16:00:00,95542.0,95644.7,94610.0,94639.9,552.66499163
2025-02-18 17:00:00,94638.2,94880.3,94103.0,94103.1,535.88470589
2025-02-18 18:00:00,94103.1,94344.2,93592.4,93922.5,686.74543547
2025-02-18 19:00:00,93922.5,94413.7,93363.3,94101.8,452.77070014
2025-02-18 20:00:00,94101.9,94466.0,93742.4,94208.0,356.55559283
2025-02-18 21:00:00,94209.6,95333.0,94126.8,95066.1,557.07666275
2025-02-18 22:00:00,95071.9,95519.9,94876.5,95299.6,180.04180993
2025-02-18 23:00:00,95297.9,95670.5,95257.5,95656.6,133.61287208
2025-02-19 00:00:00,95665.1,95830.0,95281.1,95333.0,203.83296071
2025-02-19 01:00:00,95333.1,95478.1,95000.0,95478.1,164.45208488
2025-02-19 02:00:00,95478.1,95964.3,95444.7,95823.9,179.39846415
2025-02-19 03:00:00,95824.0,95840.2,95568.0,95719.8,149.95862357
2025-02-19 04:00:00,95719.7,95776.9,95233.4,95233.4,138.37107224
2025-02-19 05:00:00,95233.3,95347.2,95050.3,95285.4,153.98549898
2025-02-19 06:00:00,95285.0,95664.9,95238.7,95624.5,159.43174753
2025-02-19 07:00:00,95624.5,95848.0,95586.7,95684.8,271.67798776
2025-02-19 08:00:00,95684.9,95863.3,95625.3,95639.9,225.46053269
2025-02-19 09:00:00,95641.5,96029.8,95629.9,95938.2,187.69088574
2025-02-19 10:00:00,95938.2,96474.9,95938.2,96333.9,455.48709071
2025-02-19 11:00:00,96333.8,96451.7,96210.1,96437.2,217.56455671
2025-02-19 12:00:00,96437.3,96500.0,96163.6,96167.2,209.3709792
2025-02-19 13:00:00,96167.3,96499.0,96167.3,96297.4,178.75192419
2025-02-19 14:00:00,96297.4,96710.5,95680.9,95758.5,566.37220478
2025-02-19 15:00:00,95760.5,96400.0,95514.7,95940.2,314.37029661
2025-02-19 16:00:00,95940.1,96380.0,95923.6,96299.9,181.17441703
2025-02-19 17:00:00,96300.0,96485.8,96116.9,96388.1,162.10213475
2025-02-19 18:00:00,96388.1,96416.6,95633.0,95668.3,183.12117264
2025-02-19 19:00:00,95668.4,96225.0,95403.7,96206.3,262.09994796
2025-02-19 20:00:00,96205.3,96493.5,96098.0,96175.2,379.5110957
2025-02-19 21:00:00,96175.2,96472.7,96055.6,96314.9,74.5493499
2025-02-19 22:00:00,96314.9,96700.0,96308.1,96540.1,140.44832796
2025-02-19 23:00:00,96540.1,96899.9,96520.4,96644.3,222.40844805
2025-02-20 00:00:00,96644.4,96860.0,96415.2,96857.9,70.90704792
2025-02-20 01:00:00,96858.0,97000.0,96638.0,96769.8,145.15996346
2025-02-20 02:00:00,96769.9,97292.8,96746.2,97142.1,218.97580557
2025-02-20 03:00:00,97142.2,97388.0,96994.1,97067.2,158.33311673
2025-02-20 04:00:00,97067.1,97359.1,97063.1,97236.8,194.89896019
2025-02-20 05:00:00,97236.9,97236.9,96897.3,96916.3,179.1130687
2025-02-20 06:00:00,96916.3,96984.1,96776.2,96914.1,123.56760143
2025-02-20 07:00:00,96914.1,97092.7,96800.9,96862.7,157.79902478
2025-02-20 08:00:00,96862.8,97192.6,96800.0,97143.4,110.9433652
2025-02-20 09:00:00,97143.5,97282.0,97142.9,97187.5,124.58677512
2025-02-20 10:00:00,97187.6,97375.0,97100.2,97375.0,202.05814198
2025-02-20 11:00:00,97375.2,97388.0,97146.6,97203.4,180.04467292
2025-02-20 12:00:00,97203.3,97537.4,97203.3,97420.8,171.91291339
2025-02-20 13:00:00,97420.9,97555.0,97263.8,97546.2,176.45956816
2025-02-20 14:00:00,97546.1,98038.0,96876.4,96960.3,698.12848799
2025-02-20 15:00:00,96962.3,97310.5,96788.8,96907.3,442.59584732
2025-02-20 16:00:00,96907.4,97969.5,96874.1,97544.7,368.75636075
2025-02-20 17:00:00,97544.7,98016.0,97532.2,97963.9,301.36210606
2025-02-20 18:00:00,97963.9,98440.7,97942.5,98292.1,458.55521269
2025-02-20 19:00:00,98296.3,98525.0,98238.3,98422.9,336.50002684
2025-02-20 20:00:00,98422.9,98722.0,98308.0,98459.3,308.91574968
2025-02-20 21:00:00,98460.0,98500.0,98007.0,98088.2,132.29280229
2025-02-20 22:00:00,98088.3,98372.6,98062.5,98123.1,100.63439887
2025-02-20 23:00:00,98123.0,98516.0,98109.2,98307.9,208.58491775
2025-02-21 00:00:00,98308.0,98500.0,98081.2,98259.1,261.133086
2025-02-21 01:00:00,98246.0,98359.2,98106.9,98314.7,133.60146789
2025-02-21 02:00:00,98314.8,98380.0,98111.1,98115.4,110.32716783
2025-02-21 03:00:00,98115.4,98315.4,98091.8,98163.9,124.00762935
2025-02-21 04:00:00,98164.0,98283.6,98121.9,98214.5,104.06734013
2025-02-21 05:00:00,98214.5,98400.0,98173.8,98344.0,76.44982152
2025-02-21 06:00:00,98344.0,98431.9,98298.4,98399.3,101.58057778
2025-02-21 07:00:00,98399.2,98600.0,98164.0,98173.9,314.81762206
2025-02-21 08:00:00,98173.9,98257.9,98126.5,98211.5,188.04182632
2025-02-21 09:00:00,98211.6,98926.6,98100.1,98343.9,646.647907
2025-02-21 10:00:00,98343.9,98666.0,98235.1,98613.4,212.049745
2025-02-21 11:00:00,98613.5,98814.9,98486.1,98623.8,198.78794164
2025-02-21 12:00:00,98623.9,98966.0,98520.0,98904.0,259.1809452
2025-02-21 13:00:00,98904.0,99485.9,98797.3,99329.7,756.218377
2025-02-21 14:00:00,99329.6,99355.0,98346.9,98781.6,974.01160687
2025-02-21 15:00:00,98785.3,99338.0,97174.0,98110.0,1473.12023785
2025-02-21 16:00:00,98109.9,98760.0,97731.5,98227.9,809.7637224
2025-02-21 17:00:00,98227.9,98446.1,96818.2,96974.0,957.70990148
2025-02-21 18:00:00,96974.0,97229.7,96520.0,96528.1,1302.19643185
2025-02-21 19:00:00,96528.1,96832.7,95234.1,95272.4,846.44086825
2025-02-21 20:00:00,95272.4,95700.6,94858.5,95050.6,793.20064218
2025-02-21 21:00:00,95047.6,95486.0,95001.5,95390.6,398.98728689
2025-02-21 22:00:00,95390.7,95937.8,95232.2,95831.5,339.69993159
2025-02-21 23:00:00,95831.4,96194.0,95653.6,96172.9,342.2054955
2025-02-22 00:00:00,96172.9,96200.0,95760.4,96184.2,260.50460051
2025-02-22 01:00:00,96184.2,96447.6,96113.2,96229.8,214.40133611
2025-02-22 02:00:00,96229.9,96439.3,96091.6,96337.8,158.47714523
2025-02-22 03:00:00,96337.7,96345.1,96129.2,96282.1,173.77874837
2025-02-22 04:00:00,96282.1,96463.6,96251.6,96382.2,177.93979565
2025-02-22 05:00:00,96382.2,96525.9,96301.9,96510.9,104.53315107
2025-02-22 06:00:00,96511.0,96581.6,96298.0,96384.9,116.95459313
2025-02-22 07:00:00,96384.9,96513.4,96279.5,96287.3,246.04201989
2025-02-22 08:00:00,96287.2,96346.6,96131.2,96206.7,116.11932433
2025-02-22 09:00:00,96206.7,96600.1,96140.8,96487.1,239.72539461
2025-02-22 10:00:00,96487.2,96600.0,96418.1,96479.5,218.08253041
2025-02-22 11:00:00,96479.5,96613.8,96479.4,96569.8,142.43103218
2025-02-22 12:00:00,96568.3,96983.3,96550.4,96807.1,262.64994942
2025-02-22 13:00:00,96807.1,96900.0,96506.9,96555.3,195.20313212
2025-02-22 14:00:00,96555.4,96706.8,96523.7,96523.7,112.26789078
2025-02-22 15:00:00,96523.8,96710.0,96487.6,96581.4,252.00051499
2025-02-22 16:00:00,96581.4,96800.0,96442.8,96500.2,162.61796181
2025-02-22 17:00:00,96500.2,96676.0,96463.1,96626.1,70.3575769
2025-02-22 18:00:00,96626.1,96814.0,96404.5,96450.1,61.57169202
2025-02-22 19:00:00,96450.1,96652.0,96358.0,96643.9,55.7291746
2025-02-22 20:00:00,96644.0,96645.9,96507.6,96580.2,40.47819937
2025-02-22 21:00:00,96580.2,96673.9,96512.6,96659.8,29.22159395
2025-02-22 22:00:00,96659.8,96710.7,96597.0,96634.0,113.46890093
2025-02-22 23:00:00,96634.1,96658.0,96477.4,96552.1,54.71767269
2025-02-23 00:00:00,96552.1,96648.0,96480.2,96631.6,46.5699263
2025-02-23 01:00:00,96630.1,96630.1,96368.0,96452.2,71.71088074
2025-02-23 02:00:00,96452.2,96504.0,96384.1,96410.8,34.90315557
2025-02-23 03:00:00,96410.8,96564.2,96388.0,96418.1,64.0095809
2025-02-23 04:00:00,96418.1,96525.4,96384.5,96392.9,65.63799229
2025-02-23 05:00:00,96393.0,96410.0,96200.1,96207.1,100.06139271
2025-02-23 06:00:00,96207.1,96354.1,96126.3,96345.9,72.72155886
2025-02-23 07:00:00,96345.9,96550.0,96300.0,96509.1,120.05330793
2025-02-23 08:00:00,96509.1,96509.2,96301.0,96366.0,67.73413495
2025-02-23 09:00:00,96366.0,96469.9,96256.0,96272.5,88.27658672
2025-02-23 10:00:00,96272.6,96300.0,96080.4,96183.2,227.95536705
2025-02-23 11:00:00,96183.3,96244.2,96080.0,96113.0,86.09789358
2025-02-23 12:00:00,96113.1,96160.5,95650.0,95733.8,250.89261872
2025-02-23 13:00:00,95733.8,95976.0,95713.0,95973.2,145.25255928
2025-02-23 14:00:00,95973.3,96051.2,95524.6,95584.0,168.32178298
2025-02-23 15:00:00,95584.1,95728.8,95400.1,95451.7,182.60473444
2025-02-23 16:00:00,95451.7,95624.4,95400.0,95425.7,165.24046265
2025-02-23 17:00:00,95425.7,95759.6,95250.1,95660.0,141.94067244
2025-02-23 18:00:00,95660.1,95884.4,95622.1,95746.2,68.62898046
2025-02-23 19:00:00,95746.2,95851.5,95718.1,95763.9,45.51849128
2025-02-23 20:00:00,95763.9,95819.6,95678.0,95789.8,45.15085618
2025-02-23 21:00:00,95789.9,95798.5,95624.9,95769.6,49.04201005
2025-02-23 22:00:00,95769.6,95940.0,95540.2,95786.0,97.78494259
2025-02-23 23:00:00,95786.1,96333.3,95772.6,96264.7,324.8703571
2025-02-24 00:00:00,96264.7,96513.7,96135.5,96234.3,349.16681737
2025-02-24 01:00:00,96234.3,96339.2,95750.0,95978.5,340.33103185
2025-02-24 02:00:00,95978.6,96208.4,95744.3,95816.2,270.11813454
2025-02-24 03:00:00,95816.1,95816.1,95302.0,95428.0,259.65962649
2025-02-24 04:00:00,95428.1,95583.4,95070.7,95293.3,604.00953746
2025-02-24 05:00:00,95293.6,95765.8,95219.4,95727.0,236.43903986
2025-02-24 06:00:00,95727.0,95895.8,95602.7,95858.3,159.16952536
2025-02-24 07:00:00,95858.4,95954.9,95691.4,95868.4,201.58587244
2025-02-24 08:00:00,95868.4,95936.5,95380.3,95506.0,246.71067039
2025-02-24 09:00:00,95506.1,96179.1,95494.0,95761.3,248.28258563
2025-02-24 10:00:00,95760.0,95923.4,95357.9,95632.1,174.47649995
2025-02-24 11:00:00,95632.1,95866.6,95408.7,95823.1,188.95399363
2025-02-24 12:00:00,95823.1,95951.9,95676.5,95788.0,105.55933862
2025-02-24 13:00:00,95788.1,96094.4,95333.3,95595.7,273.5791123
2025-02-24 14:00:00,95595.7,95797.9,94567.4,94680.7,616.81721236
2025-02-24 15:00:00,94680.6,94964.3,93827.1,94338.1,1408.93027835
2025-02-24 16:00:00,94334.1,94979.5,94143.0,94416.5,420.20677036
2025-02-24 17:00:00,94416.6,95191.6,94310.0,94642.8,257.82576084
2025-02-24 18:00:00,94642.8,94854.4,94125.1,94157.9,179.63787929
2025-02-24 19:00:00,94155.9,94560.8,93650.0,93940.1,343.3413975
2025-02-24 20:00:00,93941.4,94568.2,93820.1,94007.0,659.57107002
2025-02-24 21:00:00,94006.9,94349.4,93600.0,93978.1,250.34305801
2025-02-24 22:00:00,93978.1,93993.5,92349.1,92416.4,1445.15241326
2025-02-24 23:00:00,92416.4,92854.0,91333.8,91534.5,1556.63759326
2025-02-25 00:00:00,91534.5,92180.0,90888.0,91868.7,929.72204766
2025-02-25 01:00:00,91868.7,92407.4,91166.0,92032.0,595.69873359
2025-02-25 02:00:00,92032.0,92530.0,91600.0,92384.0,315.65340971
2025-02-25 03:00:00,92384.0,92545.9,91950.0,92162.9,217.03141975
2025-02-25 04:00:00,92162.9,92327.5,91827.1,91902.0,671.80734478
2025-02-25 05:00:00,91902.0,92104.4,91695.4,92073.9,507.83519679
2025-02-25 06:00:00,92072.5,92166.6,91210.0,91280.4,458.80869773
2025-02-25 07:00:00,91280.5,91442.0,88189.0,89310.6,3898.29788002
2025-02-25 08:00:00,89318.3,89994.0,89000.1,89411.6,852.60164593
2025-02-25 09:00:00,89412.9,89607.9,88300.0,88325.7,1027.64856478
2025-02-25 10:00:00,88325.7,88906.9,86879.6,88205.8,2791.72763615
2025-02-25 11:00:00,88202.1,89379.9,87624.1,89252.3,1312.68969082
2025-02-25 12:00:00,89252.2,89533.0,88923.8,89406.7,822.90697277
2025-02-25 13:00:00,89406.8,89555.0,88765.4,88848.2,779.35849004
2025-02-25 14:00:00,88848.3,89400.0,87071.2,87168.6,1540.52172566
2025-02-25 15:00:00,87168.6,87788.2,86050.0,87241.6,2929.32172299
2025-02-25 16:00:00,87243.9,87787.5,86168.9,87464.0,1091.89056679
2025-02-25 17:00:00,87463.9,87825.2,86838.1,87272.7,607.81698299
2025-02-25 18:00:00,87272.9,87797.9,86916.6,87072.5,646.47266558
2025-02-25 19:00:00,87072.4,88062.5,86504.0,87928.4,1034.41093772
2025-02-25 20:00:00,87928.4,89026.8,87614.9,88170.3,1641.54667358
2025-02-25 21:00:00,88165.8,88833.6,87765.7,88814.1,351.12288177
2025-02-25 22:00:00,88814.1,89470.2,88504.5,88812.0,422.74339414
2025-02-25 23:00:00,88811.9,89142.4,88671.7,88680.7,377.11020661
2025-02-26 00:00:00,88680.7,88680.7,88128.1,88140.1,292.92018241
2025-02-26 01:00:00,88140.1,88841.9,88140.1,88700.1,184.16580727
2025-02-26 02:00:00,88700.1,89192.9,88428.1,89015.9,299.62856152
2025-02-26 03:00:00,89011.3,89415.5,88888.0,88895.6,563.04342137
2025-02-26 04:00:00,88895.6,89249.9,88672.9,88698.4,202.59624024
2025-02-26 05:00:00,88698.4,88887.8,88400.0,88418.0,292.17209959
2025-02-26 06:00:00,88418.1,88923.8,88414.3,88912.0,442.38756659
2025-02-26 07:00:00,88912.0,89183.7,88409.4,88718.1,329.58303282
2025-02-26 08:00:00,88718.1,88797.9,88150.0,88481.6,314.06140709
2025-02-26 09:00:00,88481.7,89287.2,88453.1,89111.7,379.76109548
2025-02-26 10:00:00,89111.7,89300.3,88870.3,89246.1,209.43992917
2025-02-26 11:00:00,89246.0,89262.0,88544.5,88611.9,324.22112072
2025-02-26 12:00:00,88612.0,88678.0,87602.1,87936.4,937.69726261
2025-02-26 13:00:00,87935.7,88089.0,87015.9,87175.7,438.53618012
2025-02-26 14:00:00,87175.7,87732.2,85425.5,87610.0,2155.99312078
2025-02-26 15:00:00,87610.1,88530.0,87412.1,87559.9,1025.77333333
2025-02-26 16:00:00,87564.7,87799.9,86274.3,86816.0,932.35797586
2025-02-26 17:00:00,86816.0,87309.9,85680.0,86051.3,536.06788548
2025-02-26 18:00:00,86051.2,86493.0,83361.0,84257.1,2570.33452978
2025-02-26 19:00:00,84257.0,85080.0,83736.5,83854.1,1154.46325041
2025-02-26 20:00:00,83854.1,84633.2,82236.0,84401.4,1872.13930995
2025-02-26 21:00:00,84398.5,85153.5,83466.6,84626.0,1133.96418461
2025-02-26 22:00:00,84622.1,85419.5,84166.7,84436.0,574.02954994
2025-02-26 23:00:00,84436.0,84781.9,83926.0,84254.0,485.80650774
2025-02-27 00:00:00,84254.0,84802.4,84034.1,84746.8,522.45347021
2025-02-27 01:00:00,84746.9,85454.9,84315.6,84768.1,481.96218591
2025-02-27 02:00:00,84768.1,85216.6,84193.0,84283.9,1002.34729268
2025-02-27 03:00:00,84282.1,85332.8,84264.9,85214.0,498.24758402
2025-02-27 04:00:00,85214.0,85370.0,84680.0,85152.1,521.93873036
2025-02-27 05:00:00,85152.1,85965.6,85050.1,85882.0,522.47804161
2025-02-27 06:00:00,85882.1,86732.8,85709.5,86264.1,514.8989326
2025-02-27 07:00:00,86264.1,86590.0,86111.1,86269.9,370.30446456
2025-02-27 08:00:00,86269.9,86433.9,85888.0,86070.7,374.7197631
2025-02-27 09:00:00,86070.8,86350.0,85849.0,86168.0,358.61194445
2025-02-27 10:00:00,86168.0,87080.7,86040.6,87016.0,536.04548906
2025-02-27 11:00:00,87016.0,87090.3,86376.1,86690.0,413.90459141
2025-02-27 12:00:00,86690.0,86780.0,86249.5,86321.8,242.37229058
2025-02-27 13:00:00,86321.9,86764.0,85756.4,86115.7,592.66263083
2025-02-27 14:00:00,86113.9,86410.9,84950.1,84977.9,1478.68557067
2025-02-27 15:00:00,84974.5,86168.0,84649.8,85499.6,945.43318147
2025-02-27 16:00:00,85500.8,85699.6,84369.0,84476.7,580.06139712
2025-02-27 17:00:00,84476.8,85057.1,84369.0,84609.0,456.48309387
2025-02-27 18:00:00,84609.1,85000.0,84517.4,84643.1,327.88097054
2025-02-27 19:00:00,84644.0,84654.0,83620.0,84124.3,777.65493356
2025-02-27 20:00:00,84124.4,84171.0,82725.7,83531.7,1130.38766449
2025-02-27 21:00:00,83527.4,84436.8,83218.5,84421.9,392.62057098
2025-02-27 22:00:00,84422.0,84765.5,83888.5,84710.1,344.25476531
2025-02-27 23:00:00,84708.3,84938.0,84418.1,84717.4,357.57227249
2025-02-28 00:00:00,84717.7,84903.1,84228.9,84268.1,245.68080979
2025-02-28 01:00:00,84268.1,84418.1,81056.2,81667.8,2270.33814877
2025-02-28 02:00:00,81673.9,82879.2,79510.0,80817.7,3231.36614146
2025-02-28 03:00:00,80818.6,81567.6,80258.1,80454.9,1563.91931006
2025-02-28 04:00:00,80455.9,80973.5,79373.6,80405.9,1598.57616676
2025-02-28 05:00:00,80405.9,80550.0,79130.8,79969.9,1595.44767108
2025-02-28 06:00:00,79970.4,80430.0,79010.0,79343.3,1082.34121862
2025-02-28 07:00:00,79343.0,80249.9,78855.1,79216.1,1998.091027
2025-02-28 08:00:00,79216.1,79445.5,78258.5,78982.0,1190.64845675
2025-02-28 09:00:00,78981.9,80740.0,78900.0,80341.1,1160.88378322
2025-02-28 10:00:00,80343.9,80472.0,79563.6,80015.8,608.31331023
2025-02-28 11:00:00,80015.9,80844.8,79989.5,80521.9,714.04934185
2025-02-28 12:00:00,80520.5,80824.1,80076.0,80775.9,577.78279194
2025-02-28 13:00:00,80774.8,81720.0,80618.2,81508.1,1140.98697717
2025-02-28 14:00:00,81508.1,82540.0,81076.3,82106.6,1903.84001801
2025-02-28 15:00:00,82105.2,84433.3,81994.1,83997.2,2592.44262659
2025-02-28 16:00:00,83997.1,84932.0,83488.3,84352.0,1824.72492153
2025-02-28 17:00:00,84354.0,84399.7,83574.5,83598.8,705.3962192
2025-02-28 18:00:00,83600.0,85121.9,83181.7,84438.7,707.88998382
2025-02-28 19:00:00,84435.2,84813.8,84206.9,84443.4,452.84744154
2025-02-28 20:00:00,84443.4,84784.5,83586.7,84189.1,475.50988385
2025-02-28 21:00:00,84182.5,84590.9,84000.0,84248.6,223.32815323
2025-02-28 22:00:00,84248.5,84480.8,83888.8,84146.1,131.600868
2025-02-28 23:00:00,84146.1,84560.5,84013.0,84339.4,252.79598299
2025-03-01 00:00:00,84346.0,84615.3,83812.9,83854.3,214.70928942
2025-03-01 01:00:00,83850.1,84872.5,83830.7,84652.2,521.49122655
2025-03-01 02:00:00,84652.3,85678.0,84342.4,85238.3,972.26221277
2025-03-01 03:00:00,85241.3,85517.9,84953.4,85331.2,324.35255002
2025-03-01 04:00:00,85331.2,86547.3,85304.0,86188.4,717.62058648
2025-03-01 05:00:00,86188.4,86250.0,85574.5,85592.1,422.89728892
2025-03-01 06:00:00,85592.2,85665.0,84817.5,85074.5,552.2747031
2025-03-01 07:00:00,85074.4,85074.5,84724.6,84736.1,483.76326586
2025-03-01 08:00:00,84736.1,85337.2,84736.1,85304.3,247.65492428
2025-03-01 09:00:00,85310.6,85500.0,85102.4,85379.9,190.63526291
2025-03-01 10:00:00,85379.9,85430.4,84783.5,84878.4,253.74281014
2025-03-01 11:00:00,84881.7,84957.0,84349.2,84621.1,547.268417
2025-03-01 12:00:00,84621.2,84938.1,84468.0,84750.0,262.89583763
2025-03-01 13:00:00,84750.1,84926.2,84318.1,84517.9,283.24329701
2025-03-01 14:00:00,84518.0,84852.2,84408.1,84704.2,242.23876751
2025-03-01 15:00:00,84704.3,84910.7,84546.0,84790.0,206.39355314
2025-03-01 16:00:00,84790.0,85283.3,84690.2,85266.0,283.27646458
2025-03-01 17:00:00,85265.9,85368.3,84950.1,85205.5,173.95935713
2025-03-01 18:00:00,85205.5,85336.1,85062.0,85318.4,102.53952567
2025-03-01 19:00:00,85318.5,85588.0,85200.1,85480.0,156.3770549
2025-03-01 20:00:00,85480.0,85588.8,85325.3,85529.6,66.55378321
2025-03-01 21:00:00,85529.9,86154.4,85278.1,86070.9,154.84632891
2025-03-01 22:00:00,86070.9,86268.0,85666.6,86114.8,195.75569891
2025-03-01 23:00:00,86114.9,86203.9,85669.9,86056.1,190.99408257
2025-03-02 00:00:00,86056.1,86314.4,85799.6,86020.0,207.79709945
2025-03-02 01:00:00,86020.0,86358.9,85961.4,86354.6,379.55997328
2025-03-02 02:00:00,86354.5,86496.0,85606.9,85778.0,431.30372345
2025-03-02 03:00:00,85781.4,86216.3,85756.1,85859.2,151.24980942
2025-03-02 04:00:00,85859.1,85878.5,85522.4,85746.6,636.93065418
2025-03-02 05:00:00,85746.7,86047.8,85666.0,85948.3,80.56372843
2025-03-02 06:00:00,85948.4,86600.0,85911.2,86268.9,265.79273716
2025-03-02 07:00:00,86268.7,86349.0,86058.4,86233.6,155.25467438
2025-03-02 08:00:00,86233.6,86257.2,85698.7,85750.8,390.47854021
2025-03-02 09:00:00,85750.1,86125.0,85657.1,85900.0,161.66921154
2025-03-02 10:00:00,85900.1,86000.0,85782.0,85996.2,83.45024031
2025-03-02 11:00:00,85996.3,86219.7,85946.1,86092.3,133.66402018
2025-03-02 12:00:00,86092.3,86104.9,85736.1,85986.6,172.74832843
2025-03-02 13:00:00,85986.5,85988.0,85472.1,85706.3,226.14167651
2025-03-02 14:00:00,85706.3,85899.9,85040.8,85105.9,429.41965074
2025-03-02 15:00:00,85107.3,88675.6,85061.5,87427.9,2072.39300531
2025-03-02 16:00:00,87428.0,91978.9,87310.8,91201.2,3268.41435775
2025-03-02 17:00:00,91206.2,95000.0,90648.6,94092.6,3356.05708131
2025-03-02 18:00:00,94094.6,94413.1,92354.0,92804.5,1604.90734748
2025-03-02 19:00:00,92805.8,93567.8,92615.6,93524.0,342.78244552
2025-03-02 20:00:00,93524.0,94444.4,93497.5,94326.0,682.33262666
2025-03-02 21:00:00,94326.0,94418.0,93676.1,94298.0,413.16333987
2025-03-02 22:00:00,94296.2,94798.2,93913.0,94242.4,414.66854262
2025-03-02 23:00:00,94241.0,94862.3,93852.0,94269.5,1150.51513733
2025-03-03 00:00:00,94269.5,94426.0,93272.3,93304.9,670.24653968
2025-03-03 01:00:00,93305.9,93400.0,92626.7,93074.5,794.88998038
2025-03-03 02:00:00,93075.2,93473.6,92444.1,93318.2,1096.2917337
2025-03-03 03:00:00,93318.1,93446.3,92450.0,92714.0,407.77522673
2025-03-03 04:00:00,92713.9,92957.4,92593.0,92867.9,443.22654342
2025-03-03 05:00:00,92866.0,93345.9,92822.5,93337.9,498.76974656
2025-03-03 06:00:00,93338.0,93338.0,91330.3,91643.7,1015.4277919
2025-03-03 07:00:00,91649.9,92566.0,91155.8,92363.9,876.14792511
2025-03-03 08:00:00,92365.9,92404.4,91100.0,91471.0,507.59833743
2025-03-03 09:00:00,91471.1,92079.3,91184.1,91844.0,410.64390222
2025-03-03 10:00:00,91842.1,92586.5,91543.5,92548.0,290.41973436
2025-03-03 11:00:00,92547.9,92909.0,92403.9,92742.1,391.82349469
2025-03-03 12:00:00,92742.1,93250.0,92643.8,93021.5,461.86252064
2025-03-03 13:00:00,93023.5,93689.1,92866.7,93572.0,467.03051281
2025-03-03 14:00:00,93571.9,93706.0,89148.2,89278.6,2356.59634062
2025-03-03 15:00:00,89278.6,91287.6,89108.0,90031.0,2178.76141721
2025-03-03 16:00:00,90031.1,90750.0,89682.2,90151.5,804.66272068
2025-03-03 17:00:00,90148.0,90999.9,89903.1,90288.6,477.83616961
2025-03-03 18:00:00,90291.9,90439.9,86752.0,87137.3,2072.41314061
2025-03-03 19:00:00,87142.4,87724.8,85501.9,85587.8,1238.18688315
2025-03-03 20:00:00,85587.9,86412.8,85178.4,86071.0,1514.76362145
2025-03-03 21:00:00,86071.1,86586.4,85111.5,85363.8,677.91854008
2025-03-03 22:00:00,85363.8,87030.7,85297.2,86647.0,369.08668943
2025-03-03 23:00:00,86646.9,86799.9,86000.0,86219.7,437.0456738
2025-03-04 00:00:00,86219.8,86800.0,85870.2,86039.4,532.26564101
2025-03-04 01:00:00,86040.1,86195.9,82600.0,83385.9,2707.61688904
2025-03-04 02:00:00,83388.3,84408.0,82480.0,83932.1,1455.92219376
2025-03-04 03:00:00,83932.1,84444.4,83604.1,83980.1,917.04254628
2025-03-04 04:00:00,83981.7,84053.4,83316.0,83418.4,346.17202491
2025-03-04 05:00:00,83418.3,84589.2,83344.0,84280.0,467.70872863
2025-03-04 06:00:00,84278.2,84415.4,83575.6,83870.1,434.59271676
2025-03-04 07:00:00,83868.2,84018.0,83138.6,83191.7,645.0572915
2025-03-04 08:00:00,83191.7,83946.3,83039.3,83898.6,479.00826699
2025-03-04 09:00:00,83898.6,84192.6,83633.3,83744.8,255.44198039
2025-03-04 10:00:00,83744.8,84062.0,83492.9,83972.7,277.53542987
2025-03-04 11:00:00,83968.1,84382.2,83701.3,83939.9,336.24459814
2025-03-04 12:00:00,83939.8,83978.0,83271.9,83768.0,384.11430701
2025-03-04 13:00:00,83766.1,83768.1,82277.0,82814.1,898.53364869
2025-03-04 14:00:00,82814.9,84970.0,82051.0,83197.1,1884.91329306
2025-03-04 15:00:00,83197.9,83375.0,81501.0,82980.2,1588.04661288
2025-03-04 16:00:00,82981.9,83791.1,82000.4,83544.0,770.08950547
2025-03-04 17:00:00,83546.2,85524.6,83401.8,85440.0,924.11550541
2025-03-04 18:00:00,85439.9,86922.9,85135.2,86737.9,882.32400774
2025-03-04 19:00:00,86750.7,88500.0,86514.5,88207.2,1318.60610118
2025-03-04 20:00:00,88207.1,88828.5,86690.2,86834.0,866.64628222
2025-03-04 21:00:00,86847.4,88948.4,86500.0,87516.6,1040.61462294
2025-03-04 22:00:00,87523.6,87977.9,87402.1,87484.7,263.23280239
2025-03-04 23:00:00,87484.7,87741.8,87097.3,87277.9,293.33164237
2025-03-05 00:00:00,87276.6,87276.6,86356.5,86796.8,448.52427997
2025-03-05 01:00:00,86796.9,87800.0,86600.0,87632.0,383.03056596
2025-03-05 02:00:00,87633.1,87892.6,87000.0,87469.3,403.57485849
2025-03-05 03:00:00,87468.2,87888.8,86765.7,86851.9,394.70168451
2025-03-05 04:00:00,86855.9,87399.8,86737.8,86917.6,333.25354258
2025-03-05 05:00:00,86919.4,87263.8,86848.2,87148.9,431.63532612
2025-03-05 06:00:00,87148.9,87578.6,87000.1,87485.4,329.55151566
2025-03-05 07:00:00,87485.3,87731.3,87350.5,87617.6,216.68020674
2025-03-05 08:00:00,87617.6,87923.2,87592.1,87759.9,163.38856143
2025-03-05 09:00:00,87760.0,88817.0,87676.4,88483.4,753.10114304
2025-03-05 10:00:00,88483.5,90663.1,88376.4,89928.1,1374.84939778
2025-03-05 11:00:00,89928.1,90117.0,89551.5,89805.3,672.11836703
2025-03-05 12:00:00,89805.4,90932.4,89800.9,90357.8,697.20948549
2025-03-05 13:00:00,90357.2,90590.0,89081.3,89470.1,865.65673592
2025-03-05 14:00:00,89472.1,89839.9,88153.1,88516.5,1260.30390702
2025-03-05 15:00:00,88516.5,89600.0,87923.2,88342.1,1385.39220854
2025-03-05 16:00:00,88338.0,89285.3,87589.2,88931.0,700.28308659
2025-03-05 17:00:00,88922.5,90477.1,88790.4,89690.5,806.25158679
2025-03-05 18:00:00,89687.1,89944.2,88869.6,89705.9,379.76106721
2025-03-05 19:00:00,89706.7,90150.0,89468.7,89745.5,284.23808566
2025-03-05 20:00:00,89745.5,90555.4,89674.6,90492.3,266.31337751
2025-03-05 21:00:00,90495.3,90689.5,89931.5,90375.2,209.49523953
2025-03-05 22:00:00,90373.5,90539.4,90016.1,90445.5,143.08463516
2025-03-05 23:00:00,90447.4,91052.9,90303.1,90608.7,281.01616016
2025-03-06 00:00:00,90608.7,90815.7,89986.0,90052.5,369.65326719
2025-03-06 01:00:00,90052.6,91900.0,90039.4,91041.7,1020.98085236
2025-03-06 02:00:00,91041.7,92021.2,91000.0,91810.0,764.68809328
2025-03-06 03:00:00,91815.8,92028.1,91386.8,91613.6,249.3184229
2025-03-06 04:00:00,91614.1,92458.0,91525.0,92288.9,393.03957176
2025-03-06 05:00:00,92288.9,92812.3,92122.7,92737.1,402.80748398
2025-03-06 06:00:00,92737.2,92771.7,91788.3,91906.0,524.04167582
2025-03-06 07:00:00,91906.0,92004.2,91262.1,91351.1,444.3450727
2025-03-06 08:00:00,91351.0,91595.2,91120.0,91154.0,328.4337064
2025-03-06 09:00:00,91154.1,91183.2,90620.0,90746.1,350.62387684
2025-03-06 10:00:00,90746.1,91678.9,90610.0,91300.0,438.0821751
2025-03-06 11:00:00,91300.1,91607.5,91001.0,91360.1,306.03682255
2025-03-06 12:00:00,91360.2,91413.5,89830.4,90100.1,487.29356764
2025-03-06 13:00:00,90100.1,90477.7,89489.7,89569.6,514.04003863
2025-03-06 14:00:00,89572.0,90394.0,89111.9,89812.6,901.23762728
2025-03-06 15:00:00,89816.3,91462.8,89628.1,90822.5,831.41792231
2025-03-06 16:00:00,90824.0,91068.3,89203.9,89313.5,651.50012357
2025-03-06 17:00:00,89315.4,89346.1,88000.0,88634.0,1121.72520607
2025-03-06 18:00:00,88625.9,88980.2,88140.1,88425.8,626.08141389
2025-03-06 19:00:00,88425.3,89393.9,87838.0,88527.6,521.59577096
2025-03-06 20:00:00,88529.2,89362.2,88466.7,89030.4,367.66540954
2025-03-06 21:00:00,89031.6,89936.6,88962.0,89930.4,363.41488626
2025-03-06 22:00:00,89930.4,90787.3,89500.0,90306.1,661.31601738
2025-03-06 23:00:00,90306.1,90563.0,89896.5,89930.0,252.55119156
2025-03-07 00:00:00,89930.0,91290.3,84640.0,85528.0,3454.04892919
2025-03-07 01:00:00,85533.3,88925.7,85194.3,88250.0,2045.73929197
2025-03-07 02:00:00,88249.9,88450.7,87224.2,87228.0,746.06528163
2025-03-07 03:00:00,87236.3,87692.1,86779.8,86988.1,494.72689736
2025-03-07 04:00:00,86988.1,87897.9,86850.7,87651.2,1113.4784476
2025-03-07 05:00:00,87651.3,88451.1,87586.2,88224.5,810.38742054
2025-03-07 06:00:00,88224.6,88355.4,87800.0,88218.0,248.9710307
2025-03-07 07:00:00,88218.0,88619.9,88104.8,88362.1,543.22299945
2025-03-07 08:00:00,88362.1,88484.8,87969.9,88356.0,286.55393901
2025-03-07 09:00:00,88356.0,89717.7,88350.0,88934.0,516.97086602
2025-03-07 10:00:00,88934.0,89305.3,88734.7,89264.0,532.39052264
2025-03-07 11:00:00,89264.1,89459.6,88831.6,88978.4,298.22595586
2025-03-07 12:00:00,88982.0,89343.8,88307.6,89048.9,513.65135739
2025-03-07 13:00:00,89048.0,90357.2,88978.3,89144.0,1760.96672829
2025-03-07 14:00:00,89145.5,91100.0,88660.1,90436.0,1344.17035464
2025-03-07 15:00:00,90436.3,90786.7,88007.0,88451.9,1612.87762289
2025-03-07 16:00:00,88444.0,88963.9,86600.2,87239.8,1414.41568045
2025-03-07 17:00:00,87242.8,88645.9,86548.0,87678.0,1050.79657144
2025-03-07 18:00:00,87699.9,89040.0,87511.0,88601.7,617.73745036
2025-03-07 19:00:00,88601.8,88918.3,87337.3,87822.1,703.49138851
2025-03-07 20:00:00,87822.9,88533.9,86538.4,86992.2,943.44684736
2025-03-07 21:00:00,86983.3,87368.4,85573.3,86308.0,1321.79474349
2025-03-07 22:00:00,86300.0,86846.6,85609.1,86743.4,497.14333306
2025-03-07 23:00:00,86743.4,86837.9,85968.0,86797.1,407.71925426
2025-03-08 00:00:00,86797.2,86891.3,86523.2,86711.2,476.47869557
2025-03-08 01:00:00,86711.3,86754.4,85217.8,86099.9,746.05354725
2025-03-08 02:00:00,86100.0,86342.1,85927.4,86170.1,424.3721104
2025-03-08 03:00:00,86173.3,86184.5,85454.0,85916.1,146.78773801
2025-03-08 04:00:00,85916.1,86507.7,85655.0,86447.0,180.0145124
2025-03-08 05:00:00,86448.4,86459.7,86010.1,86274.8,112.51584487
2025-03-08 06:00:00,86274.8,86661.3,86262.7,86478.1,295.99230616
2025-03-08 07:00:00,86478.1,86551.9,86094.7,86192.2,191.82252033
2025-03-08 08:00:00,86192.1,86318.0,86031.9,86061.1,91.22511008
2025-03-08 09:00:00,86064.3,86457.1,85833.3,85935.7,234.78263592
2025-03-08 10:00:00,85937.8,86258.0,85937.8,86124.0,95.23567515
2025-03-08 11:00:00,86124.0,86125.7,85753.5,85961.8,211.48021771
2025-03-08 12:00:00,85961.8,86415.3,85811.9,86205.3,220.03907665
2025-03-08 13:00:00,86205.3,86548.3,86126.0,86327.4,141.8228868
2025-03-08 14:00:00,86327.5,86688.6,86215.1,86361.0,598.61021192
2025-03-08 15:00:00,86360.1,86625.9,86205.0,86398.1,148.39733345
2025-03-08 16:00:00,86398.1,86459.8,85817.1,86144.6,222.76790848
2025-03-08 17:00:00,86144.7,86161.4,85660.6,85948.6,182.98206792
2025-03-08 18:00:00,85949.1,86087.3,85879.9,86051.6,51.05258668
2025-03-08 19:00:00,86051.6,86508.7,85800.0,86229.8,168.25270946
2025-03-08 20:00:00,86229.9,86372.2,86184.1,86284.2,43.84670616
2025-03-08 21:00:00,86282.8,86503.9,86200.0,86230.7,63.35801748
2025-03-08 22:00:00,86230.6,86375.0,85854.5,86347.8,91.6371861
2025-03-08 23:00:00,86347.3,86413.7,86065.8,86227.9,158.24025888
2025-03-09 00:00:00,86227.9,86472.0,86120.1,86421.7,114.42588446
2025-03-09 01:00:00,86422.0,86511.7,86100.0,86193.4,99.33700509
2025-03-09 02:00:00,86193.4,86287.7,86001.0,86005.1,97.97927767
2025-03-09 03:00:00,86005.2,86222.0,85956.0,86115.6,145.27578845
2025-03-09 04:00:00,86115.5,86121.9,85933.5,86050.4,109.65970777
2025-03-09 05:00:00,86050.4,86153.9,85964.0,86029.9,97.32751208
2025-03-09 06:00:00,86025.3,86039.4,85800.0,85904.1,92.53298924
2025-03-09 07:00:00,85904.2,86163.7,85838.0,86007.1,68.69959959
2025-03-09 08:00:00,86007.0,86103.2,85770.2,85791.2,224.80417096
2025-03-09 09:00:00,85791.2,85887.5,85384.6,85567.9,144.83105571
2025-03-09 10:00:00,85568.0,85618.8,84678.2,84850.0,543.46215094
2025-03-09 11:00:00,84850.1,85105.4,84626.4,85021.9,583.54378469
2025-03-09 12:00:00,85018.1,85062.9,84233.6,84597.9,526.28097492
2025-03-09 13:00:00,84597.9,84692.0,83469.9,83488.7,857.34835116
2025-03-09 14:00:00,83477.3,83811.9,82983.0,83600.0,1150.61831522
2025-03-09 15:00:00,83600.1,83758.2,82740.5,83070.1,501.7594973
2025-03-09 16:00:00,83070.1,83758.2,82312.9,82483.4,1007.69401776
2025-03-09 17:00:00,82483.4,82941.9,82222.0,82354.0,398.69800842
2025-03-09 18:00:00,82361.2,83327.0,82266.6,82667.1,467.07560242
2025-03-09 19:00:00,82667.1,82977.4,82327.5,82631.0,299.2055914
2025-03-09 20:00:00,82632.5,83537.0,82600.3,83075.3,235.10577433
2025-03-09 21:00:00,83075.3,83084.0,81555.0,81843.3,571.73659381
2025-03-09 22:00:00,81843.3,82062.1,80200.7,80359.0,952.21171995
2025-03-09 23:00:00,80359.0,81055.3,80000.0,80743.3,923.36753503
2025-03-10 00:00:00,80745.0,81497.8,80034.0,81285.3,1040.89121012
2025-03-10 01:00:00,81284.0,81891.8,80803.7,81769.0,993.61554498
2025-03-10 02:00:00,81768.9,82749.9,81528.1,82205.9,1002.60434167
2025-03-10 03:00:00,82206.0,82348.5,81796.9,82048.4,510.53769295
2025-03-10 04:00:00,82048.4,82658.1,82001.1,82638.0,289.87458471
2025-03-10 05:00:00,82638.0,82803.3,82121.6,82319.9,349.72655165
2025-03-10 06:00:00,82320.0,82425.7,81970.0,82339.5,216.04390032
2025-03-10 07:00:00,82339.6,82703.8,82058.8,82321.0,364.15765743
2025-03-10 08:00:00,82322.6,82399.9,81154.7,81345.3,470.75057866
2025-03-10 09:00:00,81346.8,84069.4,81328.1,82509.7,1238.08957717
2025-03-10 10:00:00,82512.2,82688.9,81633.2,82289.1,432.16030478
2025-03-10 11:00:00,82289.7,83798.6,82064.5,83590.7,918.98371826
2025-03-10 12:00:00,83584.8,83786.1,82639.8,83257.5,641.78768859
2025-03-10 13:00:00,83257.5,83319.2,81423.1,81538.2,851.85244022
2025-03-10 14:00:00,81532.7,81532.7,79155.0,79844.6,3011.59554447
2025-03-10 15:00:00,79844.5,81127.9,79555.8,80039.5,974.84120468
2025-03-10 16:00:00,80037.9,80246.9,79000.0,79006.1,912.3501837
2025-03-10 17:00:00,79007.1,79325.4,78200.0,78459.4,1313.58918227
2025-03-10 18:00:00,78457.6,79148.4,77500.0,77659.2,1322.50771433
2025-03-10 19:00:00,77660.8,79531.9,77464.0,79063.8,1247.54668512
2025-03-10 20:00:00,79072.0,79748.9,78407.0,79300.1,627.47210592
2025-03-10 21:00:00,79300.1,79887.8,78955.4,79571.3,279.67117456
2025-03-10 22:00:00,79571.9,79848.0,79200.1,79502.0,247.56698833
2025-03-10 23:00:00,79503.0,79715.4,78494.2,78595.8,322.38232752
2025-03-11 00:00:00,78595.9,79238.5,76600.0,77675.0,1936.41913547
2025-03-11 01:00:00,77675.0,79135.4,76817.1,79120.1,1682.31062256
2025-03-11 02:00:00,79122.2,79653.8,78910.0,79352.8,636.03556028
2025-03-11 03:00:00,79352.7,79949.8,79274.7,79524.1,450.59069929
2025-03-11 04:00:00,79524.1,80261.0,79444.1,79760.7,602.99972845
2025-03-11 05:00:00,79760.3,80479.4,79720.0,80259.6,381.66448807
2025-03-11 06:00:00,80259.6,80544.1,80103.4,80106.5,244.67961515
2025-03-11 07:00:00,80108.6,80618.4,80088.7,80428.1,288.50808657
2025-03-11 08:00:00,80428.1,81531.4,80324.0,81119.2,679.11592411
2025-03-11 09:00:00,81118.6,81906.9,81112.8,81454.0,851.87359989
2025-03-11 10:00:00,81452.1,81875.0,81267.7,81823.3,660.15104903
2025-03-11 11:00:00,81823.3,82100.0,81398.6,81718.5,790.48167379
2025-03-11 12:00:00,81718.5,81919.6,81066.6,81239.2,1015.57380516
2025-03-11 13:00:00,81239.2,82267.0,80549.8,80909.6,1598.53077749
2025-03-11 14:00:00,80911.4,81390.7,79056.6,79779.6,2699.26795872
2025-03-11 15:00:00,79774.6,81671.9,79658.2,81229.5,1405.78600486
2025-03-11 16:00:00,81228.7,81888.0,80650.0,81387.3,597.54979461
2025-03-11 17:00:00,81387.4,81732.7,80769.6,81303.9,559.97748152
2025-03-11 18:00:00,81303.9,83468.6,81284.4,83272.5,927.63145088
2025-03-11 19:00:00,83271.7,83631.8,82856.0,83103.1,827.72382267
2025-03-11 20:00:00,83107.0,83174.3,82600.0,82805.8,287.09555618
2025-03-11 21:00:00,82805.9,83256.5,82800.2,83101.2,153.97474296
2025-03-11 22:00:00,83101.1,83312.0,82974.8,83138.1,206.30421101
2025-03-11 23:00:00,83138.4,83195.2,82560.0,82943.2,363.15651299
2025-03-12 00:00:00,82942.7,83134.0,82605.1,82761.1,199.16610221
2025-03-12 01:00:00,82761.2,83777.0,82752.4,83312.3,532.19905162
2025-03-12 02:00:00,83318.3,83327.7,82223.8,82439.5,556.53607749
2025-03-12 03:00:00,82439.6,82609.9,82104.2,82133.5,317.73181887
2025-03-12 04:00:00,82132.2,82179.0,81619.6,81811.9,347.05335384
2025-03-12 05:00:00,81812.0,82035.9,81607.0,81976.5,252.46995241
2025-03-12 06:00:00,81976.6,81976.6,81288.3,81416.6,402.75127791
2025-03-12 07:00:00,81416.6,82533.8,81322.1,82433.9,554.79401506
2025-03-12 08:00:00,82433.9,82834.3,82025.2,82683.3,517.80322249
2025-03-12 09:00:00,82688.8,82931.6,82231.2,82673.6,314.14444733
2025-03-12 10:00:00,82673.6,82764.2,82100.1,82487.0,419.22734022
2025-03-12 11:00:00,82487.0,83073.7,82427.1,83005.9,331.93330606
2025-03-12 12:00:00,83006.0,84499.0,82850.1,84067.7,1916.5924493
2025-03-12 13:00:00,84067.8,84200.0,82360.0,82683.3,1054.33606763
2025-03-12 14:00:00,82679.1,82928.0,81526.7,81530.0,1007.56907893
2025-03-12 15:00:00,81531.9,82016.6,80597.7,81733.3,1564.54098205
2025-03-12 16:00:00,81731.8,82284.2,81614.0,81965.5,541.96109861
2025-03-12 17:00:00,81973.0,82892.2,81764.5,81842.8,590.71262206
2025-03-12 18:00:00,81848.5,82809.5,81724.6,82637.2,296.50608872
2025-03-12 19:00:00,82637.9,83155.4,82482.5,82915.5,423.83560219
2025-03-12 20:00:00,82916.1,83187.8,82711.5,83117.5,107.60953768
2025-03-12 21:00:00,83117.5,83321.6,82846.1,83086.4,77.22836109
2025-03-12 22:00:00,83086.4,83695.4,83078.1,83653.4,206.78794027
2025-03-12 23:00:00,83657.5,83903.3,83405.8,83691.9,301.32358918
2025-03-13 00:00:00,83691.9,84000.0,83435.0,83448.1,327.35290703
2025-03-13 01:00:00,83448.2,84223.0,83316.1,83922.8,378.8931736
2025-03-13 02:00:00,83922.8,84333.3,83756.4,83783.9,301.31927592
2025-03-13 03:00:00,83784.0,84189.9,83529.5,83576.5,199.09266158
2025-03-13 04:00:00,83574.1,83702.3,83221.4,83289.4,319.61802922
2025-03-13 05:00:00,83289.5,83539.9,83074.0,83156.9,234.22496669
2025-03-13 06:00:00,83157.6,83333.3,82856.0,83289.1,293.73777121
2025-03-13 07:00:00,83289.2,83561.3,83133.3,83159.8,376.16362853
2025-03-13 08:00:00,83159.7,83269.9,82400.0,82975.9,348.91840776
2025-03-13 09:00:00,82975.9,83528.6,82970.9,83437.4,239.584048
2025-03-13 10:00:00,83437.4,83507.6,82999.9,83187.9,210.06236922
2025-03-13 11:00:00,83187.8,83237.8,82680.0,82970.0,471.88471049
2025-03-13 12:00:00,82970.4,83890.0,82275.1,82518.3,895.26833977
2025-03-13 13:00:00,82518.3,83119.3,81589.4,81772.2,678.01583054
2025-03-13 14:00:00,81772.1,82505.0,81544.4,82010.2,529.61280898
2025-03-13 15:00:00,82010.2,82193.2,80953.6,81043.9,857.03920821
2025-03-13 16:00:00,81041.2,81265.2,80655.0,80870.8,430.03082898
2025-03-13 17:00:00,80870.9,80897.9,79940.0,80066.6,679.20496369
2025-03-13 18:00:00,80066.5,80976.8,80000.1,80822.2,321.63049616
2025-03-13 19:00:00,80822.1,81050.0,80131.4,80211.4,375.70538084
2025-03-13 20:00:00,80209.9,80730.0,80188.3,80370.3,228.56715297
2025-03-13 21:00:00,80370.4,80878.3,80280.1,80820.0,143.2066555
2025-03-13 22:00:00,80819.9,81408.8,80724.0,81400.0,193.2091492
2025-03-13 23:00:00,81400.0,81489.9,81046.4,81119.5,143.44282805
2025-03-14 00:00:00,81119.6,81700.5,80826.8,81508.1,254.99512004
2025-03-14 01:00:00,81508.1,81888.0,81203.9,81603.4,232.81583415
2025-03-14 02:00:00,81603.5,82266.6,81596.0,82231.9,323.18913955
2025-03-14 03:00:00,82232.0,82250.0,81745.2,81898.7,198.8364845
2025-03-14 04:00:00,81899.2,82049.9,81838.9,81951.4,292.72781245
2025-03-14 05:00:00,81951.4,82218.3,81808.3,82155.5,309.25860549
2025-03-14 06:00:00,82156.8,82197.2,81770.1,82040.0,268.02817755
2025-03-14 07:00:00,82039.9,82457.1,81892.1,82178.6,369.56841741
2025-03-14 08:00:00,82178.6,82650.0,82168.0,82598.0,282.92536641
2025-03-14 09:00:00,82600.0,82938.4,82571.8,82781.5,324.71328041
2025-03-14 10:00:00,82781.6,83290.2,82664.6,83048.0,362.27798816
2025-03-14 11:00:00,83048.2,83360.3,82976.4,83258.0,261.28484078
2025-03-14 12:00:00,83258.1,83528.7,83055.3,83427.9,366.82429857
2025-03-14 13:00:00,83427.9,83888.0,83037.6,83599.0,605.61121407
2025-03-14 14:00:00,83599.8,83599.8,82635.2,83536.0,1204.52147314
2025-03-14 15:00:00,83536.1,85300.0,83536.1,84734.0,2048.77521182
2025-03-14 16:00:00,84734.1,84958.0,83956.8,84780.3,769.70200274
2025-03-14 17:00:00,84780.0,84839.9,84190.0,84365.4,374.52495378
2025-03-14 18:00:00,84365.6,84725.9,84200.0,84573.1,217.45924949
2025-03-14 19:00:00,84573.0,84938.0,84454.8,84554.9,158.27472082
2025-03-14 20:00:00,84554.9,84555.5,83714.4,84133.8,274.4328447
2025-03-14 21:00:00,84136.0,84306.0,83950.0,84214.1,111.79944134
2025-03-14 22:00:00,84214.1,84516.1,84104.7,84445.5,125.63478542
2025-03-14 23:00:00,84445.5,84450.4,83952.9,83988.7,100.44822684
2025-03-15 00:00:00,83988.6,84353.9,83968.1,84300.3,219.27128989
2025-03-15 01:00:00,84300.4,84584.0,84100.0,84357.2,205.95284428
2025-03-15 02:00:00,84357.2,84631.5,84165.1,84556.2,162.05767076
2025-03-15 03:00:00,84556.8,84679.9,84421.4,84484.9,147.75666213
2025-03-15 04:00:00,84485.0,84558.9,84285.7,84462.0,65.51011748
2025-03-15 05:00:00,84462.1,84476.0,84265.0,84265.0,90.98609766
2025-03-15 06:00:00,84265.1,84300.0,84151.0,84182.2,318.90294481
2025-03-15 07:00:00,84182.3,84199.6,83789.4,83830.8,265.31935576
2025-03-15 08:00:00,83830.8,84024.0,83609.2,83899.9,150.12652572
2025-03-15 09:00:00,83900.0,83970.0,83710.1,83965.5,91.9088802
2025-03-15 10:00:00,83966.0,83986.1,83652.0,83910.0,155.83170784
2025-03-15 11:00:00,83910.1,84180.0,83832.1,84099.2,130.37084387
2025-03-15 12:00:00,84099.3,84277.8,84008.0,84142.1,119.92612097
2025-03-15 13:00:00,84142.2,84475.5,84128.7,84458.1,164.81975012
2025-03-15 14:00:00,84458.2,84458.2,84106.6,84141.6,137.17070565
2025-03-15 15:00:00,84141.6,84400.0,84141.5,84334.1,93.09450381
2025-03-15 16:00:00,84334.1,84482.0,84180.6,84357.0,87.02744088
2025-03-15 17:00:00,84357.0,84491.0,84264.0,84419.0,73.167595
2025-03-15 18:00:00,84419.0,84466.5,84125.6,84219.4,62.57951683
2025-03-15 19:00:00,84219.4,84319.7,84103.7,84295.1,44.62053251
2025-03-15 20:00:00,84295.1,84446.0,84295.1,84385.0,43.941288
2025-03-15 21:00:00,84385.1,84466.1,84223.7,84383.9,47.79685528
2025-03-15 22:00:00,84384.0,84447.6,84312.5,84376.0,51.08320693
2025-03-15 23:00:00,84376.0,84407.1,84274.0,84342.0,39.78148445
2025-03-16 00:00:00,84342.1,84390.8,84214.2,84260.5,77.84871161
2025-03-16 01:00:00,84260.5,84281.9,83829.5,83867.1,178.04288922
2025-03-16 02:00:00,83867.2,84132.4,83734.5,83963.6,227.42476753
2025-03-16 03:00:00,83963.6,84381.9,83896.0,84336.1,108.83881702
2025-03-16 04:00:00,84336.1,84419.9,84244.1,84400.0,136.94311529
2025-03-16 05:00:00,84400.0,84410.0,84298.1,84392.6,50.63301943
2025-03-16 06:00:00,84392.6,84399.0,84224.6,84224.6,58.29068258
2025-03-16 07:00:00,84224.6,84371.7,83968.1,84276.0,177.57350426
2025-03-16 08:00:00,84275.9,84337.6,84159.3,84264.0,84.7005477
2025-03-16 09:00:00,84264.1,84276.3,83804.1,83893.9,201.0042731
2025-03-16 10:00:00,83895.7,84055.9,83650.0,83666.7,302.24093677
2025-03-16 11:00:00,83666.6,83693.3,82357.0,82404.8,801.40896745
2025-03-16 12:00:00,82406.1,82930.7,82392.4,82759.9,452.45910626
2025-03-16 13:00:00,82759.8,83142.0,82506.0,82612.1,354.11013193
2025-03-16 14:00:00,82612.0,83385.7,82580.1,83371.5,312.45791713
2025-03-16 15:00:00,83371.5,83490.0,82978.0,83316.6,280.54113613
2025-03-16 16:00:00,83316.5,85154.0,83290.1,83642.0,1310.44765496
2025-03-16 17:00:00,83636.4,84117.7,83480.1,83909.3,200.15205969
2025-03-16 18:00:00,83908.8,84096.4,83633.9,83700.6,240.7110203
2025-03-16 19:00:00,83700.6,83731.1,82557.2,83097.5,352.45636862
2025-03-16 20:00:00,83097.6,83450.6,82902.0,83214.3,112.14790379
2025-03-16 21:00:00,83214.2,83225.7,82688.4,82765.9,141.51508194
2025-03-16 22:00:00,82765.9,82842.0,82062.5,82099.4,531.45941803
2025-03-16 23:00:00,82097.0,82641.4,82000.0,82578.1,593.53839765
2025-03-17 00:00:00,82578.1,83154.0,82522.4,83060.7,196.41743939
2025-03-17 01:00:00,83060.7,83402.6,82823.4,83238.6,185.82296252
2025-03-17 02:00:00,83238.6,83375.0,82979.1,83219.9,85.36089371
2025-03-17 03:00:00,83220.0,83725.5,83219.9,83676.0,200.13790261
2025-03-17 04:00:00,83676.0,83875.0,83517.5,83615.7,120.01540112
2025-03-17 05:00:00,83615.7,83616.0,83115.2,83115.2,333.55688409
2025-03-17 06:00:00,83115.3,83289.9,82668.0,83225.6,232.05340856
2025-03-17 07:00:00,83226.6,83629.9,83209.0,83558.4,319.90804704
2025-03-17 08:00:00,83560.0,83713.9,83202.2,83535.9,176.06182795
2025-03-17 09:00:00,83535.9,83782.9,83427.2,83649.9,343.26166525
2025-03-17 10:00:00,83650.0,83676.0,83250.1,83339.4,204.61651085
2025-03-17 11:00:00,83339.4,83692.0,83212.8,83511.9,171.99418777
2025-03-17 12:00:00,83512.0,84019.2,83000.0,83054.0,1061.15424657
2025-03-17 13:00:00,83054.0,83733.3,82800.0,83024.1,812.18469646
2025-03-17 14:00:00,83024.0,83373.0,82444.3,82921.8,895.25925101
2025-03-17 15:00:00,82923.1,83700.0,82716.1,83538.1,586.99649995
2025-03-17 16:00:00,83538.2,83884.6,83108.2,83446.2,499.04152544
2025-03-17 17:00:00,83444.6,84344.0,83352.1,84193.7,414.46998891
2025-03-17 18:00:00,84193.8,84600.0,83980.5,84505.1,465.0801833
2025-03-17 19:00:00,84505.1,84764.3,84315.2,84479.7,285.04659699
2025-03-17 20:00:00,84477.3,84508.0,83850.4,83966.3,199.93145374
2025-03-17 21:00:00,83966.3,84256.4,83889.8,84080.0,108.03204486
2025-03-17 22:00:00,84080.1,84248.8,84000.1,84061.8,70.0274848
2025-03-17 23:00:00,84061.9,84151.8,83750.0,84011.9,218.00913809
2025-03-18 00:00:00,84011.9,84030.1,83712.7,83798.3,148.3727512
2025-03-18 01:00:00,83799.0,83919.8,83014.1,83166.6,406.67251112
2025-03-18 02:00:00,83166.6,83533.2,83084.0,83375.9,214.33842271
2025-03-18 03:00:00,83376.0,83376.0,82956.5,83140.9,216.57469095
2025-03-18 04:00:00,83140.9,83210.0,82847.0,82993.8,302.26395185
2025-03-18 05:00:00,82993.8,83132.8,82900.0,83025.0,684.75360128
2025-03-18 06:00:00,83025.1,83034.0,82250.0,82457.6,453.68076673
2025-03-18 07:00:00,82457.6,83278.4,82356.2,83162.4,578.03667804
2025-03-18 08:00:00,83162.4,83455.6,83041.3,83284.4,210.24451621
2025-03-18 09:00:00,83284.3,83343.3,82774.0,82842.5,298.29468144
2025-03-18 10:00:00,82842.6,82940.0,82588.2,82815.6,296.24946652
2025-03-18 11:00:00,82815.6,82868.9,82502.1,82580.9,292.07147851
2025-03-18 12:00:00,82580.9,82827.3,82336.0,82406.0,349.85197425
2025-03-18 13:00:00,82408.0,82486.5,81167.7,81359.0,1181.26894461
2025-03-18 14:00:00,81358.6,81977.3,81144.0,81844.5,644.43978346
2025-03-18 15:00:00,81844.5,82208.3,81533.4,81600.1,308.19552009
2025-03-18 16:00:00,81600.1,82158.9,81544.5,81864.4,255.76012052
2025-03-18 17:00:00,81864.4,81983.2,81338.3,81463.3,274.15047426
2025-03-18 18:00:00,81463.2,81956.0,81240.0,81887.5,224.74065538
2025-03-18 19:00:00,81887.5,82484.8,81756.1,82316.6,393.96234684
2025-03-18 20:00:00,82314.1,82361.8,81877.8,82052.9,108.01454458
2025-03-18 21:00:00,82053.0,82208.0,81930.4,82054.1,76.3246414
2025-03-18 22:00:00,82054.0,82569.0,81989.6,82392.1,137.26755841
2025-03-18 23:00:00,82392.2,82813.2,82392.2,82709.7,201.08119065
2025-03-19 00:00:00,82709.8,83244.2,82593.5,83108.2,306.21582092
2025-03-19 01:00:00,83108.0,83160.0,82584.0,82599.8,204.42288679
2025-03-19 02:00:00,82599.8,82898.4,82539.9,82870.2,187.81786746
2025-03-19 03:00:00,82870.2,83080.8,82737.4,83034.0,168.05423973
2025-03-19 04:00:00,83033.9,83078.0,82786.9,82961.4,151.18154966
2025-03-19 05:00:00,82960.0,83324.6,82916.0,83242.3,285.34627298
2025-03-19 06:00:00,83242.3,83328.0,83111.6,83192.4,170.28000462
2025-03-19 07:00:00,83196.0,83360.3,83028.1,83199.9,220.23613534
2025-03-19 08:00:00,83199.9,83518.0,83178.1,83419.6,386.34626411
2025-03-19 09:00:00,83419.7,83612.0,83370.0,83538.5,220.37719266
2025-03-19 10:00:00,83538.5,83840.3,83455.1,83472.1,290.78895692
2025-03-19 11:00:00,83472.1,84100.0,83383.3,83881.9,681.11252394
2025-03-19 12:00:00,83881.9,83930.1,83513.0,83750.0,296.94175978
2025-03-19 13:00:00,83750.1,84333.0,83626.1,84092.1,711.62264592
2025-03-19 14:00:00,84097.5,84397.3,83879.7,84310.5,407.78872162
2025-03-19 15:00:00,84310.5,84893.5,84115.0,84737.9,441.65248569
2025-03-19 16:00:00,84738.0,84834.0,84433.8,84573.2,448.21409702
2025-03-19 17:00:00,84575.3,84713.6,83768.1,84230.1,531.86616808
2025-03-19 18:00:00,84226.1,85881.5,83570.0,85624.8,1821.60023133
2025-03-19 19:00:00,85624.7,85947.0,84930.7,85433.8,966.21562471
2025-03-19 20:00:00,85432.2,85846.9,85212.0,85359.9,234.4561057
2025-03-19 21:00:00,85360.0,85919.7,85334.0,85634.0,245.17226737
2025-03-19 22:00:00,85635.3,86528.9,85627.5,86158.1,645.55105191
2025-03-19 23:00:00,86158.1,87024.0,86158.1,86841.0,469.72251538
2025-03-20 00:00:00,86843.7,87446.9,85944.0,86018.8,768.07173693
2025-03-20 01:00:00,86018.9,86369.4,85711.5,85875.9,320.07474278
2025-03-20 02:00:00,85875.9,86133.3,85626.2,86072.1,434.14701752
2025-03-20 03:00:00,86072.9,86150.7,85822.1,85889.9,133.22657374
2025-03-20 04:00:00,85889.9,85938.9,85429.0,85684.2,209.07365275
2025-03-20 05:00:00,85684.2,85849.4,85474.5,85836.0,127.30288492
2025-03-20 06:00:00,85836.0,86016.0,85625.0,85758.1,146.47384345
2025-03-20 07:00:00,85758.1,85968.6,85694.0,85811.9,183.87163635
2025-03-20 08:00:00,85811.8,86326.8,85698.8,86240.2,198.55435034
2025-03-20 09:00:00,86240.2,86286.7,85800.0,85874.1,184.40908231
2025-03-20 10:00:00,85874.2,85954.0,84770.4,85171.6,772.13538547
2025-03-20 11:00:00,85172.0,85524.0,85162.1,85502.6,166.36763446
2025-03-20 12:00:00,85502.6,85569.3,85200.0,85358.6,151.59543024
2025-03-20 13:00:00,85358.7,85866.6,85078.0,85518.0,377.52353825
2025-03-20 14:00:00,85518.0,86529.1,85466.1,86172.5,832.1538463
2025-03-20 15:00:00,86167.9,86218.7,84570.0,84692.6,897.96433295
2025-03-20 16:00:00,84687.4,84921.0,83642.0,83799.9,1235.30361351
2025-03-20 17:00:00,83799.9,84357.0,83725.8,84085.7,689.85127151
2025-03-20 18:00:00,84085.8,84340.0,83940.0,84058.8,211.12289673
2025-03-20 19:00:00,84058.9,84420.6,83914.1,84160.7,192.4371667
2025-03-20 20:00:00,84161.9,84600.0,84130.1,84526.7,148.70404173
2025-03-20 21:00:00,84526.8,84610.8,84237.5,84359.1,122.65804904
2025-03-20 22:00:00,84359.1,84511.1,83988.0,84146.3,183.98193681
2025-03-20 23:00:00,84148.0,84354.4,83914.2,84225.9,122.24089953
2025-03-21 00:00:00,84223.3,84540.3,84178.1,84506.5,152.84592841
2025-03-21 01:00:00,84505.4,84792.0,84369.0,84776.8,142.57260373
2025-03-21 02:00:00,84776.7,84844.0,84516.2,84677.4,111.54452501
2025-03-21 03:00:00,84677.5,84728.0,84256.7,84443.5,116.11994437
2025-03-21 04:00:00,84443.4,84800.0,84443.4,84661.4,137.58700522
2025-03-21 05:00:00,84661.5,84666.0,84329.5,84462.4,188.46922089
2025-03-21 06:00:00,84462.4,84473.6,84048.0,84199.9,264.20871326
2025-03-21 07:00:00,84200.0,84272.0,83728.0,83944.6,343.21963058
2025-03-21 08:00:00,83944.6,84154.2,83734.1,84017.5,262.88676473
2025-03-21 09:00:00,84017.4,84346.8,83788.1,84130.7,177.19577817
2025-03-21 10:00:00,84130.7,84300.0,83905.0,84165.0,263.77166011
2025-03-21 11:00:00,84163.3,84178.0,83943.9,84053.7,81.97365936
2025-03-21 12:00:00,84053.8,84370.9,83388.0,83467.0,452.02542223
2025-03-21 13:00:00,83467.0,84105.7,83170.6,83940.0,588.32440874
2025-03-21 14:00:00,83945.4,84297.7,83508.6,84244.0,433.63762252
2025-03-21 15:00:00,84242.9,84284.1,83560.1,83576.1,371.23102274
2025-03-21 16:00:00,83570.3,84143.9,83376.1,84100.1,382.48460813
2025-03-21 17:00:00,84101.8,84152.9,83705.0,84020.9,135.70601963
2025-03-21 18:00:00,84021.0,84444.0,83902.0,84105.8,140.00295768
2025-03-21 19:00:00,84105.8,84199.4,83800.0,83962.1,118.19948828
2025-03-21 20:00:00,83962.1,84236.0,83812.0,84206.7,97.29207534
2025-03-21 21:00:00,84206.8,84583.3,84168.6,84395.7,125.09207155
2025-03-21 22:00:00,84395.8,84414.0,84092.0,84173.9,101.30700025
2025-03-21 23:00:00,84170.0,84223.5,84038.0,84086.5,72.51902582
2025-03-22 00:00:00,84086.5,84250.0,84039.3,84195.9,87.04708118
2025-03-22 01:00:00,84196.0,84328.0,83980.2,84063.1,202.92982637
2025-03-22 02:00:00,84063.1,84246.0,84004.0,84179.7,121.970317
2025-03-22 03:00:00,84179.7,84286.0,84123.8,84247.9,63.54759871
2025-03-22 04:00:00,84248.0,84388.9,84200.0,84356.1,70.77356061
2025-03-22 05:00:00,84356.1,84422.0,84239.3,84320.1,78.14750301
2025-03-22 06:00:00,84320.2,84398.0,84158.7,84326.8,71.29910984
2025-03-22 07:00:00,84326.7,84381.1,84209.7,84273.9,194.48556321
2025-03-22 08:00:00,84273.9,84287.9,84122.1,84222.1,106.07750766
2025-03-22 09:00:00,84222.2,84533.3,84222.2,84354.5,165.4639851
2025-03-22 10:00:00,84354.5,84446.7,84350.0,84418.4,92.35044651
2025-03-22 11:00:00,84421.9,84424.0,84214.0,84238.9,100.93814183
2025-03-22 12:00:00,84237.0,84297.4,84186.0,84234.9,56.96398833
2025-03-22 13:00:00,84234.9,84250.0,84046.9,84173.8,89.92319263
2025-03-22 14:00:00,84173.8,84204.1,84000.0,84011.7,78.69138564
2025-03-22 15:00:00,84011.7,84141.6,83978.1,84117.9,60.56562617
2025-03-22 16:00:00,84117.9,84183.6,84070.0,84142.2,42.72192926
2025-03-22 17:00:00,84142.5,84266.4,84120.1,84240.9,54.39788958
2025-03-22 18:00:00,84240.9,84327.9,84195.3,84242.5,34.96268062
2025-03-22 19:00:00,84242.6,84281.8,84158.1,84175.1,21.72355952
2025-03-22 20:00:00,84175.1,84210.0,83950.0,83951.1,66.33328501
2025-03-22 21:00:00,83950.1,84098.0,83850.0,84019.6,61.648
2025-03-22 22:00:00,84019.7,84074.3,83956.4,83964.1,28.94517293
2025-03-22 23:00:00,83964.1,83964.1,83650.0,83850.0,103.37004272
2025-03-23 00:00:00,83850.0,84059.4,83812.0,84003.1,66.17088846
2025-03-23 01:00:00,84003.2,84138.8,83980.0,84070.4,65.77346581
2025-03-23 02:00:00,84070.5,84278.6,83988.1,84233.1,74.63572191
2025-03-23 03:00:00,84233.1,84248.0,84126.1,84233.7,31.68612939
2025-03-23 04:00:00,84234.4,84238.0,84065.5,84110.0,56.51874951
2025-03-23 05:00:00,84110.0,84246.6,84092.1,84227.2,88.96604614
2025-03-23 06:00:00,84227.1,84288.0,84192.6,84231.7,87.26066803
2025-03-23 07:00:00,84231.7,84320.0,84205.8,84273.9,60.75452279
2025-03-23 08:00:00,84274.0,84349.9,84245.7,84338.1,86.01920366
2025-03-23 09:00:00,84338.2,84367.9,84299.9,84315.1,56.50642245
2025-03-23 10:00:00,84315.2,84500.0,84301.3,84458.1,156.97070036
2025-03-23 11:00:00,84458.2,85054.0,84458.2,84698.0,631.95393866
2025-03-23 12:00:00,84698.1,84827.4,84578.0,84726.6,82.0403044
2025-03-23 13:00:00,84726.6,85115.3,84640.3,85089.0,265.72759855
2025-03-23 14:00:00,85089.0,85230.0,84870.3,84907.6,449.3525874
2025-03-23 15:00:00,84907.6,85266.6,84904.1,85194.0,185.56942884
2025-03-23 16:00:00,85194.0,85398.6,84943.6,85255.9,150.36921068
2025-03-23 17:00:00,85256.0,85421.0,84888.8,85029.0,198.37681144
2025-03-23 18:00:00,85030.1,85048.9,84813.0,84988.2,75.90593795
2025-03-23 19:00:00,84988.3,85097.8,84912.2,85024.3,55.40857137
2025-03-23 20:00:00,85024.3,85276.6,85016.1,85106.6,50.70373889
2025-03-23 21:00:00,85106.1,85193.9,84922.2,85189.3,57.85316335
2025-03-23 22:00:00,85189.3,85678.0,85158.1,85373.8,454.45411392
2025-03-23 23:00:00,85373.9,86131.0,85373.9,86083.3,297.18351893
2025-03-24 00:00:00,86083.4,86639.8,85860.0,86029.9,332.97203019
2025-03-24 01:00:00,86030.0,86044.4,85536.0,85568.7,234.3758538
2025-03-24 02:00:00,85568.8,85964.0,85530.0,85882.1,180.49672915
2025-03-24 03:00:00,85881.9,86576.0,85878.0,86531.3,502.78590266
2025-03-24 04:00:00,86531.3,86984.6,86531.3,86847.0,738.91417112
2025-03-24 05:00:00,86847.1,87042.6,86816.3,86907.6,285.15743223
2025-03-24 06:00:00,86907.6,87300.0,86900.0,87116.0,256.10909363
2025-03-24 07:00:00,87116.0,87179.5,86746.7,86865.4,457.59118442
2025-03-24 08:00:00,86865.3,87513.6,86852.8,87406.9,511.92778348
2025-03-24 09:00:00,87407.0,87518.5,87123.4,87157.7,257.38617348
2025-03-24 10:00:00,87157.7,87897.7,87123.4,87783.3,380.4657693
2025-03-24 11:00:00,87783.3,87847.1,87513.2,87682.5,179.05290594
2025-03-24 12:00:00,87682.6,87703.1,87250.0,87324.1,238.00748415
2025-03-24 13:00:00,87324.0,87708.6,87134.9,87691.9,335.8873036
2025-03-24 14:00:00,87690.0,88769.2,87631.8,87963.9,918.14651777
2025-03-24 15:00:00,87964.0,88359.9,87672.3,88330.0,293.31532653
2025-03-24 16:00:00,88330.0,88490.1,87682.5,88055.3,291.29522234
2025-03-24 17:00:00,88048.6,88471.4,87934.1,88454.1,180.60956354
2025-03-24 18:00:00,88455.8,88533.3,88122.0,88448.7,321.46791105
2025-03-24 19:00:00,88449.3,88502.0,87964.0,88216.7,258.64903028
2025-03-24 20:00:00,88216.6,88478.0,87793.4,87836.4,235.63633761
2025-03-24 21:00:00,87837.9,88277.1,87801.1,88101.2,525.55071714
2025-03-24 22:00:00,88101.2,88180.2,87304.6,87441.9,780.5398947
2025-03-24 23:00:00,87441.9,87525.4,87035.0,87496.7,531.34550661
2025-03-25 00:00:00,87496.7,87684.2,87252.1,87604.6,207.56825767
2025-03-25 01:00:00,87604.5,87604.5,86806.0,87090.4,354.88138235
2025-03-25 02:00:00,87090.5,87092.0,86828.9,86856.2,150.45030309
2025-03-25 03:00:00,86856.3,86995.1,86317.8,86513.9,693.27375455
2025-03-25 04:00:00,86513.9,86665.9,86303.3,86540.5,291.79282326
2025-03-25 05:00:00,86540.5,86776.8,86392.7,86650.3,393.85509776
2025-03-25 06:00:00,86650.3,86882.9,86524.0,86549.9,213.18797778
2025-03-25 07:00:00,86550.0,86814.7,86347.9,86456.0,277.8689522
2025-03-25 08:00:00,86455.9,86768.5,86410.0,86725.8,117.86029804
2025-03-25 09:00:00,86725.8,87400.0,86648.0,87230.0,631.85738256
2025-03-25 10:00:00,87230.0,87300.0,86951.4,87136.9,210.35994637
2025-03-25 11:00:00,87137.0,87500.0,87056.3,87376.1,218.96714033
2025-03-25 12:00:00,87378.0,87471.3,86929.3,87088.0,247.12164415
2025-03-25 13:00:00,87088.0,87999.0,87046.0,87601.9,551.75504577
2025-03-25 14:00:00,87602.0,88236.3,87336.4,88012.9,472.55196324
2025-03-25 15:00:00,88013.0,88262.0,87710.7,87768.1,413.43833739
2025-03-25 16:00:00,87768.1,87984.9,87641.0,87804.9,295.22892834
2025-03-25 17:00:00,87805.0,88328.0,87805.0,87938.0,214.90021858
2025-03-25 18:00:00,87938.0,88061.9,87577.2,87816.0,186.59601006
2025-03-25 19:00:00,87816.0,88259.9,87811.5,88114.4,263.18101217
2025-03-25 20:00:00,88112.1,88545.7,87810.9,87855.5,381.35419903
2025-03-25 21:00:00,87855.4,88208.6,87707.0,87753.2,87.05007894
2025-03-25 22:00:00,87750.5,87814.0,87179.8,87470.5,270.10684934
2025-03-25 23:00:00,87470.6,87514.0,87134.5,87414.6,109.71673776
2025-03-26 00:00:00,87414.6,87827.3,87236.0,87655.9,155.32871414
2025-03-26 01:00:00,87656.0,87898.0,87568.1,87839.5,106.32578075
2025-03-26 02:00:00,87838.1,87839.6,87295.8,87325.9,208.52137246
2025-03-26 03:00:00,87326.0,87404.0,87027.7,87159.0,228.3234252
2025-03-26 04:00:00,87159.0,87462.9,87048.0,87332.4,164.95983204
2025-03-26 05:00:00,87332.4,87643.2,87226.0,87526.0,141.85817063
2025-03-26 06:00:00,87526.1,87944.4,87444.0,87913.9,133.70677741
2025-03-26 07:00:00,87913.9,88284.0,87751.6,88140.0,354.60658711
2025-03-26 08:00:00,88139.8,88204.0,87875.1,87949.9,263.16377269
2025-03-26 09:00:00,87950.0,88047.6,87816.6,87926.5,362.58128373
2025-03-26 10:00:00,87926.5,88267.9,87923.2,88215.4,356.57684353
2025-03-26 11:00:00,88215.4,88263.4,87929.2,87956.8,161.88115628
2025-03-26 12:00:00,87956.8,88020.0,87590.0,87807.3,232.50808232
2025-03-26 13:00:00,87807.4,87916.6,86701.4,86846.1,787.13231806
2025-03-26 14:00:00,86840.8,87314.0,86434.3,86774.3,779.30952517
2025-03-26 15:00:00,86774.0,87013.0,86551.6,86740.8,589.37311059
2025-03-26 16:00:00,86740.7,87056.4,86400.0,86496.1,431.94213569
2025-03-26 17:00:00,86496.0,86826.0,86467.2,86566.1,204.82509568
2025-03-26 18:00:00,86566.1,86749.9,86170.8,86201.4,255.10768979
2025-03-26 19:00:00,86201.7,86792.8,85860.0,86552.0,535.88271786
2025-03-26 20:00:00,86550.0,87400.0,86504.1,87289.6,382.08949697
2025-03-26 21:00:00,87290.0,87306.7,86714.8,87106.1,167.86637806
2025-03-26 22:00:00,87106.0,87154.0,86750.3,86831.9,108.20360696
2025-03-26 23:00:00,86832.0,86969.5,86566.0,86926.2,301.22795222
2025-03-27 00:00:00,86926.3,87317.8,86799.9,87297.9,298.22059101
2025-03-27 01:00:00,87297.9,87500.0,87184.0,87385.9,249.62668356
2025-03-27 02:00:00,87386.0,87765.2,87339.6,87573.5,341.17749973
2025-03-27 03:00:00,87573.4,87688.0,87432.0,87673.6,209.47063387
2025-03-27 04:00:00,87673.6,87693.3,87403.9,87517.2,225.92395734
2025-03-27 05:00:00,87517.3,87517.3,87248.0,87306.4,139.97077711
2025-03-27 06:00:00,87306.3,87545.1,87279.4,87347.9,158.82762882
2025-03-27 07:00:00,87348.0,87441.6,87241.3,87403.1,154.09169953
2025-03-27 08:00:00,87403.0,87598.4,87252.1,87437.8,159.27093631
2025-03-27 09:00:00,87437.8,87545.4,87386.3,87420.0,137.98619778
2025-03-27 10:00:00,87421.0,87599.9,87114.7,87195.7,282.34531185
2025-03-27 11:00:00,87195.6,87325.1,86700.0,86940.1,494.79477849
2025-03-27 12:00:00,86940.1,87107.9,86710.6,86750.0,246.92847149
2025-03-27 13:00:00,86750.1,86858.0,85800.0,86393.8,914.98081729
2025-03-27 14:00:00,86390.1,87321.3,86199.9,87298.4,646.45408415
2025-03-27 15:00:00,87299.9,87570.8,86750.0,86970.9,669.13566206
2025-03-27 16:00:00,86969.6,87279.9,86800.0,86834.0,226.63201691
2025-03-27 17:00:00,86834.0,87156.4,86800.0,86904.1,232.26682151
2025-03-27 18:00:00,86904.1,87419.3,86874.0,87202.3,147.5180239
2025-03-27 19:00:00,87202.4,87425.9,87020.1,87062.7,144.76569384
2025-03-27 20:00:00,87062.7,87350.0,86931.8,87307.8,153.66666985
2025-03-27 21:00:00,87307.8,87724.0,87229.2,87554.1,232.60669949
2025-03-27 22:00:00,87554.2,87600.1,87307.6,87340.0,75.57396663
2025-03-27 23:00:00,87339.0,87362.1,87112.4,87228.0,132.39791651
2025-03-28 00:00:00,87228.0,87412.7,86915.2,87357.0,347.32036458
2025-03-28 01:00:00,87357.0,87504.4,87104.7,87240.0,403.12587169
2025-03-28 02:00:00,87242.2,87339.1,86945.9,86983.3,460.21302816
2025-03-28 03:00:00,86984.7,87016.0,86700.0,86793.8,799.9499756
2025-03-28 04:00:00,86793.9,86838.7,85949.0,86302.1,713.91886994
2025-03-28 05:00:00,86302.0,86302.0,85828.0,86050.1,400.14579698
2025-03-28 06:00:00,86050.0,86250.0,85647.9,85713.9,450.67955764
2025-03-28 07:00:00,85713.9,85878.1,85156.1,85202.0,1137.87210132
2025-03-28 08:00:00,85202.0,85440.0,85044.6,85210.0,472.66846752
2025-03-28 09:00:00,85210.1,85413.9,85005.2,85155.3,319.5568182
2025-03-28 10:00:00,85155.4,85261.9,84896.0,84954.1,408.73959232
2025-03-28 11:00:00,84954.2,85250.0,84808.8,85249.9,455.41911356
2025-03-28 12:00:00,85249.9,85631.5,84880.2,85031.9,514.2281145
2025-03-28 13:00:00,85032.0,85560.0,84903.8,84998.4,600.13611951
2025-03-28 14:00:00,84999.9,85121.0,84155.1,84166.7,1271.22851531
2025-03-28 15:00:00,84166.7,84540.0,83958.9,84051.5,582.04220331
2025-03-28 16:00:00,84051.5,84216.2,83666.6,83777.7,586.60497946
2025-03-28 17:00:00,83777.5,84014.0,83585.0,84010.5,513.19990628
2025-03-28 18:00:00,84010.3,84169.3,83719.0,83883.9,148.54739274
2025-03-28 19:00:00,83884.0,83905.0,83636.3,83795.9,230.31312595
2025-03-28 20:00:00,83796.0,84178.6,83717.3,83799.0,204.62165509
2025-03-28 21:00:00,83799.8,84114.0,83700.0,84059.4,103.29499378
2025-03-28 22:00:00,84059.5,84487.0,84059.4,84487.0,153.43102906
2025-03-28 23:00:00,84487.0,84544.9,84186.9,84427.3,546.77301993
2025-03-29 00:00:00,84427.4,84626.7,84350.0,84398.3,155.78141413
2025-03-29 01:00:00,84396.1,84500.0,84204.7,84278.0,107.27655928
2025-03-29 02:00:00,84278.0,84419.3,83816.4,83852.9,213.4631129
2025-03-29 03:00:00,83853.0,84250.0,83700.0,84154.3,205.10776912
2025-03-29 04:00:00,84154.2,84254.2,83969.5,84069.2,50.09345094
2025-03-29 05:00:00,84069.3,84093.2,83850.0,84006.3,48.71535782
2025-03-29 06:00:00,84006.3,84006.3,83674.5,83799.3,205.15491861
2025-03-29 07:00:00,83799.4,83892.0,83663.1,83741.4,225.96866528
2025-03-29 08:00:00,83741.3,83947.9,83673.6,83934.6,156.70867855
2025-03-29 09:00:00,83934.6,83957.9,83233.4,83548.5,537.66297428
2025-03-29 10:00:00,83549.9,83573.9,82824.0,82934.2,505.59427026
2025-03-29 11:00:00,82934.1,83119.7,82011.0,82293.2,686.10785492
2025-03-29 12:00:00,82293.2,82523.0,82128.8,82462.1,301.54927681
2025-03-29 13:00:00,82462.1,82860.9,82454.1,82846.0,239.34414228
2025-03-29 14:00:00,82846.0,82893.9,82451.1,82504.0,182.66057466
2025-03-29 15:00:00,82504.1,82630.8,82379.8,82418.4,89.60036607
2025-03-29 16:00:00,82418.4,82691.7,82158.3,82198.2,214.52423336
2025-03-29 17:00:00,82198.1,82633.1,81644.2,82340.4,792.26172725
2025-03-29 18:00:00,82340.4,82681.7,82216.9,82351.5,112.99899113
2025-03-29 19:00:00,82354.2,82770.4,82217.3,82770.4,137.00761699
2025-03-29 20:00:00,82770.4,82797.6,82419.9,82516.8,104.20010628
2025-03-29 21:00:00,82514.0,82697.6,82352.6,82517.7,79.50345424
2025-03-29 22:00:00,82517.8,82526.3,82260.0,82401.1,103.26510235
2025-03-29 23:00:00,82401.2,82692.9,82340.2,82650.1,73.80031442
2025-03-30 00:00:00,82650.0,82899.8,82493.1,82805.5,136.99690815
2025-03-30 01:00:00,82805.0,83080.7,82761.1,82944.4,188.68691359
2025-03-30 02:00:00,82944.4,83374.9,82922.3,83324.5,140.86738343
2025-03-30 03:00:00,83324.5,83513.4,83040.5,83080.3,263.81229906
2025-03-30 04:00:00,83080.3,83322.0,83074.5,83111.9,84.33242363
2025-03-30 05:00:00,83112.0,83230.7,82925.5,82961.9,84.92752259
2025-03-30 06:00:00,82962.0,83304.6,82865.2,83195.9,158.86247873
2025-03-30 07:00:00,83196.0,83318.0,83066.7,83083.1,119.7527991
2025-03-30 08:00:00,83083.0,83408.3,83083.0,83386.4,82.11957964
2025-03-30 09:00:00,83386.5,83524.4,83247.6,83498.8,93.78585234
2025-03-30 10:00:00,83498.8,83535.4,83062.0,83122.4,188.71033891
2025-03-30 11:00:00,83122.4,83366.7,82975.0,83126.0,173.61955454
2025-03-30 12:00:00,83127.8,83273.2,82983.5,83076.8,133.26799739
2025-03-30 13:00:00,83076.9,83159.9,82528.8,82688.1,277.21104018
2025-03-30 14:00:00,82686.7,83041.9,82608.0,82808.0,175.11116064
2025-03-30 15:00:00,82808.0,83065.3,82709.0,82735.2,107.78438959
2025-03-30 16:00:00,82736.5,82823.4,82130.0,82284.3,1394.76213691
2025-03-30 17:00:00,82284.4,82574.7,82040.0,82419.7,506.79843633
2025-03-30 18:00:00,82419.7,82800.0,82419.6,82733.9,124.31877925
2025-03-30 19:00:00,82736.0,82914.5,82549.9,82549.9,79.90643597
2025-03-30 20:00:00,82550.0,82664.3,82395.1,82557.3,37.01780102
2025-03-30 21:00:00,82561.1,82712.0,82054.7,82240.1,83.8026919
2025-03-30 22:00:00,82238.8,82760.2,81569.3,82433.2,381.93590232
2025-03-30 23:00:00,82433.3,82436.5,81935.4,82398.2,149.67124898
2025-03-31 00:00:00,82398.4,82456.5,81268.5,81643.2,312.67043976
2025-03-31 01:00:00,81647.3,82267.9,81543.4,81960.4,350.74848062
2025-03-31 02:00:00,81961.9,82189.5,81638.0,81927.5,206.7407813
2025-03-31 03:00:00,81927.5,82033.9,81470.1,81535.4,202.09650594
2025-03-31 04:00:00,81535.9,81871.9,81407.4,81842.0,177.59004731
2025-03-31 05:00:00,81842.1,82304.7,81833.3,82170.4,273.76395844
2025-03-31 06:00:00,82170.3,82266.5,81913.6,82049.8,214.43279334
2025-03-31 07:00:00,82049.8,82301.6,81732.3,81941.3,196.29467673
2025-03-31 08:00:00,81941.3,82265.9,81882.0,81900.7,160.3221766
2025-03-31 09:00:00,81901.0,81975.1,81341.3,81469.5,313.37154651
2025-03-31 10:00:00,81469.6,82223.5,81300.0,82168.2,322.13764744
2025-03-31 11:00:00,82168.3,82275.3,81900.3,82204.4,176.08432303
2025-03-31 12:00:00,82202.6,83176.0,81917.7,82784.0,402.65233524
2025-03-31 13:00:00,82788.7,82875.0,81666.6,82510.1,657.76308808
2025-03-31 14:00:00,82512.0,83761.7,82498.6,83496.2,764.61838768
2025-03-31 15:00:00,83494.5,83929.6,83392.0,83423.0,473.48470629
2025-03-31 16:00:00,83420.7,83694.1,83250.1,83302.0,183.32791922
2025-03-31 17:00:00,83301.9,83558.0,82578.9,82687.4,185.47731395
2025-03-31 18:00:00,82687.4,83572.9,82682.6,83292.4,171.48060805
2025-03-31 19:00:00,83292.3,83446.5,82394.5,82459.7,206.55736345
2025-03-31 20:00:00,82459.7,82840.0,82357.9,82429.9,121.20062047
2025-03-31 21:00:00,82430.0,82754.6,82416.8,82565.1,83.10439483
2025-03-31 22:00:00,82565.2,82573.6,82263.6,82418.0,144.36415808
2025-03-31 23:00:00,82418.4,82895.4,82288.0,82556.9,144.08924939
2025-04-01 00:00:00,82556.9,82847.3,82429.6,82660.0,129.21460981
2025-04-01 01:00:00,82656.4,82744.5,82456.7,82713.6,115.51703528
2025-04-01 02:00:00,82713.6,83112.7,82652.0,83096.9,395.54499271
2025-04-01 03:00:00,83096.8,83252.8,82929.1,82964.9,162.1489988
2025-04-01 04:00:00,82964.9,83239.7,82885.7,83060.0,103.41291434
2025-04-01 05:00:00,83060.0,83332.0,82987.0,83006.2,128.61643277
2025-04-01 06:00:00,83006.3,83500.0,82891.0,83460.0,172.53190131
2025-04-01 07:00:00,83462.8,83599.9,83382.3,83452.7,242.98231003
2025-04-01 08:00:00,83452.8,84211.2,83431.9,84109.7,675.8310142
2025-04-01 09:00:00,84109.7,84392.2,84108.1,84353.8,388.12062256
2025-04-01 10:00:00,84353.9,84502.4,84154.0,84184.1,354.33633793
2025-04-01 11:00:00,84184.1,84214.4,83827.8,83923.4,282.39582521
2025-04-01 12:00:00,83923.4,84159.8,83612.8,83616.2,228.20936716
2025-04-01 13:00:00,83616.2,83908.2,83418.0,83615.4,427.89409929
2025-04-01 14:00:00,83622.2,84357.5,82536.2,84193.3,1097.03415755
2025-04-01 15:00:00,84190.5,85500.0,84178.9,85286.8,1447.36336387
2025-04-01 16:00:00,85288.2,85487.2,84814.9,85116.0,652.55080446
2025-04-01 17:00:00,85116.1,85336.6,84904.5,85120.2,207.33475469
2025-04-01 18:00:00,85120.3,85182.7,84697.2,85128.0,243.72630447
2025-04-01 19:00:00,85127.2,85183.2,84796.9,84968.5,138.78380876
2025-04-01 20:00:00,84968.5,85356.0,84768.2,85235.0,292.36736873
2025-04-01 21:00:00,85237.9,85482.1,85126.7,85240.0,266.00593207
2025-04-01 22:00:00,85240.8,85479.9,85086.2,85108.9,182.42362391
2025-04-01 23:00:00,85107.1,85555.0,84975.0,85168.2,272.64588844
2025-04-02 00:00:00,85168.3,85273.1,84924.7,84972.0,250.6453541
2025-04-02 01:00:00,84973.8,85220.7,84849.8,85155.9,221.25009441
2025-04-02 02:00:00,85156.0,85178.3,84644.7,84724.7,272.73595332
2025-04-02 03:00:00,84724.7,84918.3,84507.4,84549.9,219.34798546
2025-04-02 04:00:00,84550.0,84735.1,84463.6,84604.0,139.99504915
2025-04-02 05:00:00,84603.1,84609.9,84105.5,84107.9,192.96194313
2025-04-02 06:00:00,84107.8,84360.1,83900.0,84130.0,268.49937452
2025-04-02 07:00:00,84130.0,84457.1,84001.3,84420.6,257.16487483
2025-04-02 08:00:00,84420.7,84753.2,84260.0,84670.0,145.2145661
2025-04-02 09:00:00,84670.0,85450.0,84632.0,85019.7,326.35486813
2025-04-02 10:00:00,85019.6,85291.6,84821.7,84865.9,210.98890375
2025-04-02 11:00:00,84865.9,84976.1,84546.6,84569.8,110.65796675
2025-04-02 12:00:00,84569.9,85065.1,84466.6,85057.2,224.0268187
2025-04-02 13:00:00,85057.3,86140.7,84476.0,85230.1,1300.08747446
2025-04-02 14:00:00,85230.0,85966.6,85169.3,85870.0,523.15175586
2025-04-02 15:00:00,85873.9,87344.0,85803.1,86752.4,1699.81432414
2025-04-02 16:00:00,86755.0,87210.0,86584.3,87050.0,350.79460526
2025-04-02 17:00:00,87057.9,87328.5,86345.0,86615.8,340.74946452
2025-04-02 18:00:00,86615.8,86731.1,86208.4,86286.0,280.64692098
2025-04-02 19:00:00,86286.0,87010.9,86174.0,86896.0,366.58839841
2025-04-02 20:00:00,86896.1,88500.0,85223.5,85651.0,3771.52962958
2025-04-02 21:00:00,85653.8,85737.8,84220.5,84856.2,671.91600965
2025-04-02 22:00:00,84856.0,84856.0,82670.4,82823.7,1068.77942397
2025-04-02 23:00:00,82822.0,82854.2,82320.1,82513.2,945.76991106
2025-04-03 00:00:00,82514.1,83406.1,82169.7,83225.4,862.72855208
2025-04-03 01:00:00,83225.5,83937.3,83100.0,83749.7,617.27969247
2025-04-03 02:00:00,83749.8,83890.0,83270.3,83772.0,347.34981693
2025-04-03 03:00:00,83772.0,83780.9,83347.4,83483.7,183.73921867
2025-04-03 04:00:00,83484.0,83742.0,83271.5,83559.2,195.21857675
2025-04-03 05:00:00,83559.2,83714.0,83323.8,83338.0,306.35650378
2025-04-03 06:00:00,83338.1,83422.0,83010.5,83053.2,294.28042154
2025-04-03 07:00:00,83053.2,83498.1,83001.4,83456.1,269.22694442
2025-04-03 08:00:00,83457.9,83791.1,83450.3,83678.1,212.23265623
2025-04-03 09:00:00,83678.1,83774.9,83450.0,83483.7,186.89906107
2025-04-03 10:00:00,83483.7,83750.0,83150.0,83220.1,295.54293213
2025-04-03 11:00:00,83220.0,83364.0,83041.5,83093.1,234.41865978
2025-04-03 12:00:00,83093.0,83142.0,81884.4,81947.9,992.44247787
2025-04-03 13:00:00,81948.0,82798.2,81782.0,82374.4,1049.67942014
2025-04-03 14:00:00,82374.4,82400.0,81312.8,81537.3,903.38647383
2025-04-03 15:00:00,81537.8,82093.9,81203.0,82046.1,542.45448768
2025-04-03 16:00:00,82046.1,82469.6,81723.1,81830.1,1345.76464707
2025-04-03 17:00:00,81830.1,82196.0,81636.0,81837.2,220.64863619
2025-04-03 18:00:00,81837.1,82323.3,81543.7,82111.1,210.57990084
2025-04-03 19:00:00,82111.1,82364.7,81828.9,82016.1,436.88042665
2025-04-03 20:00:00,82016.0,82428.5,81798.8,82370.0,338.81644913
2025-04-03 21:00:00,82370.0,82866.0,82321.9,82725.9,221.39862164
2025-04-03 22:00:00,82725.9,82877.2,82595.5,82736.0,122.01074744
2025-04-03 23:00:00,82736.0,83331.4,82500.1,83216.3,333.08978569
2025-04-04 00:00:00,83216.4,83416.9,83000.0,83038.0,465.60589526
2025-04-04 01:00:00,83038.1,83350.5,82590.1,82703.0,199.52003935
2025-04-04 02:00:00,82703.0,83185.9,82703.0,82907.9,98.66854434
2025-04-04 03:00:00,82909.4,83074.0,82684.0,82816.6,118.04348272
2025-04-04 04:00:00,82816.6,82933.3,82618.1,82728.6,227.87819837
2025-04-04 05:00:00,82728.6,83212.5,82639.5,83192.3,221.93487211
2025-04-04 06:00:00,83190.1,83257.9,83036.1,83054.0,215.02748519
2025-04-04 07:00:00,83054.0,84026.4,83048.1,83999.7,689.31146622
2025-04-04 08:00:00,83999.8,84654.1,83999.8,84419.5,762.72004532
2025-04-04 09:00:00,84419.6,84725.0,84131.6,84577.8,434.4669924
2025-04-04 10:00:00,84580.0,84700.0,82432.8,82593.1,1406.8169629
2025-04-04 11:00:00,82592.1,82785.6,81667.0,82682.0,939.69446238
2025-04-04 12:00:00,82682.0,83233.0,82226.3,82883.6,999.1481399
2025-04-04 13:00:00,82883.7,83518.9,82140.0,83340.2,852.84425897
2025-04-04 14:00:00,83346.6,83520.0,81840.6,82575.0,1058.70599266
2025-04-04 15:00:00,82571.7,83700.0,82481.5,82860.1,1648.5836363
2025-04-04 16:00:00,82862.0,83565.7,82736.8,83390.0,688.05612913
2025-04-04 17:00:00,83388.9,84613.2,82959.3,84466.2,759.74186434
2025-04-04 18:00:00,84466.2,84588.2,83733.3,83994.4,485.94706484
2025-04-04 19:00:00,83994.3,84466.1,83790.6,84000.2,471.16527289
2025-04-04 20:00:00,84000.1,84300.0,83479.7,84164.3,329.16992062
2025-04-04 21:00:00,84166.0,84460.0,83950.0,84195.2,218.90558734
2025-04-04 22:00:00,84195.3,84284.7,84016.6,84061.0,79.64812942
2025-04-04 23:00:00,84061.0,84119.3,83641.7,83889.0,237.01409482
2025-04-05 00:00:00,83889.1,83889.1,83421.0,83793.3,144.73548793
2025-04-05 01:00:00,83793.4,84268.7,83788.8,83975.7,227.7894689
2025-04-05 02:00:00,83975.7,84095.1,83800.6,83977.8,91.20538154
2025-04-05 03:00:00,83977.9,83977.9,83620.0,83630.8,116.09837623
2025-04-05 04:00:00,83630.0,83866.6,83607.4,83684.1,84.15425713
2025-04-05 05:00:00,83684.1,83865.9,83628.0,83684.1,64.49141805
2025-04-05 06:00:00,83684.1,83734.0,83331.9,83484.1,147.05697818
2025-04-05 07:00:00,83484.1,83568.0,83350.0,83527.7,122.77978127
2025-04-05 08:00:00,83527.7,83652.0,83353.5,83517.5,893.81850239
2025-04-05 09:00:00,83517.6,83860.0,83514.7,83848.2,67.41597664
2025-04-05 10:00:00,83848.3,83915.4,83583.4,83651.0,91.34307436
2025-04-05 11:00:00,83651.0,83700.0,83460.0,83469.0,104.99040973
2025-04-05 12:00:00,83468.9,83566.9,83136.0,83293.3,253.93265587
2025-04-05 13:00:00,83293.3,83360.0,82528.1,82764.1,470.36479922
2025-04-05 14:00:00,82764.0,83038.0,82678.1,82919.9,189.16413825
2025-04-05 15:00:00,82920.0,82920.0,82383.0,82620.5,335.31471079
2025-04-05 16:00:00,82620.1,82831.9,82609.4,82749.9,70.6417527
2025-04-05 17:00:00,82750.0,82962.0,82677.2,82874.3,48.04764844
2025-04-05 18:00:00,82874.3,83109.9,82858.4,83038.5,52.30054771
2025-04-05 19:00:00,83038.6,83149.5,82779.8,82862.4,102.75332405
2025-04-05 20:00:00,82862.4,83119.5,82820.1,83087.8,64.01249547
2025-04-05 21:00:00,83087.9,83248.5,82903.6,82923.0,77.59174974
2025-04-05 22:00:00,82926.1,83223.9,82923.6,83195.5,42.87131939
2025-04-05 23:00:00,83195.5,83684.1,83133.4,83534.2,99.58489091
2025-04-06 00:00:00,83539.6,83611.6,83414.0,83520.0,71.22725941
2025-04-06 01:00:00,83520.0,83793.7,83418.6,83432.2,121.13476758
2025-04-06 02:00:00,83432.3,83494.5,83270.0,83291.7,97.46199059
2025-04-06 03:00:00,83291.8,83399.0,83160.8,83346.0,177.26108459
2025-04-06 04:00:00,83345.9,83498.2,83224.7,83493.8,59.01461547
2025-04-06 05:00:00,83493.9,83530.0,83311.3,83441.1,72.39957312
2025-04-06 06:00:00,83441.1,83465.7,83110.5,83110.5,94.06879297
2025-04-06 07:00:00,83110.5,83199.9,83025.1,83028.1,139.64083661
2025-04-06 08:00:00,83028.0,83047.6,82718.2,83026.3,181.99675383
2025-04-06 09:00:00,83026.3,83168.0,82917.7,83077.0,109.15396063
2025-04-06 10:00:00,83077.0,83078.4,82706.2,82868.1,168.92947126
2025-04-06 11:00:00,82868.1,82921.4,82652.0,82843.6,191.84666276
2025-04-06 12:00:00,82842.5,83000.0,82650.0,82695.5,286.25923744
2025-04-06 13:00:00,82695.6,82852.8,82216.0,82305.9,345.03798396
2025-04-06 14:00:00,82306.0,82799.8,82216.0,82661.7,642.42760888
2025-04-06 15:00:00,82661.8,82803.7,82380.1,82547.6,820.46659519
2025-04-06 16:00:00,82547.6,82565.8,81920.0,81969.2,369.3043361
2025-04-06 17:00:00,81967.6,81999.9,80567.1,80812.0,1187.4924041
2025-04-06 18:00:00,80812.0,80812.0,78688.7,79110.0,1909.88808026
2025-04-06 19:00:00,79112.0,79851.1,78832.0,79614.4,544.26846929
2025-04-06 20:00:00,79614.5,79891.3,78523.0,78862.0,715.66810293
2025-04-06 21:00:00,78868.0,79677.4,78704.5,78948.8,439.30688612
2025-04-06 22:00:00,78947.6,79132.3,77810.0,78062.0,1750.26470724
2025-04-06 23:00:00,78060.0,78701.8,77142.8,78426.0,1539.06910795
2025-04-07 00:00:00,78427.1,78520.0,77414.0,78330.1,787.71918358
2025-04-07 01:00:00,78330.1,79340.0,78309.9,79133.4,668.25277268
2025-04-07 02:00:00,79133.3,79224.3,78380.1,78439.0,290.10882749
2025-04-07 03:00:00,78439.0,78510.9,77350.0,77689.0,425.46108369
2025-04-07 04:00:00,77688.9,77981.0,76655.0,76991.9,889.37243361
2025-04-07 05:00:00,76990.1,77502.0,76660.0,76948.0,550.31478042
2025-04-07 06:00:00,76947.9,77299.2,74533.5,74802.0,2517.31087336
2025-04-07 07:00:00,74807.2,75486.7,74501.6,75124.0,2019.3482451
2025-04-07 08:00:00,75124.0,76832.9,75088.9,76263.0,1169.00019222
2025-04-07 09:00:00,76259.9,76800.0,75745.1,76281.9,647.08713292
2025-04-07 10:00:00,76281.9,77565.5,76150.4,76990.0,744.48365684
2025-04-07 11:00:00,76992.0,77400.0,76437.5,76690.0,451.39887201
2025-04-07 12:00:00,76691.5,77670.1,76412.9,77332.5,872.07398123
2025-04-07 13:00:00,77324.7,78487.2,75775.5,78361.3,1352.63065358
2025-04-07 14:00:00,78362.0,81213.5,77875.0,79030.0,6016.04801761
2025-04-07 15:00:00,79037.7,79361.3,77531.2,78480.1,1840.68484911
2025-04-07 16:00:00,78480.0,78583.2,77293.5,77434.0,652.62859764
2025-04-07 17:00:00,77430.2,79208.7,77430.2,79067.0,1115.12990745
2025-04-07 18:00:00,79070.0,79371.2,78281.2,78482.1,542.58193404
2025-04-07 19:00:00,78482.1,78958.0,78010.2,78120.0,592.29641542
2025-04-07 20:00:00,78127.8,79133.7,78100.1,78940.0,219.20253269
2025-04-07 21:00:00,78936.0,79591.6,78657.5,79230.0,206.2728923
2025-04-07 22:00:00,79233.3,80210.0,79174.1,79955.0,367.1476936
2025-04-07 23:00:00,79955.0,80088.0,79083.9,79174.4,285.12203109
2025-04-08 00:00:00,79174.4,79600.2,78998.8,79024.1,219.61799785
2025-04-08 01:00:00,79018.1,80800.0,78776.7,80599.6,634.36053956
2025-04-08 02:00:00,80599.6,80860.0,79900.0,79947.9,426.15161095
2025-04-08 03:00:00,79946.3,80216.2,79753.8,79904.8,272.91488874
2025-04-08 04:00:00,79904.8,80413.4,79858.1,80300.1,213.20530895
2025-04-08 05:00:00,80300.1,80310.0,79530.0,79866.1,302.19109396
2025-04-08 06:00:00,79866.0,79866.0,79284.0,79444.1,276.91529036
2025-04-08 07:00:00,79444.1,79700.0,79216.0,79487.0,279.11250515
2025-04-08 08:00:00,79486.0,79526.0,78943.9,79171.9,430.69079061
2025-04-08 09:00:00,79170.0,79239.7,78869.6,78906.2,217.90013872
2025-04-08 10:00:00,78906.2,79184.3,78818.4,79015.9,188.67030704
2025-04-08 11:00:00,79016.0,80070.0,78965.1,79985.6,385.2559411
2025-04-08 12:00:00,79985.6,80128.3,79566.7,79834.8,285.77421026
2025-04-08 13:00:00,79834.8,80395.0,79378.0,79891.7,811.25642314
2025-04-08 14:00:00,79893.8,80257.3,78477.1,78482.0,880.86223885
2025-04-08 15:00:00,78482.1,78857.7,78176.6,78497.0,726.87937182
2025-04-08 16:00:00,78496.9,78524.9,77360.1,77420.0,760.57525085
2025-04-08 17:00:00,77422.2,77575.6,76555.0,77346.1,985.74303757
2025-04-08 18:00:00,77350.0,77997.8,77078.1,77252.0,577.4294344
2025-04-08 19:00:00,77254.0,77358.2,76353.0,76867.4,863.05981178
2025-04-08 20:00:00,76867.5,77224.7,76602.8,77133.3,494.27472356
2025-04-08 21:00:00,77133.3,77287.0,76728.1,77108.2,126.51621258
2025-04-08 22:00:00,77110.0,77132.1,76243.3,76737.5,405.73364781
2025-04-08 23:00:00,76737.4,76805.7,76302.3,76329.9,320.73429549
2025-04-09 00:00:00,76329.9,76875.7,75934.0,76530.0,555.24321259
2025-04-09 01:00:00,76531.9,76606.8,74627.5,76079.9,1619.78040559
2025-04-09 02:00:00,76080.0,76460.2,75572.0,75675.4,568.99114918
2025-04-09 03:00:00,75675.5,75879.0,75018.2,75078.8,417.58131254
2025-04-09 04:00:00,75073.5,76913.0,75000.0,76421.9,770.56614418
2025-04-09 05:00:00,76422.0,76830.0,76203.9,76733.3,307.92201554
2025-04-09 06:00:00,76733.3,77318.1,76704.6,76834.9,340.41638677
2025-04-09 07:00:00,76834.9,77949.0,76816.7,77688.1,1245.39535056
2025-04-09 08:00:00,77688.0,77870.0,77075.0,77305.9,436.61021094
2025-04-09 09:00:00,77308.0,77541.9,77160.1,77467.9,319.27535684
2025-04-09 10:00:00,77468.0,77574.0,76941.5,77192.0,597.58390251
2025-04-09 11:00:00,77191.9,77204.4,75774.2,76238.3,1557.83907365
2025-04-09 12:00:00,76238.4,77076.4,76030.3,76761.5,691.81720428
2025-04-09 13:00:00,76768.0,77861.5,76707.1,77706.0,1190.49361774
2025-04-09 14:00:00,77702.1,78318.9,76809.0,76880.0,1027.81013891
2025-04-09 15:00:00,76880.0,77663.1,76850.1,77261.4,765.62546628
2025-04-09 16:00:00,77269.2,78349.6,77134.6,78269.9,613.67122348
2025-04-09 17:00:00,78270.0,82307.1,77622.0,82192.0,5210.04882996
2025-04-09 18:00:00,82195.8,82986.2,81700.2,81782.6,2338.42006536
2025-04-09 19:00:00,81782.6,82580.0,81760.2,82335.3,878.28006798
2025-04-09 20:00:00,82335.3,83262.0,82000.1,83189.0,702.78978981
2025-04-09 21:00:00,83188.9,83583.1,82851.9,83280.5,634.36169837
2025-04-09 22:00:00,83280.5,83482.0,82942.1,83054.1,439.56608678
2025-04-09 23:00:00,83054.1,83161.4,82533.2,82618.4,384.69840305
2025-04-10 00:00:00,82618.3,82749.0,82062.5,82350.0,469.71581086
2025-04-10 01:00:00,82350.0,82602.2,82231.6,82252.5,876.79052344
2025-04-10 02:00:00,82252.5,82567.9,82200.0,82203.2,331.40534593
2025-04-10 03:00:00,82206.0,82229.9,81466.7,81774.0,562.06415338
2025-04-10 04:00:00,81774.0,82083.8,81634.3,82018.0,173.66036921
2025-04-10 05:00:00,82018.0,82243.6,81924.4,82163.3,288.48071278
2025-04-10 06:00:00,82163.4,82341.7,81835.4,82147.9,198.63808085
2025-04-10 07:00:00,82147.9,82237.9,81300.0,81593.9,697.92888129
2025-04-10 08:00:00,81594.0,81846.0,81414.5,81547.7,241.56121042
2025-04-10 09:00:00,81549.4,82075.9,81331.7,82030.0,291.4946482
2025-04-10 10:00:00,82028.3,82115.6,81568.9,81761.0,241.50173211
2025-04-10 11:00:00,81761.1,81944.2,81504.2,81874.0,211.64651525
2025-04-10 12:00:00,81873.9,82521.8,81458.6,81706.6,925.69452103
2025-04-10 13:00:00,81712.8,81951.3,80742.6,80871.9,939.2793528
2025-04-10 14:00:00,80871.9,81839.9,80630.1,81266.0,721.50352253
2025-04-10 15:00:00,81266.0,81350.0,78606.1,78750.7,2540.60581174
2025-04-10 16:00:00,78750.6,79676.4,78462.0,79444.0,1558.72202302
2025-04-10 17:00:00,79443.9,79676.0,78608.0,79320.0,787.28998336
2025-04-10 18:00:00,79317.5,79875.0,79215.7,79498.8,438.31932003
2025-04-10 19:00:00,79498.7,80041.4,79306.2,79641.8,538.51704611
2025-04-10 20:00:00,79640.0,79953.3,79566.0,79922.1,210.67013591
2025-04-10 21:00:00,79924.8,80033.2,79666.6,79709.1,79.27655956
2025-04-10 22:00:00,79709.8,79914.2,79538.0,79691.9,180.84708876
2025-04-10 23:00:00,79695.4,79744.0,79378.7,79599.5,251.3898312
2025-04-11 00:00:00,79592.0,79749.9,78970.9,79040.0,345.87582243
2025-04-11 01:00:00,79041.7,80451.7,79011.5,80442.2,938.39273595
2025-04-11 02:00:00,80442.1,80833.2,80152.1,80291.3,363.51556751
2025-04-11 03:00:00,80291.3,80909.0,80285.1,80845.8,310.08720932
2025-04-11 04:00:00,80844.9,81096.9,80709.9,80883.7,312.82482916
2025-04-11 05:00:00,80883.7,80916.0,80512.1,80818.2,162.08064431
2025-04-11 06:00:00,80812.1,81331.3,80812.1,81096.6,533.43694881
2025-04-11 07:00:00,81096.7,81442.0,80852.0,81255.6,439.11116111
2025-04-11 08:00:00,81255.6,81960.0,80780.1,81626.0,720.99633164
2025-04-11 09:00:00,81626.0,82427.1,81442.3,82419.2,604.68303705
2025-04-11 10:00:00,82419.2,82976.0,82290.1,82700.1,697.01911674
2025-04-11 11:00:00,82700.0,82900.4,82020.0,82135.6,629.88047723
2025-04-11 12:00:00,82139.1,82590.8,81813.1,82117.5,543.66753231
2025-04-11 13:00:00,82117.5,83333.0,81820.3,82924.1,1123.44372945
2025-04-11 14:00:00,82924.0,82924.0,81342.8,81900.3,1031.29209864
2025-04-11 15:00:00,81900.2,82712.0,81715.1,82527.9,590.94321812
2025-04-11 16:00:00,82528.0,83027.9,82012.6,82792.0,469.41475636
2025-04-11 17:00:00,82790.1,84044.8,82690.1,83926.8,1112.87349059
2025-04-11 18:00:00,83926.7,84219.2,83510.1,83603.9,535.5339995
2025-04-11 19:00:00,83603.9,83973.9,83552.1,83849.5,231.88237554
2025-04-11 20:00:00,83849.5,84024.0,83700.5,83835.5,153.99812463
2025-04-11 21:00:00,83836.0,84300.0,83631.7,83668.3,243.02218431
2025-04-11 22:00:00,83668.4,83707.4,83310.4,83410.1,146.86951557
2025-04-11 23:00:00,83410.1,83560.4,83143.8,83416.0,208.00249513
2025-04-12 00:00:00,83414.1,83566.5,83234.2,83359.9,181.83434357
2025-04-12 01:00:00,83359.8,83449.9,83141.2,83207.5,328.56010191
2025-04-12 02:00:00,83207.6,83300.0,82800.0,82800.0,264.40874378
2025-04-12 03:00:00,82800.0,83139.9,82764.9,82968.1,303.16893878
2025-04-12 04:00:00,82968.1,83466.6,82850.0,83191.0,1104.01465068
2025-04-12 05:00:00,83191.0,83500.0,83174.7,83329.1,159.14957077
2025-04-12 06:00:00,83329.1,83780.0,83329.1,83554.2,215.81748397
2025-04-12 07:00:00,83554.1,83800.0,83483.3,83715.9,326.60004655
2025-04-12 08:00:00,83715.9,84023.2,83440.1,83596.5,328.62082045
2025-04-12 09:00:00,83596.6,83757.4,83380.9,83538.1,107.12405671
2025-04-12 10:00:00,83538.0,83558.0,83290.8,83420.1,110.2367932
2025-04-12 11:00:00,83420.8,83640.3,83414.0,83520.4,106.99829116
2025-04-12 12:00:00,83520.4,83944.9,83468.5,83836.9,287.79133675
2025-04-12 13:00:00,83838.0,84678.0,83541.3,84449.8,759.40680985
2025-04-12 14:00:00,84449.9,85245.0,84300.0,84823.0,835.77804462
2025-04-12 15:00:00,84823.0,85400.0,84623.9,84996.2,473.58561257
2025-04-12 16:00:00,84996.2,85200.0,84576.0,84652.1,238.76077284
2025-04-12 17:00:00,84652.0,84857.9,84422.0,84760.0,207.77750911
2025-04-12 18:00:00,84760.8,85189.0,84746.1,85171.9,114.96907626
2025-04-12 19:00:00,85172.0,85253.8,84822.0,84932.9,134.02093419
2025-04-12 20:00:00,84932.9,85888.0,84870.0,85506.1,370.87552811
2025-04-12 21:00:00,85506.1,85567.3,85257.1,85355.0,196.87172239
2025-04-12 22:00:00,85355.1,85694.1,85315.0,85330.9,134.66515596
2025-04-12 23:00:00,85331.0,85426.7,85148.0,85268.0,179.64670093
2025-04-13 00:00:00,85268.1,85560.5,85010.0,85494.1,250.94386615
2025-04-13 01:00:00,85494.2,86100.0,85120.1,85242.4,607.3624531
2025-04-13 02:00:00,85241.9,85430.8,84716.0,85280.0,338.48374983
2025-04-13 03:00:00,85280.0,85714.0,85224.1,85416.7,236.85554821
2025-04-13 04:00:00,85416.7,85427.6,84500.0,84620.3,448.89336876
2025-04-13 05:00:00,84620.2,84807.9,84376.4,84510.2,747.86038934
2025-04-13 06:00:00,84510.2,84850.9,84436.1,84605.0,691.79858532
2025-04-13 07:00:00,84605.1,84783.1,84408.0,84418.0,222.14599412
2025-04-13 08:00:00,84417.9,84699.1,84265.7,84678.0,177.87675216
2025-04-13 09:00:00,84678.1,84954.8,84497.1,84910.1,145.78374253
2025-04-13 10:00:00,84910.1,84955.9,84504.7,84691.9,120.65499803
2025-04-13 11:00:00,84692.0,84773.6,84204.0,84520.6,197.67002516
2025-04-13 12:00:00,84520.6,84696.1,84230.7,84457.1,263.47719732
2025-04-13 13:00:00,84457.1,84608.1,83464.1,83565.0,1621.94959142
2025-04-13 14:00:00,83565.0,84148.8,83458.0,84085.1,408.55279874
2025-04-13 15:00:00,84086.0,84086.0,83662.8,83850.8,166.53063274
2025-04-13 16:00:00,83850.8,84428.5,83837.1,84221.7,398.49665568
2025-04-13 17:00:00,84221.7,85024.0,84188.5,84756.1,371.90978564
2025-04-13 18:00:00,84755.9,84950.0,84522.0,84728.2,186.61986715
2025-04-13 19:00:00,84728.2,84728.2,83020.2,83983.3,554.37225201
2025-04-13 20:00:00,83983.9,84436.7,83158.4,83502.9,287.17135883
2025-04-13 21:00:00,83502.8,83818.1,83040.0,83603.8,298.46691089
2025-04-13 22:00:00,83603.9,83872.1,83166.3,83329.9,319.22423011
2025-04-13 23:00:00,83329.9,83847.9,83166.7,83760.0,132.38826671
2025-04-14 00:00:00,83758.1,85172.0,83688.2,84329.4,496.47192747
2025-04-14 01:00:00,84329.3,84685.6,84083.4,84230.2,229.72409492
2025-04-14 02:00:00,84230.2,85534.4,84033.4,85115.5,511.01953245
2025-04-14 03:00:00,85115.5,85132.0,84455.1,84569.3,396.94233548
2025-04-14 04:00:00,84568.9,85106.8,84415.0,84877.4,158.76680965
2025-04-14 05:00:00,84877.4,85000.0,84343.1,84579.1,221.58628379
2025-04-14 06:00:00,84579.1,84657.9,84289.8,84636.0,196.82723845
2025-04-14 07:00:00,84636.0,84796.7,84226.9,84586.0,249.50965838
2025-04-14 08:00:00,84586.1,84962.6,84424.1,84766.0,257.13141782
2025-04-14 09:00:00,84766.0,84914.2,84254.0,84449.2,205.95518283
2025-04-14 10:00:00,84444.6,84824.0,84313.8,84672.0,281.41813838
2025-04-14 11:00:00,84672.0,84968.0,84495.4,84929.8,484.53573119
2025-04-14 12:00:00,84929.8,85236.7,84750.0,85133.6,227.89846151
2025-04-14 13:00:00,85136.0,85280.0,84054.2,84376.1,439.85391149
2025-04-14 14:00:00,84377.9,85808.1,84266.7,85415.3,1074.95550564
2025-04-14 15:00:00,85415.2,85462.0,83711.0,84102.0,1517.95658815
2025-04-14 16:00:00,84106.7,84676.6,83859.3,84341.3,460.49299288
2025-04-14 17:00:00,84344.7,84894.0,84217.6,84867.0,426.45933904
2025-04-14 18:00:00,84867.9,85065.9,84685.7,84977.5,259.16273103
2025-04-14 19:00:00,84974.4,85206.0,84758.0,84900.2,323.7053295
2025-04-14 20:00:00,84900.2,84959.9,84531.6,84843.9,151.35686145
2025-04-14 21:00:00,84844.0,84963.9,84440.1,84699.4,247.01874278
2025-04-14 22:00:00,84699.5,84733.3,84413.2,84493.3,128.55815007
2025-04-14 23:00:00,84493.4,84774.6,84418.1,84586.6,72.75717689
2025-04-15 00:00:00,84586.7,84950.9,84335.1,84918.1,162.47876927
2025-04-15 01:00:00,84918.1,85124.8,84533.5,84975.5,127.26127617
2025-04-15 02:00:00,84979.2,85300.0,84691.5,85222.5,190.15071365
2025-04-15 03:00:00,85224.8,85416.6,85026.6,85380.6,309.36415836
2025-04-15 04:00:00,85380.7,85527.8,85157.1,85486.3,198.7919253
2025-04-15 05:00:00,85486.3,85879.9,85477.4,85539.1,406.37452351
2025-04-15 06:00:00,85539.1,85691.9,85354.0,85387.1,206.75804001
2025-04-15 07:00:00,85387.0,85779.9,85384.1,85732.9,265.98340664
2025-04-15 08:00:00,85732.9,85979.7,85650.1,85833.0,393.98314521
2025-04-15 09:00:00,85833.0,85988.0,85591.4,85987.9,425.5732996
2025-04-15 10:00:00,85987.9,86000.0,85450.0,85636.5,331.93287674
2025-04-15 11:00:00,85636.5,85659.8,85334.5,85582.2,194.0824758
2025-04-15 12:00:00,85584.0,85822.0,85440.1,85820.0,188.05517314
2025-04-15 13:00:00,85815.4,86460.0,85500.6,85572.6,889.58754486
2025-04-15 14:00:00,85578.0,85966.5,84840.0,85139.2,1031.61503637
2025-04-15 15:00:00,85139.3,85383.5,84625.1,84915.7,328.05166336
2025-04-15 16:00:00,84917.7,85142.8,84777.0,84854.9,184.20165317
2025-04-15 17:00:00,84855.0,85007.9,84406.9,84482.8,240.64730583
2025-04-15 18:00:00,84482.7,84602.2,84150.0,84184.1,319.7460242
2025-04-15 19:00:00,84184.1,84218.6,83900.0,83970.5,604.3939388
2025-04-15 20:00:00,83970.6,84186.3,83800.0,84000.3,362.37408269
2025-04-15 21:00:00,84003.4,84228.4,83856.5,84166.9,213.4374185
2025-04-15 22:00:00,84166.9,84166.9,83680.5,83832.1,280.61080629
2025-04-15 23:00:00,83832.1,83859.8,83603.2,83650.7,213.83908167
2025-04-16 00:00:00,83650.6,83708.8,83128.0,83138.2,294.32779647
2025-04-16 01:00:00,83138.1,83659.5,83107.6,83638.8,325.35498862
2025-04-16 02:00:00,83632.1,83919.9,83578.8,83888.4,231.10511849
2025-04-16 03:00:00,83888.5,83948.2,83650.0,83679.9,147.65624366
2025-04-16 04:00:00,83679.9,83790.5,83400.1,83584.6,149.61924591
2025-04-16 05:00:00,83584.6,83814.9,83216.7,83364.1,273.90346493
2025-04-16 06:00:00,83364.0,83724.9,83267.3,83642.3,166.24325862
2025-04-16 07:00:00,83642.3,83740.0,83314.5,83364.1,305.26657991
2025-04-16 08:00:00,83364.1,84111.2,83131.0,83736.5,443.19163614
2025-04-16 09:00:00,83737.5,83933.3,83591.9,83591.9,119.06606421
2025-04-16 10:00:00,83591.8,83984.0,83567.1,83934.0,98.34444279
2025-04-16 11:00:00,83934.0,84118.5,83771.0,84044.8,162.48094344
2025-04-16 12:00:00,84045.4,84260.0,83720.0,83746.1,197.43788061
2025-04-16 13:00:00,83746.2,84194.0,83500.3,83722.7,363.28133865
2025-04-16 14:00:00,83720.4,84846.7,83700.1,84596.0,508.52209776
2025-04-16 15:00:00,84595.3,85280.5,84500.0,84849.5,569.9676696
2025-04-16 16:00:00,84849.9,85227.2,84691.3,85046.0,295.25103368
2025-04-16 17:00:00,85045.9,85550.0,83276.6,83292.0,744.43530209
2025-04-16 18:00:00,83291.9,84485.4,83278.2,84030.0,502.06080817
2025-04-16 19:00:00,84030.0,84488.9,83803.6,84338.2,262.20777873
2025-04-16 20:00:00,84336.4,84656.8,84240.1,84298.7,96.99064997
2025-04-16 21:00:00,84299.3,84683.0,84257.3,84555.9,100.97554277
2025-04-16 22:00:00,84556.0,84601.3,84303.0,84458.3,91.54882594
2025-04-16 23:00:00,84458.3,84497.7,84024.1,84029.7,131.9883349
2025-04-17 00:00:00,84029.8,84221.4,83937.2,84216.6,133.6500997
2025-04-17 01:00:00,84216.5,84496.3,84120.1,84339.4,101.53080699
2025-04-17 02:00:00,84339.4,84339.4,84028.4,84264.2,72.95204175
2025-04-17 03:00:00,84264.3,84298.0,83800.0,83998.0,211.47647658
2025-04-17 04:00:00,83998.0,84183.9,83895.7,84154.0,123.59332413
2025-04-17 05:00:00,84154.0,84488.0,84087.6,84383.7,239.983726
2025-04-17 06:00:00,84383.8,84866.0,84300.1,84772.1,377.26145209
2025-04-17 07:00:00,84772.2,85050.0,84590.9,84667.2,310.04541009
2025-04-17 08:00:00,84667.1,84764.3,84400.0,84443.3,139.83866756
2025-04-17 09:00:00,84443.4,84527.0,84350.7,84475.8,141.05820172
2025-04-17 10:00:00,84475.9,84509.9,84177.7,84375.4,110.93123416
2025-04-17 11:00:00,84375.4,84763.9,84272.6,84572.0,149.27613771
2025-04-17 12:00:00,84572.1,84869.0,84572.1,84772.4,222.60605665
2025-04-17 13:00:00,84772.5,84780.5,84314.8,84475.9,245.01889732
2025-04-17 14:00:00,84475.9,84477.7,83722.0,84093.2,545.48182106
2025-04-17 15:00:00,84093.2,84698.0,84093.2,84544.6,298.23864801
2025-04-17 16:00:00,84544.7,85111.0,84409.0,84941.8,1117.90644379
2025-04-17 17:00:00,84941.9,85200.0,84788.2,85114.1,408.00139206
2025-04-17 18:00:00,85116.8,85489.0,84908.6,84910.0,650.96666277
2025-04-17 19:00:00,84911.0,85134.7,84493.5,84849.9,385.47856065
2025-04-17 20:00:00,84849.3,85148.4,84849.3,85141.7,120.11490076
2025-04-17 21:00:00,85141.8,85142.1,84896.0,85058.1,61.52504127
2025-04-17 22:00:00,85058.1,85105.0,84726.0,84726.1,149.88730831
2025-04-17 23:00:00,84726.1,85039.4,84726.1,84955.0,172.67105058
2025-04-18 00:00:00,84955.1,85021.8,84724.9,84818.4,106.63902459
2025-04-18 01:00:00,84818.4,85138.0,84818.4,84931.9,90.7609926
2025-04-18 02:00:00,84931.9,84993.0,84816.0,84900.0,74.91915885
2025-04-18 03:00:00,84900.1,84914.6,84742.0,84838.0,93.27293376
2025-04-18 04:00:00,84838.0,84852.3,84600.0,84668.1,84.83225716
2025-04-18 05:00:00,84668.0,84745.5,84520.0,84741.9,120.26178973
2025-04-18 06:00:00,84741.9,84788.9,84589.2,84719.8,150.31617761
2025-04-18 07:00:00,84719.8,84736.0,84409.0,84666.1,243.30609264
2025-04-18 08:00:00,84666.1,84774.5,84606.1,84653.2,91.29351746
2025-04-18 09:00:00,84653.3,84654.0,84522.1,84553.6,56.83259882
2025-04-18 10:00:00,84553.7,84662.1,84493.8,84532.7,63.69766877
2025-04-18 11:00:00,84532.7,84679.5,84476.1,84670.1,56.78748917
2025-04-18 12:00:00,84670.1,84771.9,84571.5,84647.2,67.60635306
2025-04-18 13:00:00,84647.2,84647.2,84478.2,84568.9,184.00452264
2025-04-18 14:00:00,84568.9,84621.3,84382.1,84585.9,163.07239484
2025-04-18 15:00:00,84586.0,84615.3,84335.0,84375.2,113.88883918
2025-04-18 16:00:00,84375.2,84554.0,84300.0,84484.8,71.67509867
2025-04-18 17:00:00,84484.8,84600.0,84388.1,84572.3,56.22304709
2025-04-18 18:00:00,84572.4,84662.3,84507.1,84622.0,55.10349529
2025-04-18 19:00:00,84622.1,84646.9,84518.2,84570.9,32.08572576
2025-04-18 20:00:00,84571.0,84633.3,84468.0,84512.1,39.96680278
2025-04-18 21:00:00,84512.1,84690.3,84484.3,84632.2,76.42418858
2025-04-18 22:00:00,84633.3,84649.9,84425.8,84533.6,92.47074984
2025-04-18 23:00:00,84533.7,84533.7,84348.0,84468.6,147.06475789
2025-04-19 00:00:00,84468.6,84493.9,84370.0,84438.2,57.59520172
2025-04-19 01:00:00,84438.3,84600.0,84424.0,84545.8,70.33110917
2025-04-19 02:00:00,84545.8,84824.5,84500.0,84784.0,135.17403956
2025-04-19 03:00:00,84784.0,85000.0,84736.0,84881.1,780.21496526
2025-04-19 04:00:00,84881.2,85268.5,84881.2,85023.9,241.73419646
2025-04-19 05:00:00,85024.0,85183.7,84993.0,85075.1,115.21013521
2025-04-19 06:00:00,85075.2,85103.0,84887.8,84918.1,85.77771782
2025-04-19 07:00:00,84918.0,85266.6,84918.0,85217.8,192.83701879
2025-04-19 08:00:00,85217.9,85398.0,85109.8,85319.6,161.87210279
2025-04-19 09:00:00,85318.1,85465.0,85222.9,85342.2,590.91771848
2025-04-19 10:00:00,85342.3,85355.8,85164.3,85260.0,90.17321725
2025-04-19 11:00:00,85260.0,85289.0,85130.0,85225.9,63.88648966
2025-04-19 12:00:00,85226.0,85329.0,85205.0,85294.1,51.41547048
2025-04-19 13:00:00,85294.1,85506.5,85203.4,85485.0,387.13445383
2025-04-19 14:00:00,85485.1,85505.0,85363.6,85409.8,73.39414586
2025-04-19 15:00:00,85409.9,85661.0,85076.0,85190.0,287.51597632
2025-04-19 16:00:00,85190.0,85329.9,84713.2,84854.2,273.48111505
2025-04-19 17:00:00,84854.3,85257.0,84835.6,85237.5,80.12661293
2025-04-19 18:00:00,85237.5,85323.5,85135.9,85147.3,43.06104337
2025-04-19 19:00:00,85147.4,85212.7,85050.1,85096.1,38.7279235
2025-04-19 20:00:00,85096.2,85271.8,85018.5,85196.4,24.92946178
2025-04-19 21:00:00,85196.3,85380.0,85183.7,85350.0,49.26367773
2025-04-19 22:00:00,85350.0,85368.0,85218.4,85265.9,34.59069104
2025-04-19 23:00:00,85266.0,85266.0,85070.0,85087.8,39.62093013
2025-04-20 00:00:00,85087.9,85237.5,85039.9,85165.9,65.83433765
2025-04-20 01:00:00,85166.0,85350.1,85145.7,85322.9,186.30053713
2025-04-20 02:00:00,85323.0,85333.2,85208.0,85237.9,61.5313033
2025-04-20 03:00:00,85238.0,85275.4,85116.1,85172.0,70.1755519
2025-04-20 04:00:00,85172.0,85251.2,85088.6,85184.1,112.68882439
2025-04-20 05:00:00,85184.1,85204.7,85090.0,85090.1,42.69078933
2025-04-20 06:00:00,85090.1,85170.7,84855.4,84958.0,145.24932117
2025-04-20 07:00:00,84958.0,84958.0,84645.9,84790.2,2063.89461006
2025-04-20 08:00:00,84790.2,84796.3,84615.0,84649.8,111.34695404
2025-04-20 09:00:00,84649.9,84650.0,84440.0,84531.4,532.06633521
2025-04-20 10:00:00,84531.4,84531.4,84000.0,84179.9,509.4143246
2025-04-20 11:00:00,84179.9,84261.0,83941.7,84128.4,267.66049596
2025-04-20 12:00:00,84128.4,84480.1,84100.1,84368.0,206.22899533
2025-04-20 13:00:00,84368.0,84459.9,84148.1,84289.0,271.37925507
2025-04-20 14:00:00,84289.0,84689.0,84216.9,84629.9,788.27669789
2025-04-20 15:00:00,84630.0,84630.0,84300.0,84345.4,185.03260848
2025-04-20 16:00:00,84345.4,84636.0,84259.4,84607.6,158.28087352
2025-04-20 17:00:00,84607.7,84620.0,84450.0,84578.0,34.85066277
2025-04-20 18:00:00,84578.0,84633.3,84466.6,84572.3,29.02544242
2025-04-20 19:00:00,84572.3,84665.0,84520.2,84648.5,22.53113338
2025-04-20 20:00:00,84648.6,85257.0,84620.0,85131.4,404.03987121
2025-04-20 21:00:00,85131.5,85250.5,84904.5,85007.8,93.87876667
2025-04-20 22:00:00,85007.7,85033.0,84674.1,84834.0,103.42847192
2025-04-20 23:00:00,84833.9,85300.0,84833.9,85183.7,243.80763408
2025-04-21 00:00:00,85183.8,87022.1,85143.4,86638.0,2166.97429019
2025-04-21 01:00:00,86634.9,87445.3,86634.9,87294.0,936.19545306
2025-04-21 02:00:00,87294.0,87654.3,87099.7,87351.9,452.64261775
2025-04-21 03:00:00,87352.0,87622.0,87167.7,87202.0,235.27138522
2025-04-21 04:00:00,87202.1,87399.8,87050.0,87358.5,170.48196068
2025-04-21 05:00:00,87358.6,87738.0,87334.1,87549.9,305.13436936
2025-04-21 06:00:00,87550.0,87698.5,87363.5,87511.8,176.70040227
2025-04-21 07:00:00,87511.8,87608.6,87338.0,87436.1,424.05466562
2025-04-21 08:00:00,87436.1,87712.3,87414.2,87571.7,169.56110601
2025-04-21 09:00:00,87571.7,87789.2,87300.3,87500.0,238.56836917
2025-04-21 10:00:00,87500.0,87570.0,87250.1,87342.8,174.36883895
2025-04-21 11:00:00,87342.0,87351.3,86637.6,86972.9,336.77992042
2025-04-21 12:00:00,86972.8,87533.2,86962.3,87034.0,252.52149616
2025-04-21 13:00:00,87034.0,87578.0,86779.7,87035.6,648.53908495
2025-04-21 14:00:00,87030.0,88466.0,86937.6,88207.8,1441.18788347
2025-04-21 15:00:00,88204.2,88332.9,87852.1,88042.5,896.90332664
2025-04-21 16:00:00,88042.6,88260.0,87056.6,87194.9,713.8919275
2025-04-21 17:00:00,87192.5,87312.2,86400.0,86862.7,1147.61253859
2025-04-21 18:00:00,86862.7,87056.7,86646.3,86800.0,339.29052186
2025-04-21 19:00:00,86799.9,87492.0,86711.3,87410.2,417.3399767
2025-04-21 20:00:00,87410.3,87439.7,87141.9,87366.3,128.04828438
2025-04-21 21:00:00,87366.3,87388.0,86875.9,87265.7,91.58169719
2025-04-21 22:00:00,87264.8,87284.8,86923.1,87163.9,153.19633273
2025-04-21 23:00:00,87163.9,87624.9,87014.2,87516.1,173.13283694
2025-04-22 00:00:00,87512.1,87726.0,87062.8,87698.2,304.6043688
2025-04-22 01:00:00,87698.1,88878.0,87508.5,88390.0,850.13977072
2025-04-22 02:00:00,88389.8,88679.0,87904.7,88177.7,420.6006828
2025-04-22 03:00:00,88177.7,88280.0,87833.4,88159.1,404.99407799
2025-04-22 04:00:00,88156.8,88370.0,88045.5,88063.4,132.35102869
2025-04-22 05:00:00,88063.3,88411.9,87965.5,88387.9,172.76134059
2025-04-22 06:00:00,88388.0,88456.0,87991.1,88239.8,189.50074569
2025-04-22 07:00:00,88239.9,88490.0,88146.5,88481.2,253.59872797
2025-04-22 08:00:00,88481.2,88688.0,88320.2,88410.7,268.01532355
2025-04-22 09:00:00,88410.8,88609.9,88306.4,88576.7,179.00366687
2025-04-22 10:00:00,88576.7,88599.7,88245.0,88513.3,195.76571741
2025-04-22 11:00:00,88513.3,88698.0,88474.6,88615.9,190.94673379
2025-04-22 12:00:00,88615.5,89234.0,88480.0,88986.0,576.28526264
2025-04-22 13:00:00,88986.0,90500.0,88940.0,90240.0,2167.3325177
2025-04-22 14:00:00,90240.0,90946.6,90032.0,90789.0,826.70855118
2025-04-22 15:00:00,90789.0,91427.2,90369.8,90925.9,1687.9285263
2025-04-22 16:00:00,90926.0,91040.0,90612.0,90678.1,628.03793309
2025-04-22 17:00:00,90677.5,91480.0,90660.0,91386.3,465.00226682
2025-04-22 18:00:00,91386.2,91666.0,91130.1,91496.3,424.56885614
2025-04-22 19:00:00,91496.4,91698.6,90903.5,91420.0,519.36594314
2025-04-22 20:00:00,91419.2,91514.5,91057.0,91097.5,248.60694553
2025-04-22 21:00:00,91097.5,94086.3,91049.5,93039.9,1854.87838099
2025-04-22 22:00:00,93039.9,93327.5,92544.8,92795.8,570.59982636
2025-04-22 23:00:00,92795.7,93866.6,92795.7,93447.9,488.16685993
2025-04-23 00:00:00,93448.0,93899.0,92786.6,92912.0,576.88771316
2025-04-23 01:00:00,92912.1,93512.3,92602.0,92647.9,399.42662245
2025-04-23 02:00:00,92647.9,93272.6,92624.0,92882.1,436.73364143
2025-04-23 03:00:00,92882.1,93234.0,92700.0,93176.1,211.20573043
2025-04-23 04:00:00,93176.2,93686.0,93022.0,93663.4,424.87566447
2025-04-23 05:00:00,93663.3,93663.3,93288.0,93493.7,301.51939063
2025-04-23 06:00:00,93493.7,93876.0,93428.2,93636.8,426.36673576
2025-04-23 07:00:00,93636.8,94299.9,93490.7,94144.0,615.19086768
2025-04-23 08:00:00,94144.0,94500.0,93911.0,94275.0,593.46239614
2025-04-23 09:00:00,94275.1,94390.0,93888.9,93890.3,325.56593378
2025-04-23 10:00:00,93890.4,93898.0,93332.4,93736.0,490.01570878
2025-04-23 11:00:00,93735.8,93796.1,93330.6,93473.9,226.07567746
2025-04-23 12:00:00,93473.8,93859.7,93426.0,93740.0,230.79834853
2025-04-23 13:00:00,93739.9,94779.6,92870.4,93025.0,1210.24254636
2025-04-23 14:00:00,93027.6,93658.3,92666.6,92937.5,710.82238076
2025-04-23 15:00:00,92937.0,93233.0,91935.8,93188.5,1168.52060394
2025-04-23 16:00:00,93188.5,93760.7,92903.2,93630.8,393.67705358
2025-04-23 17:00:00,93630.0,93990.6,93442.6,93889.0,284.40086592
2025-04-23 18:00:00,93889.0,94212.1,93613.7,93613.7,229.52163322
2025-04-23 19:00:00,93613.4,93614.2,92950.4,93490.1,313.21186167
2025-04-23 20:00:00,93490.0,93866.5,93459.4,93626.1,162.1897329
2025-04-23 21:00:00,93626.0,93910.8,93267.5,93479.9,162.2843987
2025-04-23 22:00:00,93480.0,93786.8,93223.2,93785.0,160.4889945
2025-04-23 23:00:00,93785.0,93840.0,93511.7,93676.1,98.54460954
2025-04-24 00:00:00,93676.0,93773.1,93236.8,93364.1,180.4746582
2025-04-24 01:00:00,93364.2,93619.8,93074.0,93490.3,179.44412307
2025-04-24 02:00:00,93490.3,93646.8,93036.6,93105.0,221.91483267
2025-04-24 03:00:00,93105.0,93327.8,92627.3,92659.2,293.75781433
2025-04-24 04:00:00,92659.3,92828.1,92375.0,92750.0,457.93553767
2025-04-24 05:00:00,92750.0,92897.0,92520.1,92583.9,144.74943135
2025-04-24 06:00:00,92583.9,92666.0,92250.0,92389.8,234.68486066
2025-04-24 07:00:00,92389.9,92638.0,92089.8,92198.9,313.92217167
2025-04-24 08:00:00,92198.8,92356.4,91662.9,92019.9,1269.32829468
2025-04-24 09:00:00,92020.0,92580.0,91975.7,92467.6,359.99973621
2025-04-24 10:00:00,92467.6,92665.5,92363.9,92552.8,238.65431947
2025-04-24 11:00:00,92552.8,92644.0,92280.0,92623.2,296.90985635
2025-04-24 12:00:00,92623.3,92808.0,92434.5,92774.0,217.11345168
2025-04-24 13:00:00,92774.0,92975.2,92552.5,92814.1,340.44051143
2025-04-24 14:00:00,92814.0,93408.8,92621.3,93094.0,547.78737249
2025-04-24 15:00:00,93094.0,93471.5,93009.7,93205.8,297.88141725
2025-04-24 16:00:00,93205.8,93597.2,93204.2,93341.8,396.18450926
2025-04-24 17:00:00,93341.8,93438.1,92670.1,93005.7,272.25789512
2025-04-24 18:00:00,93005.7,93466.6,92992.8,93378.0,157.09742252
2025-04-24 19:00:00,93378.1,93670.2,93197.8,93563.0,281.96518205
2025-04-24 20:00:00,93560.1,93649.9,93308.1,93395.4,196.74184523
2025-04-24 21:00:00,93395.3,93570.0,93026.0,93359.9,105.43747866
2025-04-24 22:00:00,93360.0,93588.9,93282.8,93435.7,132.04767002
2025-04-24 23:00:00,93435.8,93998.0,93366.7,93973.9,446.58069863
2025-04-25 00:00:00,93974.0,93998.0,93518.1,93905.2,214.53699262
2025-04-25 01:00:00,93905.2,94433.3,93601.2,93664.3,519.12484798
2025-04-25 02:00:00,93664.3,93878.9,92881.5,92981.9,520.04583865
2025-04-25 03:00:00,92981.9,93390.0,92842.0,93316.0,283.51520886
2025-04-25 04:00:00,93316.1,93499.3,93036.5,93054.5,172.85733678
2025-04-25 05:00:00,93054.5,93437.0,93010.1,93211.8,476.22699679
2025-04-25 06:00:00,93211.9,93621.9,93202.0,93546.1,266.42813632
2025-04-25 07:00:00,93546.1,93874.7,93483.1,93773.5,785.09879032
2025-04-25 08:00:00,93773.5,93896.0,93612.6,93681.9,206.88931181
2025-04-25 09:00:00,93681.9,93868.0,93536.9,93825.4,206.17734059
2025-04-25 10:00:00,93825.4,93981.9,93573.1,93637.6,168.85127088
2025-04-25 11:00:00,93638.0,94640.8,93638.0,94625.0,624.25669029
2025-04-25 12:00:00,94627.8,94992.8,94266.3,94414.0,653.69155695
2025-04-25 13:00:00,94414.0,94685.8,93937.7,94398.1,327.87154595
2025-04-25 14:00:00,94398.0,95768.4,94354.9,95374.0,1535.97612925
2025-04-25 15:00:00,95374.0,95670.0,94806.1,95067.6,659.09251277
2025-04-25 16:00:00,95067.6,95379.9,94714.6,95216.7,269.93284215
2025-04-25 17:00:00,95216.7,95550.0,94378.2,94531.9,384.54081772
2025-04-25 18:00:00,94532.0,95230.0,94530.1,94974.6,233.43280083
2025-04-25 19:00:00,94974.6,95319.8,94870.2,95283.8,337.17713719
2025-04-25 20:00:00,95286.0,95342.0,94766.7,94860.7,165.09960147
2025-04-25 21:00:00,94860.8,95035.2,94450.1,94600.0,118.864705
2025-04-25 22:00:00,94601.9,94965.5,94582.0,94843.9,48.62997998
2025-04-25 23:00:00,94843.9,94972.5,94610.9,94640.0,140.90616
2025-04-26 00:00:00,94645.1,94942.8,94555.1,94899.6,207.54561477
2025-04-26 01:00:00,94898.2,95208.8,94758.2,95017.2,103.83050274
2025-04-26 02:00:00,95017.2,95154.0,94708.4,94994.2,98.57294817
2025-04-26 03:00:00,94994.3,95065.7,94710.0,94737.5,164.67353033
2025-04-26 04:00:00,94737.4,94840.0,94525.1,94533.9,203.05971248
2025-04-26 05:00:00,94534.0,94714.9,94380.0,94626.2,212.62153634
2025-04-26 06:00:00,94626.2,94750.0,94586.1,94641.0,47.27306243
2025-04-26 07:00:00,94641.0,94799.9,94562.0,94562.1,245.94092941
2025-04-26 08:00:00,94562.1,94731.5,94248.8,94312.0,265.43421909
2025-04-26 09:00:00,94312.0,94428.0,94125.0,94275.9,211.73721869
2025-04-26 10:00:00,94276.0,94413.5,94146.0,94221.5,107.24029725
2025-04-26 11:00:00,94220.1,94262.0,94000.0,94144.5,290.60740167
2025-04-26 12:00:00,94144.5,94325.5,94114.0,94241.9,194.62621513
2025-04-26 13:00:00,94242.0,94304.0,93870.1,94154.1,214.83448518
2025-04-26 14:00:00,94154.0,94267.5,93919.0,94235.9,321.65542505
2025-04-26 15:00:00,94236.0,94399.9,94180.0,94366.0,176.41056485
2025-04-26 16:00:00,94366.0,94371.3,94023.9,94296.0,429.75799628
2025-04-26 17:00:00,94295.9,94382.5,94226.1,94331.6,81.50788717
2025-04-26 18:00:00,94331.6,94384.0,94123.1,94159.9,64.36302414
2025-04-26 19:00:00,94159.9,94341.8,94100.0,94307.3,51.27519321
2025-04-26 20:00:00,94307.3,94392.2,94086.7,94097.2,46.19345405
2025-04-26 21:00:00,94097.2,94366.1,94097.2,94360.7,61.26907343
2025-04-26 22:00:00,94360.7,94799.9,94360.7,94784.2,355.60129081
2025-04-26 23:00:00,94784.3,94900.0,94558.6,94631.8,157.31885473
2025-04-27 00:00:00,94631.8,94981.4,94576.0,94868.0,200.30624419
2025-04-27 01:00:00,94868.0,95310.0,94050.0,94120.0,553.29704253
2025-04-27 02:00:00,94120.0,94470.5,94056.1,94349.9,110.14291331
2025-04-27 03:00:00,94350.0,94466.9,94138.0,94166.0,70.39034552
2025-04-27 04:00:00,94166.0,94299.0,94014.0,94021.7,120.52059735
2025-04-27 05:00:00,94021.7,94180.9,93657.9,93929.5,321.02255928
2025-04-27 06:00:00,93930.0,94104.0,93884.0,94032.8,168.16841151
2025-04-27 07:00:00,94034.0,94165.8,93934.0,94080.7,124.53389012
2025-04-27 08:00:00,94081.9,94333.2,94016.3,94210.7,162.20258159
2025-04-27 09:00:00,94210.8,94242.0,94098.2,94164.0,82.07789404
2025-04-27 10:00:00,94164.0,94190.5,93942.5,94053.2,86.45878077
2025-04-27 11:00:00,94053.2,94091.2,93885.6,93918.3,110.41749287
2025-04-27 12:00:00,93916.6,93996.3,93691.1,93753.9,156.70920302
2025-04-27 13:00:00,93754.0,94089.9,93610.3,94072.1,155.2699829
2025-04-27 14:00:00,94072.0,94186.0,93933.7,93984.9,96.2681585
2025-04-27 15:00:00,93984.9,94015.9,93787.7,93902.1,102.81382005
2025-04-27 16:00:00,93902.1,93934.0,93718.3,93894.5,335.15530323
2025-04-27 17:00:00,93894.5,94176.9,93791.4,94056.0,114.11464606
2025-04-27 18:00:00,94056.1,94428.0,93998.0,94297.9,90.92591902
2025-04-27 19:00:00,94297.9,94449.9,94202.0,94435.9,61.42317904
2025-04-27 20:00:00,94436.0,94446.0,94262.0,94268.0,64.93645787
2025-04-27 21:00:00,94268.0,94544.0,94162.2,94322.6,173.86207708
2025-04-27 22:00:00,94324.2,94333.6,93650.0,93939.8,155.90772552
2025-04-27 23:00:00,93939.7,93939.7,93658.1,93744.0,80.33764757
2025-04-28 00:00:00,93744.0,93797.9,93288.0,93416.0,377.52348868
2025-04-28 01:00:00,93416.1,93591.9,92774.1,92940.0,656.61740646
2025-04-28 02:00:00,92939.9,93630.0,92878.1,93614.0,321.6559682
2025-04-28 03:00:00,93614.0,93979.3,93460.2,93849.9,303.8640303
2025-04-28 04:00:00,93849.9,94184.5,93849.9,94019.4,268.85263596
2025-04-28 05:00:00,94019.5,94342.7,93952.1,94228.2,254.33824382
2025-04-28 06:00:00,94228.2,94666.6,94228.1,94582.0,255.41461613
2025-04-28 07:00:00,94581.9,94797.4,94480.5,94688.1,221.05318043
2025-04-28 08:00:00,94688.1,94827.5,94588.1,94701.9,176.97761356
2025-04-28 09:00:00,94702.0,94880.0,94661.3,94733.0,218.67545783
2025-04-28 10:00:00,94733.2,95214.6,94334.1,95058.0,758.16055905
2025-04-28 11:00:00,95058.1,95550.1,94982.9,95313.8,1209.70985565
2025-04-28 12:00:00,95313.9,95600.0,95054.1,95333.6,277.59859058
2025-04-28 13:00:00,95333.5,95499.9,93917.8,93964.1,879.91728794
2025-04-28 14:00:00,93964.1,94915.9,93830.4,94424.4,679.61830403
2025-04-28 15:00:00,94424.4,94531.4,93588.0,93840.0,447.82320741
2025-04-28 16:00:00,93838.5,94039.5,93450.0,93746.0,336.82075886
2025-04-28 17:00:00,93746.0,94121.6,93502.8,94106.6,424.26092296
2025-04-28 18:00:00,94106.5,94223.0,93791.4,94188.1,81.1058929
2025-04-28 19:00:00,94187.7,94933.3,94158.0,94799.9,454.83258663
2025-04-28 20:00:00,94795.2,94814.8,94372.0,94470.0,134.83674535
2025-04-28 21:00:00,94470.0,94557.9,94292.1,94552.0,84.916261
2025-04-28 22:00:00,94552.1,94899.9,94473.6,94827.9,287.50757006
2025-04-28 23:00:00,94827.5,95178.0,94794.5,95014.6,241.6314614
2025-04-29 00:00:00,95014.6,95234.7,94820.0,95052.1,265.16921425
2025-04-29 01:00:00,95052.1,95465.2,94732.0,94851.2,427.4838765
2025-04-29 02:00:00,94851.3,94964.3,94500.1,94616.8,324.38730777
2025-04-29 03:00:00,94619.0,94806.0,94440.0,94655.8,125.63024884
2025-04-29 04:00:00,94655.9,94870.0,94308.0,94362.6,158.98776738
2025-04-29 05:00:00,94362.6,94430.0,94200.0,94286.4,162.59606428
2025-04-29 06:00:00,94286.4,94814.0,94265.8,94774.3,177.1109367
2025-04-29 07:00:00,94774.4,94973.0,94707.8,94930.0,241.14133697
2025-04-29 08:00:00,94930.0,95106.0,94813.9,95022.0,334.51197891
2025-04-29 09:00:00,95022.1,95088.0,94794.0,94984.6,126.20773874
2025-04-29 10:00:00,94984.6,95047.0,94746.0,94811.4,160.45881649
2025-04-29 11:00:00,94810.4,95294.0,94801.4,95126.3,183.60263886
2025-04-29 12:00:00,95126.3,95181.4,94766.0,94823.8,176.74728685
2025-04-29 13:00:00,94823.9,95036.4,94589.6,94801.2,221.86768958
2025-04-29 14:00:00,94801.2,95300.0,94527.1,95051.9,450.19560139
2025-04-29 15:00:00,95051.9,95134.1,94730.0,94840.4,149.5008955
2025-04-29 16:00:00,94840.5,95464.9,94800.2,94956.7,284.36182355
2025-04-29 17:00:00,94955.7,95369.3,94655.6,95245.0,244.69234291
2025-04-29 18:00:00,95246.0,95443.9,95060.1,95399.0,219.28149013
2025-04-29 19:00:00,95399.0,95450.3,95225.5,95306.7,159.89413538
2025-04-29 20:00:00,95306.7,95410.1,94818.1,94837.9,114.11288679
2025-04-29 21:00:00,94837.9,94974.1,94353.6,94748.1,357.07486434
2025-04-29 22:00:00,94748.0,94748.0,94000.0,94149.6,833.85496466
2025-04-29 23:00:00,94149.6,94311.8,93729.9,94242.0,506.77217929
2025-04-30 00:00:00,94242.0,94635.0,94128.1,94541.9,199.17710581
2025-04-30 01:00:00,94540.2,94607.9,94281.4,94531.9,116.93859595
2025-04-30 02:00:00,94532.0,94797.0,94449.2,94649.7,174.50445912
2025-04-30 03:00:00,94649.7,95111.0,94500.0,95036.0,272.96688334
2025-04-30 04:00:00,95036.0,95186.0,94861.9,95064.1,223.91785369
2025-04-30 05:00:00,95064.2,95116.7,94868.0,94899.9,160.02255171
2025-04-30 06:00:00,94900.0,94973.7,94750.0,94750.1,80.05198543
2025-04-30 07:00:00,94750.1,94879.9,94500.0,94626.0,240.82800039
2025-04-30 08:00:00,94626.0,94813.2,94526.0,94712.0,122.25983421
2025-04-30 09:00:00,94712.1,95055.1,94667.5,94975.7,103.74993477
2025-04-30 10:00:00,94978.1,95025.9,94852.4,94941.1,106.6065586
2025-04-30 11:00:00,94941.2,95236.0,94928.0,95181.5,201.6369647
2025-04-30 12:00:00,95181.6,95220.0,94360.0,94551.3,426.22294313
2025-04-30 13:00:00,94550.1,94666.5,93034.5,93046.2,1146.30796231
2025-04-30 14:00:00,93046.2,94369.9,92914.1,93723.3,1183.63798284
2025-04-30 15:00:00,93723.3,94129.7,93658.0,94009.3,256.95574071
2025-04-30 16:00:00,94007.3,94199.8,93528.1,93948.7,193.27361886
2025-04-30 17:00:00,93948.8,94280.0,93757.2,94108.5,146.6854824
2025-04-30 18:00:00,94108.6,94537.0,94000.0,94092.2,202.64181918
2025-04-30 19:00:00,94092.3,94285.0,93764.0,94160.0,147.49651489
2025-04-30 20:00:00,94169.8,94746.3,94112.5,94564.0,217.54072818
2025-04-30 21:00:00,94563.9,94786.3,94375.5,94429.6,96.08187714
2025-04-30 22:00:00,94429.5,94723.9,94054.3,94116.0,180.32342173
2025-04-30 23:00:00,94116.0,94340.3,93981.8,94163.1,137.68102972
2025-05-01 00:00:00,94163.1,94406.3,94125.5,94401.3,134.19263257
2025-05-01 01:00:00,94401.3,94711.0,94380.8,94641.3,196.1370935
2025-05-01 02:00:00,94641.3,94970.0,94608.1,94839.4,389.02011314
2025-05-01 03:00:00,94840.0,95000.0,94676.4,94779.9,304.49603686
2025-05-01 04:00:00,94780.0,94924.0,94702.8,94869.4,93.20389254
2025-05-01 05:00:00,94869.5,95180.0,94832.0,95141.8,318.64981226
2025-05-01 06:00:00,95141.7,95179.4,94791.7,94877.2,233.94494943
2025-05-01 07:00:00,94877.2,95098.0,94782.8,95007.5,108.97094372
2025-05-01 08:00:00,95007.6,95207.9,94900.0,95197.1,232.77067785
2025-05-01 09:00:00,95197.1,95806.6,95126.0,95517.7,580.74818178
2025-05-01 10:00:00,95517.3,96394.0,95517.3,96171.9,714.44407004
2025-05-01 11:00:00,96171.9,96261.9,95831.3,96183.5,202.8173743
2025-05-01 12:00:00,96183.5,96504.3,96111.0,96376.1,1023.14119792
2025-05-01 13:00:00,96376.1,96732.9,95800.0,95810.9,583.05566867
2025-05-01 14:00:00,95810.9,96933.0,95810.9,96835.2,624.80513388
2025-05-01 15:00:00,96830.0,97426.0,96749.3,96849.8,823.58152361
2025-05-01 16:00:00,96849.9,97365.2,96849.9,97007.9,273.9465978
2025-05-01 17:00:00,97008.0,97232.7,96518.0,96814.6,906.44145806
2025-05-01 18:00:00,96814.7,96986.8,96410.0,96875.2,798.93637886
2025-05-01 19:00:00,96875.3,96900.0,96402.6,96555.4,764.52966595
2025-05-01 20:00:00,96550.0,96894.7,96318.2,96414.8,349.98865423
2025-05-01 21:00:00,96414.8,96785.0,96395.6,96475.7,95.99495192
2025-05-01 22:00:00,96476.5,96658.0,96368.1,96384.9,109.80897962
2025-05-01 23:00:00,96386.5,96519.9,96188.0,96488.2,96.74158261
2025-05-02 00:00:00,96488.0,97065.6,96468.0,97041.8,239.68501839
2025-05-02 01:00:00,97041.8,97188.8,96767.1,96971.9,243.39152489
2025-05-02 02:00:00,96971.8,97059.5,96727.2,96954.0,93.87830635
2025-05-02 03:00:00,96955.8,97240.0,96955.8,97109.9,166.81600201
2025-05-02 04:00:00,97110.0,97300.0,96880.0,96940.1,183.99217602
2025-05-02 05:00:00,96940.0,97000.0,96628.0,96708.8,107.23031275
2025-05-02 06:00:00,96705.8,96896.1,96552.2,96719.9,148.98095678
2025-05-02 07:00:00,96719.9,96737.9,96315.8,96362.4,1294.85747601
2025-05-02 08:00:00,96362.3,96781.0,96353.9,96641.2,1075.15045498
2025-05-02 09:00:00,96641.2,96789.5,96467.5,96614.0,81.98675491
2025-05-02 10:00:00,96614.0,96939.9,96604.0,96900.0,129.76308347
2025-05-02 11:00:00,96900.0,97100.0,96881.6,96933.3,335.40173056
2025-05-02 12:00:00,96933.3,97211.7,96650.0,97195.9,454.33592121
2025-05-02 13:00:00,97196.0,97269.1,96674.9,96774.0,262.91441495
2025-05-02 14:00:00,96774.0,97896.0,96702.1,97746.1,795.74566264
2025-05-02 15:00:00,97746.1,97890.0,97058.1,97331.1,357.2916192
2025-05-02 16:00:00,97331.1,97799.9,97330.1,97351.8,309.08969709
2025-05-02 17:00:00,97351.9,97432.3,97029.8,97396.1,206.64836856
2025-05-02 18:00:00,97396.2,97613.3,97146.0,97178.6,282.40989762
2025-05-02 19:00:00,97178.5,97187.5,96756.0,96919.8,295.50261925
2025-05-02 20:00:00,96920.0,97140.0,96836.5,97018.1,103.32912947
2025-05-02 21:00:00,97018.1,97043.6,96555.2,96718.1,90.17430181
2025-05-02 22:00:00,96718.1,96797.2,96571.0,96654.7,117.48362423
2025-05-02 23:00:00,96654.7,96905.2,96600.0,96891.6,92.09571106
2025-05-03 00:00:00,96891.7,96929.3,96626.1,96702.0,123.9983664
2025-05-03 01:00:00,96702.1,96729.9,96435.2,96505.3,176.72869864
2025-05-03 02:00:00,96508.0,96710.5,96492.1,96524.1,261.0455784
2025-05-03 03:00:00,96524.0,96543.1,96303.7,96336.0,355.3297933
2025-05-03 04:00:00,96336.0,96591.5,96308.0,96519.4,59.40805898
2025-05-03 05:00:00,96519.5,96600.0,96400.0,96420.0,75.23141319
2025-05-03 06:00:00,96420.0,96420.1,96123.0,96179.9,172.01135964
2025-05-03 07:00:00,96180.0,96399.9,96149.8,96328.0,190.40395152
2025-05-03 08:00:00,96328.0,96444.3,96131.3,96302.0,771.25235789
2025-05-03 09:00:00,96302.1,96418.2,96200.0,96260.5,59.02941652
2025-05-03 10:00:00,96260.1,96260.1,95850.0,95916.1,316.06402937
2025-05-03 11:00:00,95916.1,96099.9,95874.3,95944.0,122.58062477
2025-05-03 12:00:00,95944.1,96182.7,95892.0,96135.9,128.65328671
2025-05-03 13:00:00,96136.0,96346.0,96108.2,96344.0,75.84486014
2025-05-03 14:00:00,96343.9,96460.2,96291.0,96381.9,84.68017567
2025-05-03 15:00:00,96381.9,96514.0,96326.1,96428.0,301.91640067
2025-05-03 16:00:00,96428.0,96434.2,96065.2,96215.1,144.62114113
2025-05-03 17:00:00,96215.0,96215.0,95875.7,96198.1,106.6189678
2025-05-03 18:00:00,96198.1,96279.9,96105.0,96155.0,41.78141341
2025-05-03 19:00:00,96155.1,96366.6,96131.2,96359.9,45.55481724
2025-05-03 20:00:00,96360.0,96402.2,96285.7,96350.9,50.91637604
2025-05-03 21:00:00,96351.0,96448.0,96250.0,96278.7,85.72808074
2025-05-03 22:00:00,96278.8,96367.7,96168.2,96180.6,89.74427165
2025-05-03 23:00:00,96180.6,96186.0,95751.6,95861.6,209.22216027
2025-05-04 00:00:00,95860.1,96055.0,95774.5,95873.9,89.66537197
2025-05-04 01:00:00,95873.9,96184.0,95600.0,96099.9,360.00348302
2025-05-04 02:00:00,96100.0,96299.9,95808.0,95884.3,268.74741605
2025-05-04 03:00:00,95884.3,95903.7,95666.6,95736.0,158.77595779
2025-05-04 04:00:00,95736.0,95945.9,95735.0,95738.1,84.12689485
2025-05-04 05:00:00,95738.2,96145.4,95700.0,96048.0,115.57897057
2025-05-04 06:00:00,96048.1,96148.0,95867.8,95915.9,102.97156726
2025-05-04 07:00:00,95916.0,96089.3,95812.6,95895.3,81.46689266
2025-05-04 08:00:00,95895.3,95939.3,95425.8,95650.0,277.32047311
2025-05-04 09:00:00,95650.0,95696.9,95440.1,95495.9,105.21060634
2025-05-04 10:00:00,95496.0,95537.9,95294.2,95398.0,187.65897394
2025-05-04 11:00:00,95398.0,95567.0,95361.9,95430.0,78.18590671
2025-05-04 12:00:00,95430.0,95600.0,95418.1,95477.9,78.16378605
2025-05-04 13:00:00,95478.0,95613.3,95234.0,95386.7,138.38905756
2025-05-04 14:00:00,95389.5,95649.2,95335.3,95604.9,85.24163939
2025-05-04 15:00:00,95604.8,95696.9,95418.1,95467.6,110.68649933
2025-05-04 16:00:00,95467.6,95570.7,95294.0,95347.2,75.2542982
2025-05-04 17:00:00,95347.2,95484.1,95242.5,95409.5,71.94453515
2025-05-04 18:00:00,95409.5,95491.9,95353.7,95376.0,62.4687443
2025-05-04 19:00:00,95376.1,95640.4,95338.0,95583.3,62.45723959
2025-05-04 20:00:00,95584.0,95730.7,95564.1,95712.7,96.17796984
2025-05-04 21:00:00,95712.6,95760.4,95616.7,95671.2,70.8072886
2025-05-04 22:00:00,95671.3,95684.5,94729.4,95012.5,666.39119525
2025-05-04 23:00:00,95012.5,95032.1,94123.2,94273.7,821.68971008
2025-05-05 00:00:00,94273.8,94800.0,94200.0,94714.1,197.41548402
2025-05-05 01:00:00,94714.1,94757.1,93701.1,93923.4,911.78065835
2025-05-05 02:00:00,93923.4,94393.9,93489.1,94241.9,416.32043808
2025-05-05 03:00:00,94242.0,94303.4,94016.0,94044.0,166.8823024
2025-05-05 04:00:00,94044.1,94451.2,94017.6,94417.9,173.13025407
2025-05-05 05:00:00,94418.3,94771.9,94234.0,94741.5,232.33615134
2025-05-05 06:00:00,94744.0,94790.0,94568.0,94766.9,156.14463478
2025-05-05 07:00:00,94766.9,94825.6,94536.1,94759.9,185.49299085
2025-05-05 08:00:00,94760.0,94796.0,94500.4,94567.8,164.06687892
2025-05-05 09:00:00,94567.9,94654.0,94490.0,94566.9,93.76957947
2025-05-05 10:00:00,94567.0,94575.4,94062.8,94126.0,250.71003384
2025-05-05 11:00:00,94126.1,94287.4,93900.1,94046.0,228.91664496
2025-05-05 12:00:00,94046.1,94354.0,93917.3,94339.9,142.03077148
2025-05-05 13:00:00,94339.9,94415.6,93647.0,94233.2,364.41474512
2025-05-05 14:00:00,94233.2,94550.0,93732.9,93887.9,349.16363239
2025-05-05 15:00:00,93887.9,93981.3,93614.1,93782.8,209.88054624
2025-05-05 16:00:00,93782.9,94291.6,93766.0,94216.0,150.21910157
2025-05-05 17:00:00,94216.1,94634.0,94070.0,94511.4,164.70698418
2025-05-05 18:00:00,94511.5,94916.8,94444.7,94733.1,138.56130724
2025-05-05 19:00:00,94733.2,94906.6,94286.8,94351.0,108.14526356
2025-05-05 20:00:00,94350.0,94370.0,93873.5,94254.0,267.07994326
2025-05-05 21:00:00,94254.0,94843.5,94242.0,94725.9,125.45496064
2025-05-05 22:00:00,94725.9,95217.5,94717.9,95049.9,347.2365887
2025-05-05 23:00:00,95049.9,95138.0,94699.9,94737.3,246.06656906
2025-05-06 00:00:00,94737.3,94786.0,94430.0,94606.3,105.67427619
2025-05-06 01:00:00,94606.3,94935.0,94300.1,94306.0,197.82526633
2025-05-06 02:00:00,94306.0,94404.9,94018.0,94341.4,161.63854538
2025-05-06 03:00:00,94341.4,94518.0,94219.6,94466.4,115.69765329
2025-05-06 04:00:00,94466.5,94589.0,94343.3,94579.8,75.87726363
2025-05-06 05:00:00,94579.9,94610.0,94305.9,94341.9,155.9005176
2025-05-06 06:00:00,94342.0,94498.0,94328.7,94498.0,69.31735194
2025-05-06 07:00:00,94498.0,94636.0,94350.1,94390.0,132.50737481
2025-05-06 08:00:00,94392.0,94400.0,94000.0,94379.9,352.90277553
2025-05-06 09:00:00,94379.9,94381.9,94112.1,94223.4,102.8470026
2025-05-06 10:00:00,94223.5,94338.2,93864.1,93953.2,255.45510962
2025-05-06 11:00:00,93953.2,94069.0,93720.1,93814.0,127.92129722
2025-05-06 12:00:00,93814.1,94052.0,93770.0,93953.7,162.41979367
2025-05-06 13:00:00,93953.8,94021.9,93390.1,93615.4,484.01010763
2025-05-06 14:00:00,93612.8,94695.6,93610.5,94151.9,734.07995402
2025-05-06 15:00:00,94151.5,94737.9,94073.4,94567.9,442.09855558
2025-05-06 16:00:00,94568.0,94820.5,94214.5,94238.0,310.05388549
2025-05-06 17:00:00,94238.1,94861.2,94238.0,94522.1,243.02129155
2025-05-06 18:00:00,94522.0,95100.2,94501.9,95075.2,261.35706618
2025-05-06 19:00:00,95075.3,95170.0,94916.6,94972.1,358.85406617
2025-05-06 20:00:00,94972.0,95026.0,94628.0,94678.0,162.92901521
2025-05-06 21:00:00,94678.1,94802.0,94454.1,94696.0,60.13917873
2025-05-06 22:00:00,94695.9,96287.5,94680.4,96246.1,1373.67473126
2025-05-06 23:00:00,96246.1,96900.0,96089.3,96833.9,610.25916566
2025-05-07 00:00:00,96834.0,97500.0,96741.7,97418.1,875.00726243
2025-05-07 01:00:00,97418.0,97731.8,97176.9,97241.9,442.08371755
2025-05-07 02:00:00,97242.0,97278.0,96483.3,96634.0,534.37826632
2025-05-07 03:00:00,96634.0,96676.0,96213.3,96517.4,286.73985053
2025-05-07 04:00:00,96517.5,96718.8,96424.2,96586.0,100.47365479
2025-05-07 05:00:00,96586.0,96586.0,96324.0,96390.0,177.64117903
2025-05-07 06:00:00,96390.0,96666.6,96362.2,96570.0,150.13344487
2025-05-07 07:00:00,96569.9,97009.6,96555.2,96988.0,162.89684191
2025-05-07 08:00:00,96988.0,97083.0,96857.1,97018.4,162.78824249
2025-05-07 09:00:00,97018.1,97057.9,96868.0,96974.8,168.80778978
2025-05-07 10:00:00,96974.8,97118.0,96830.0,97018.1,162.15026368
2025-05-07 11:00:00,97018.1,97070.4,96926.0,97053.0,96.84137108
2025-05-07 12:00:00,97053.0,97197.3,96864.1,96972.4,158.28239272
2025-05-07 13:00:00,96972.4,97311.2,96715.2,97017.1,319.46164044
2025-05-07 14:00:00,97017.2,97497.8,96804.0,96935.3,446.11063203
2025-05-07 15:00:00,96934.4,97164.7,96764.0,96937.0,132.16565694
2025-05-07 16:00:00,96937.0,96959.3,96518.0,96856.1,155.08174322
2025-05-07 17:00:00,96856.0,96892.5,96199.1,96319.9,267.84641838
2025-05-07 18:00:00,96316.6,96875.0,95894.0,96596.0,518.54982711
2025-05-07 19:00:00,96596.0,96625.0,95788.9,96186.1,384.90389907
2025-05-07 20:00:00,96187.9,96763.4,96072.2,96763.4,133.13434422
2025-05-07 21:00:00,96763.5,97323.0,96644.0,97125.1,236.8619578
2025-05-07 22:00:00,97126.1,97310.3,97009.3,97256.1,170.15659091
2025-05-07 23:00:00,97256.1,97396.9,96967.0,97026.0,219.23169546
2025-05-08 00:00:00,97026.0,97800.0,96872.0,97763.9,297.03509667
2025-05-08 01:00:00,97761.8,98379.7,97592.0,97812.1,1463.57250246
2025-05-08 02:00:00,97814.0,98844.7,97814.0,98676.7,639.61970816
2025-05-08 03:00:00,98676.6,99233.9,98526.0,99148.6,540.27854007
2025-05-08 04:00:00,99148.7,99421.9,98932.6,98955.1,510.76387797
2025-05-08 05:00:00,98955.2,99129.6,98740.0,98752.0,214.12623544
2025-05-08 06:00:00,98752.0,99043.7,98728.0,99040.0,177.07994506
2025-05-08 07:00:00,99040.0,99400.0,99040.0,99263.7,522.51073043
2025-05-08 08:00:00,99263.7,99800.0,99215.0,99671.7,667.28655147
2025-05-08 09:00:00,99671.7,99819.4,99544.0,99796.0,341.15476035
2025-05-08 10:00:00,99796.1,99900.0,99688.0,99787.4,244.1230239
2025-05-08 11:00:00,99787.3,99790.0,99419.2,99419.3,458.94394959
2025-05-08 12:00:00,99419.3,99567.0,99258.1,99295.3,293.80698457
2025-05-08 13:00:00,99295.4,99640.2,99090.4,99301.4,275.99608778
2025-05-08 14:00:00,99301.5,99818.1,99158.0,99380.0,535.60398633
2025-05-08 15:00:00,99378.1,101546.6,99322.0,100763.4,2035.07942918
2025-05-08 16:00:00,100763.3,101358.0,100594.9,101286.0,461.8246232
2025-05-08 17:00:00,101286.0,101714.2,100788.3,101023.0,472.89062183
2025-05-08 18:00:00,101023.0,101473.6,100965.8,101365.9,190.40829475
2025-05-08 19:00:00,101365.9,101365.9,100970.1,101317.0,489.17539627
2025-05-08 20:00:00,101318.0,102850.0,101290.0,102614.2,800.38122278
2025-05-08 21:00:00,102604.2,104295.8,102118.1,102832.5,1157.33978202
2025-05-08 22:00:00,102832.5,103229.4,102400.1,103017.8,385.17875537
2025-05-08 23:00:00,103017.9,103309.3,102788.7,103270.0,242.9671974
2025-05-09 00:00:00,103269.9,103274.0,102531.6,102815.0,265.03315365
2025-05-09 01:00:00,102815.0,103139.2,102550.0,103102.5,334.67724581
2025-05-09 02:00:00,103102.4,103102.4,102488.9,102611.9,188.56621973
2025-05-09 03:00:00,102611.9,102803.7,102349.7,102451.1,394.69708149
2025-05-09 04:00:00,102451.0,102857.2,102376.2,102826.1,243.23815538
2025-05-09 05:00:00,102826.1,102972.2,102577.4,102972.1,298.18943854
2025-05-09 06:00:00,102972.2,103270.6,102928.1,103238.7,580.29315514
2025-05-09 07:00:00,103238.1,104366.0,103116.7,103630.0,1347.55102756
2025-05-09 08:00:00,103629.9,103942.0,102601.6,102966.8,740.9118102
2025-05-09 09:00:00,102964.1,103290.7,102415.9,102923.7,484.08315771
2025-05-09 10:00:00,102924.5,103474.0,102800.1,103368.4,202.938602
2025-05-09 11:00:00,103368.1,103524.9,102680.5,102962.6,302.15395795
2025-05-09 12:00:00,102962.7,103163.9,102800.0,102903.9,136.35259779
2025-05-09 13:00:00,102904.0,103791.1,102829.0,103624.4,306.90335281
2025-05-09 14:00:00,103624.3,103749.9,102400.1,103162.4,816.89306524
2025-05-09 15:00:00,103162.5,103318.6,102700.0,102904.0,300.12123239
2025-05-09 16:00:00,102904.7,102938.0,102300.0,102483.9,246.23087878
2025-05-09 17:00:00,102483.2,103240.0,102343.5,103212.8,281.91198405
2025-05-09 18:00:00,103212.8,103373.0,102932.6,103183.1,200.95005622
2025-05-09 19:00:00,103183.1,103293.9,102892.7,103199.9,236.96847186
2025-05-09 20:00:00,103195.9,103418.0,103141.0,103193.9,108.00780603
2025-05-09 21:00:00,103194.0,103227.8,102777.7,102992.0,129.61011461
2025-05-09 22:00:00,102992.0,103082.0,102738.7,102790.9,64.22506405
2025-05-09 23:00:00,102791.0,102993.0,102740.1,102986.0,70.01681487
2025-05-10 00:00:00,102986.1,103135.2,102824.2,102860.1,156.18663203
2025-05-10 01:00:00,102860.1,103124.0,102860.0,102978.1,72.54243538
2025-05-10 02:00:00,102978.1,103272.9,102943.3,103152.1,106.70408776
2025-05-10 03:00:00,103152.1,103230.5,102964.8,103222.0,64.58634511
2025-05-10 04:00:00,103222.1,103222.1,103035.2,103168.0,58.99113937
2025-05-10 05:00:00,103168.1,103370.4,103100.0,103370.4,188.94425342
2025-05-10 06:00:00,103370.5,103956.7,103370.1,103946.4,383.40372975
2025-05-10 07:00:00,103946.1,104122.0,103642.9,103777.9,356.64000628
2025-05-10 08:00:00,103778.0,104091.1,103466.6,103638.2,296.48315214
2025-05-10 09:00:00,103638.2,103922.8,103368.0,103775.9,246.58054548
2025-05-10 10:00:00,103776.0,103899.5,103591.7,103598.0,96.91670713
2025-05-10 11:00:00,103596.2,103670.0,103392.0,103432.2,139.90612699
2025-05-10 12:00:00,103432.3,103830.0,103422.7,103702.7,143.27974522
2025-05-10 13:00:00,103702.8,103808.6,103532.0,103640.1,110.95406413
2025-05-10 14:00:00,103640.1,103677.4,103425.0,103526.9,124.40679974
2025-05-10 15:00:00,103526.9,103539.0,103100.6,103143.3,182.36407019
2025-05-10 16:00:00,103143.3,103535.9,103130.1,103451.0,329.75913704
2025-05-10 17:00:00,103451.1,103631.1,103158.7,103177.3,280.66835084
2025-05-10 18:00:00,103176.4,103315.7,103010.0,103240.1,181.66999804
2025-05-10 19:00:00,103240.1,103311.7,103044.8,103195.5,179.23615271
2025-05-10 20:00:00,103195.5,103326.8,103064.9,103193.9,46.11541696
2025-05-10 21:00:00,103194.0,103804.0,103158.0,103744.2,81.95199676
2025-05-10 22:00:00,103742.4,103846.1,103548.4,103592.1,130.85715567
2025-05-10 23:00:00,103592.0,104999.0,103566.6,104820.0,737.1499569
2025-05-11 00:00:00,104819.9,104968.1,103920.0,104419.6,420.99248608
2025-05-11 01:00:00,104419.2,104542.3,103857.5,104136.7,203.73812686
2025-05-11 02:00:00,104136.6,104296.1,103422.3,103764.0,302.42643441
2025-05-11 03:00:00,103764.0,104192.1,103648.8,104000.0,173.03555267
2025-05-11 04:00:00,104000.1,104400.0,103987.0,104164.0,140.56401393
2025-05-11 05:00:00,104164.0,104206.0,103807.1,103839.4,89.7246139
2025-05-11 06:00:00,103839.5,103986.0,103610.1,103858.9,154.26299403
2025-05-11 07:00:00,103858.9,103874.0,103333.3,103380.7,305.51412036
2025-05-11 08:00:00,103380.0,104029.1,103370.1,103817.4,186.37439854
2025-05-11 09:00:00,103817.4,104480.0,103817.3,104351.4,216.74082817
2025-05-11 10:00:00,104351.4,104663.9,104193.5,104647.8,185.38848058
2025-05-11 11:00:00,104644.8,104785.7,104362.9,104656.0,190.9834495
2025-05-11 12:00:00,104656.1,104900.0,104514.0,104582.0,619.08120219
2025-05-11 13:00:00,104582.0,104655.7,103948.5,103975.3,639.96365919
2025-05-11 14:00:00,103975.4,104295.2,103783.1,104165.9,284.86037443
2025-05-11 15:00:00,104165.9,104688.0,103900.0,104134.6,295.44882862
2025-05-11 16:00:00,104134.7,104175.2,103750.1,103992.0,193.79245007
2025-05-11 17:00:00,103992.0,104160.0,103791.3,104034.3,81.76438095
2025-05-11 18:00:00,104034.4,104833.2,103850.7,104528.6,174.55332304
2025-05-11 19:00:00,104528.7,104657.9,104357.6,104416.0,80.17108758
2025-05-11 20:00:00,104416.1,104450.0,104152.7,104266.9,64.92431715
2025-05-11 21:00:00,104267.0,104397.9,103950.0,104363.9,121.83324497
2025-05-11 22:00:00,104363.9,104590.0,103571.4,103792.0,312.10509019
2025-05-11 23:00:00,103794.1,104145.0,103764.8,104126.0,238.36439774
2025-05-12 00:00:00,104126.9,104638.0,104060.6,104593.3,205.50808122
2025-05-12 01:00:00,104593.3,105150.0,103754.0,103988.5,546.63937878
2025-05-12 02:00:00,103988.5,104210.0,103714.0,103900.2,234.89503397
2025-05-12 03:00:00,103900.2,104100.0,103716.4,104099.9,101.47633937
2025-05-12 04:00:00,104100.0,104170.0,103818.1,104062.5,101.62326651
2025-05-12 05:00:00,104062.5,104080.0,103750.0,103949.8,133.8108029
2025-05-12 06:00:00,103949.9,104412.0,103802.3,104381.5,181.35782818
2025-05-12 07:00:00,104381.5,105850.0,104164.1,104481.1,1944.34557165
2025-05-12 08:00:00,104481.1,104736.5,104060.8,104608.9,374.37380996
2025-05-12 09:00:00,104608.9,104671.9,104361.4,104455.0,151.52920948
2025-05-12 10:00:00,104456.0,104557.8,104161.0,104528.9,138.18820117
2025-05-12 11:00:00,104528.9,104633.3,103626.2,103767.8,454.578016
2025-05-12 12:00:00,103767.8,104146.0,103724.1,103888.3,261.35463898
2025-05-12 13:00:00,103888.3,104651.8,103674.0,104326.3,613.94022439
2025-05-12 14:00:00,104326.4,104390.0,102580.0,102814.4,1315.89623174
2025-05-12 15:00:00,102814.5,103216.0,102391.0,102520.1,603.23531108
2025-05-12 16:00:00,102520.1,103075.0,102420.1,102846.1,324.58767802
2025-05-12 17:00:00,102846.1,103082.1,102535.0,102558.0,169.59302888
2025-05-12 18:00:00,102558.0,102660.0,100733.0,101624.9,983.49416799
2025-05-12 19:00:00,101625.0,102116.5,101485.7,101859.5,243.30367988
2025-05-12 20:00:00,101858.0,102895.2,101775.7,102682.0,143.41326733
2025-05-12 21:00:00,102684.0,102754.3,102352.6,102500.1,76.86548361
2025-05-12 22:00:00,102500.0,102936.5,102350.1,102865.4,115.01882584
2025-05-12 23:00:00,102865.5,103136.9,102788.1,102790.0,143.67780713
2025-05-13 00:00:00,102790.1,102790.1,102177.4,102273.8,135.97688861
2025-05-13 01:00:00,102273.9,102717.9,102073.2,102390.8,247.0067548
2025-05-13 02:00:00,102390.8,102702.9,101691.3,102060.0,319.85461261
2025-05-13 03:00:00,102058.3,102164.9,101418.1,101713.5,468.8432815
2025-05-13 04:00:00,101713.4,102765.9,101613.4,102730.0,383.62845482
2025-05-13 05:00:00,102728.3,102728.3,102229.4,102464.0,353.82033368
2025-05-13 06:00:00,102464.1,102678.0,102322.5,102544.3,142.74751505
2025-05-13 07:00:00,102544.3,102950.0,102544.2,102670.0,212.92665463
2025-05-13 08:00:00,102669.9,102954.0,102540.1,102712.0,220.24163223
2025-05-13 09:00:00,102712.1,103519.2,102712.1,103456.2,390.65154915
2025-05-13 10:00:00,103456.3,103614.4,103261.9,103560.0,122.23567564
2025-05-13 11:00:00,103559.9,103834.1,103449.9,103724.9,313.66720072
2025-05-13 12:00:00,103729.8,103987.9,103320.0,103688.0,543.10439004
2025-05-13 13:00:00,103687.9,103928.5,103392.8,103717.0,343.45997813
2025-05-13 14:00:00,103718.1,103752.0,102804.1,103203.8,821.21604972
2025-05-13 15:00:00,103204.0,103880.0,103150.0,103685.6,321.55111362
2025-05-13 16:00:00,103685.5,104408.1,103534.9,103730.0,542.68953798
2025-05-13 17:00:00,103730.0,104304.3,103706.1,104258.8,262.57003884
2025-05-13 18:00:00,104258.9,104428.0,104075.0,104366.0,246.0706238
2025-05-13 19:00:00,104366.0,104986.0,104156.1,104788.7,527.05914365
2025-05-13 20:00:00,104788.7,104934.1,104387.0,104554.4,151.28247039
2025-05-13 21:00:00,104553.8,104618.1,104178.2,104340.0,137.5786119
2025-05-13 22:00:00,104339.9,104437.5,104100.0,104133.9,130.17741271
2025-05-13 23:00:00,104133.9,104293.4,103875.6,104127.7,142.8104205
2025-05-14 00:00:00,104122.3,104129.4,103771.8,103924.5,186.53979865
2025-05-14 01:00:00,103923.3,104083.9,103700.0,103728.1,211.4512902
2025-05-14 02:00:00,103728.1,103800.0,103500.0,103716.4,206.44741766
2025-05-14 03:00:00,103716.4,103785.1,103454.0,103593.2,96.74099369
2025-05-14 04:00:00,103593.2,103862.0,103464.1,103758.9,198.59676655
2025-05-14 05:00:00,103759.0,103995.9,103704.1,103905.9,284.76937902
2025-05-14 06:00:00,103906.0,103972.0,103666.0,103754.1,210.05438896
2025-05-14 07:00:00,103754.1,103804.0,103388.0,103713.9,318.97599732
2025-05-14 08:00:00,103711.9,103885.0,103201.5,103207.5,441.3149736
2025-05-14 09:00:00,103207.6,103500.0,102856.9,103484.8,437.25265964
2025-05-14 10:00:00,103484.9,103933.2,103456.8,103712.4,283.2285227
2025-05-14 11:00:00,103712.5,104155.9,103712.5,103956.0,181.31971697
2025-05-14 12:00:00,103955.9,104212.0,103908.0,104000.0,198.79171524
2025-05-14 13:00:00,104000.1,104357.6,103486.2,103967.8,345.97961077
2025-05-14 14:00:00,103967.8,103971.5,102902.0,103265.2,481.60722146
2025-05-14 15:00:00,103263.8,103555.4,102851.0,103518.0,250.73757075
2025-05-14 16:00:00,103518.1,103617.6,103174.0,103371.4,131.35543161
2025-05-14 17:00:00,103371.5,103439.9,102608.3,103266.1,258.17961278
2025-05-14 18:00:00,103266.2,103540.0,103035.7,103528.0,164.03613903
2025-05-14 19:00:00,103528.0,103724.1,103250.0,103329.6,163.02936813
2025-05-14 20:00:00,103330.0,103660.0,103296.8,103558.1,62.47265821
2025-05-14 21:00:00,103558.1,103671.6,103425.4,103650.0,87.21864284
2025-05-14 22:00:00,103650.1,103662.0,103429.2,103511.5,55.7856519
2025-05-14 23:00:00,103511.5,103616.0,103345.2,103500.0,97.80917443
2025-05-15 00:00:00,103500.1,103867.9,103485.5,103799.9,79.15045769
2025-05-15 01:00:00,103800.0,103800.0,102968.0,103036.0,217.9154418
2025-05-15 02:00:00,103034.3,103212.3,102903.8,103050.6,117.03622044
2025-05-15 03:00:00,103050.7,103148.6,102710.0,102742.0,296.49610529
2025-05-15 04:00:00,102742.1,102970.0,102700.1,102899.9,101.17937092
2025-05-15 05:00:00,102899.9,102931.9,102327.0,102373.9,302.9655737
2025-05-15 06:00:00,102373.9,102689.9,102137.3,102256.0,221.34336087
2025-05-15 07:00:00,102256.0,102460.0,101721.4,101788.0,708.04499316
2025-05-15 08:00:00,101788.0,102330.9,101757.9,102267.9,269.23369235
2025-05-15 09:00:00,102267.8,102267.8,101505.2,101820.9,278.45543228
2025-05-15 10:00:00,101820.8,101933.9,101603.3,101813.7,145.07969371
2025-05-15 11:00:00,101813.7,102443.9,101786.0,102375.9,291.61506909
2025-05-15 12:00:00,102375.9,102838.1,102268.1,102564.0,751.99170297
2025-05-15 13:00:00,102564.0,102800.0,101556.2,102145.9,387.71018548
2025-05-15 14:00:00,102145.9,102399.9,101355.2,101989.2,444.72148811
2025-05-15 15:00:00,101989.2,103288.0,101920.8,103254.9,450.44193525
2025-05-15 16:00:00,103254.1,103846.0,103026.6,103838.0,395.0988796
2025-05-15 17:00:00,103838.0,104195.7,103651.6,103969.1,284.3375494
2025-05-15 18:00:00,103969.2,104016.9,102647.0,102696.0,544.25340482
2025-05-15 19:00:00,102696.0,103237.1,102555.1,103161.5,214.14429785
2025-05-15 20:00:00,103160.0,103493.2,102888.0,103440.8,216.04716662
2025-05-15 21:00:00,103440.7,103440.7,102710.6,103295.3,104.26663709
2025-05-15 22:00:00,103295.3,103985.0,103252.1,103500.1,261.1008743
2025-05-15 23:00:00,103500.1,103907.9,103231.2,103766.7,233.89133638
2025-05-16 00:00:00,103766.5,104036.9,103651.2,103760.7,218.61658021
2025-05-16 01:00:00,103760.8,104100.0,103467.1,104051.9,265.29907905
2025-05-16 02:00:00,104052.0,104464.0,103930.6,104196.1,296.07123079
2025-05-16 03:00:00,104196.2,104340.0,103987.5,104023.3,123.09441968
2025-05-16 04:00:00,104025.4,104200.0,103799.9,103916.8,185.92387516
2025-05-16 05:00:00,103916.9,104152.0,103827.3,103908.2,155.6082701
2025-05-16 06:00:00,103908.2,104099.9,103868.0,103993.9,138.00840685
2025-05-16 07:00:00,103994.0,104197.9,103694.0,103705.0,356.2443854
2025-05-16 08:00:00,103705.1,103768.0,103100.0,103400.0,300.34928022
2025-05-16 09:00:00,103400.1,103815.5,103400.1,103798.9,110.47298508
2025-05-16 10:00:00,103798.9,103883.2,103632.8,103803.0,110.18154232
2025-05-16 11:00:00,103803.0,103914.0,103552.7,103672.0,135.12044613
2025-05-16 12:00:00,103672.0,103789.3,103468.1,103506.8,264.25781578
2025-05-16 13:00:00,103506.8,104090.0,103428.0,103999.9,179.39582674
2025-05-16 14:00:00,103999.9,103999.9,103339.3,103585.9,346.67265438
2025-05-16 15:00:00,103585.9,104285.7,103585.9,104187.9,288.80628552
2025-05-16 16:00:00,104188.0,104555.0,103819.0,104146.9,472.29404622
2025-05-16 17:00:00,104146.9,104397.9,103766.4,103866.0,172.11319315
2025-05-16 18:00:00,103865.9,104100.0,103688.0,103690.0,100.85330081
2025-05-16 19:00:00,103689.9,104053.7,103585.6,104023.3,165.07228714
2025-05-16 20:00:00,104025.5,104036.0,103519.7,103687.9,143.55551868
2025-05-16 21:00:00,103683.4,103794.1,103494.0,103612.0,99.46810432
2025-05-16 22:00:00,103612.1,103622.4,103391.6,103514.2,255.90521056
2025-05-16 23:00:00,103514.2,103693.9,103418.0,103461.2,61.4982687
2025-05-17 00:00:00,103461.2,103541.5,103090.8,103349.1,223.85816777
2025-05-17 01:00:00,103349.1,103349.1,102600.0,102823.7,315.15366311
2025-05-17 02:00:00,102823.7,103357.9,102728.0,103276.0,212.99589441
2025-05-17 03:00:00,103274.3,103579.8,103150.0,103505.5,110.13147952
2025-05-17 04:00:00,103506.5,103669.9,103460.0,103658.0,279.12101641
2025-05-17 05:00:00,103658.1,103729.1,103333.3,103354.2,293.78919198
2025-05-17 06:00:00,103354.2,103500.0,103286.0,103486.1,55.24045082
2025-05-17 07:00:00,103486.0,103645.0,103430.0,103450.0,69.12440016
2025-05-17 08:00:00,103449.9,103571.3,103126.8,103418.0,157.63845494
2025-05-17 09:00:00,103418.1,103554.0,102827.6,102916.2,443.2137207
2025-05-17 10:00:00,102916.0,103054.8,102829.3,102887.9,121.20036163
2025-05-17 11:00:00,102887.9,103104.7,102750.1,102998.0,115.43230938
2025-05-17 12:00:00,102998.0,103073.8,102900.1,102944.4,63.45434718
2025-05-17 13:00:00,102944.5,103108.8,102613.9,102712.7,301.75816171
2025-05-17 14:00:00,102712.8,103187.9,102704.7,103134.6,249.83069665
2025-05-17 15:00:00,103134.6,103184.0,102896.7,102950.0,202.05229164
2025-05-17 16:00:00,102950.1,103118.0,102763.0,102952.0,178.14452911
2025-05-17 17:00:00,102952.0,103304.0,102931.9,103134.0,62.34934488
2025-05-17 18:00:00,103134.0,103372.5,102971.7,102996.3,189.71622924
2025-05-17 19:00:00,102996.3,103200.0,102930.0,103153.0,24.63152696
2025-05-17 20:00:00,103153.0,103440.7,103081.5,103376.0,52.64919807
2025-05-17 21:00:00,103380.0,103480.0,103121.7,103250.4,84.51310353
2025-05-17 22:00:00,103250.3,103255.9,102901.0,103040.1,61.89673716
2025-05-17 23:00:00,103040.0,103225.9,102958.6,103133.6,51.66099025
2025-05-18 00:00:00,103133.7,103419.4,103100.1,103378.6,36.36039749
2025-05-18 01:00:00,103378.6,103412.3,103139.0,103254.7,53.75317531
2025-05-18 02:00:00,103254.7,103358.0,103240.0,103336.0,29.75387893
2025-05-18 03:00:00,103336.0,103394.0,103134.7,103282.6,73.02186877
2025-05-18 04:00:00,103282.6,103442.0,103279.6,103345.6,385.08328645
2025-05-18 05:00:00,103345.7,103680.0,103345.6,103644.0,195.88830869
2025-05-18 06:00:00,103644.0,103676.0,103366.0,103476.7,78.72354616
2025-05-18 07:00:00,103473.0,103976.3,103440.0,103927.9,205.0217577
2025-05-18 08:00:00,103928.0,104087.9,103810.7,103908.6,185.37527551
2025-05-18 09:00:00,103908.7,104053.1,103831.0,103869.9,264.09758938
2025-05-18 10:00:00,103870.0,103933.2,103785.2,103860.0,44.95635397
2025-05-18 11:00:00,103860.0,103990.1,103796.0,103802.2,43.18721444
2025-05-18 12:00:00,103803.9,103958.0,103698.6,103950.1,72.76806791
2025-05-18 13:00:00,103950.1,104800.0,103896.0,104733.4,416.56234525
2025-05-18 14:00:00,104733.3,105556.6,104542.3,105278.6,800.38976582
2025-05-18 15:00:00,105278.6,105666.6,104970.0,105515.9,387.08674382
2025-05-18 16:00:00,105515.9,106000.0,105161.0,105818.0,400.00880623
2025-05-18 17:00:00,105820.0,105904.0,104830.7,104844.6,370.36875999
2025-05-18 18:00:00,104844.6,104931.7,104000.0,104510.0,698.2060361
2025-05-18 19:00:00,104506.1,104763.7,103858.6,103882.9,239.53409972
2025-05-18 20:00:00,103882.4,104248.2,103270.7,104060.0,528.69629654
2025-05-18 21:00:00,104060.1,104618.5,104060.1,104181.0,191.80790124
2025-05-18 22:00:00,104181.0,105988.1,103968.4,105944.0,482.38501654
2025-05-18 23:00:00,105944.0,106669.0,105470.0,106468.7,699.95627871
2025-05-19 00:00:00,106468.9,107140.1,105147.5,105250.3,897.94743114
2025-05-19 01:00:00,105250.3,105403.9,104731.4,105051.9,430.65441751
2025-05-19 02:00:00,105052.0,105197.2,104565.1,104646.2,267.97075257
2025-05-19 03:00:00,104646.3,104646.3,103546.2,103609.4,461.54171634
2025-05-19 04:00:00,103610.0,103772.0,102800.0,103002.4,874.15307554
2025-05-19 05:00:00,103002.4,103114.9,102515.8,103031.9,979.90764355
2025-05-19 06:00:00,103032.0,103194.8,102080.4,102199.9,718.9216768
2025-05-19 07:00:00,102200.0,103343.8,102166.7,103222.1,419.38454711
2025-05-19 08:00:00,103222.0,103353.0,102921.0,103239.3,275.85026792
2025-05-19 09:00:00,103239.2,103445.1,102988.1,103073.9,223.53655219
2025-05-19 10:00:00,103073.8,103094.1,102849.9,102929.1,181.29837524
2025-05-19 11:00:00,102929.2,103072.8,102780.0,102960.5,99.44408899
2025-05-19 12:00:00,102960.5,102960.5,102155.7,102477.2,253.22193786
2025-05-19 13:00:00,102477.8,103600.0,102321.3,103291.7,509.49100905
2025-05-19 14:00:00,103291.7,104374.9,103184.6,104322.9,613.51771279
2025-05-19 15:00:00,104322.9,104969.7,104264.2,104796.0,632.78781132
2025-05-19 16:00:00,104796.0,105446.2,104498.3,105365.7,552.37247704
2025-05-19 17:00:00,105365.6,105583.3,104941.1,105379.7,393.70782923
2025-05-19 18:00:00,105378.2,105555.5,104706.5,104782.1,270.10645911
2025-05-19 19:00:00,104782.2,105555.4,104641.5,105518.1,232.014569
2025-05-19 20:00:00,105513.7,105794.8,105332.5,105471.0,140.33555892
2025-05-19 21:00:00,105471.1,105533.2,105024.7,105460.0,175.74350339
2025-05-19 22:00:00,105458.6,105654.3,105188.8,105557.4,182.87534969
2025-05-19 23:00:00,105557.5,105838.2,105454.9,105568.1,151.57862466
2025-05-20 00:00:00,105568.1,106584.2,105553.8,105719.6,597.35646484
2025-05-20 01:00:00,105718.0,106796.8,105695.1,106451.1,339.08887928
2025-05-20 02:00:00,106451.2,106867.0,106000.0,106097.9,296.46869189
2025-05-20 03:00:00,106097.9,106177.6,105529.7,105755.7,230.63201717
2025-05-20 04:00:00,105755.7,106250.0,105533.3,106220.8,288.77860009
2025-05-20 05:00:00,106220.9,106400.0,106062.0,106111.9,199.9198394
2025-05-20 06:00:00,106112.0,106220.0,105376.1,105461.4,210.18272468
2025-05-20 07:00:00,105461.4,105740.4,104920.0,105018.3,360.73630352
2025-05-20 08:00:00,105014.8,105248.8,104848.0,105225.3,329.46921347
2025-05-20 09:00:00,105222.6,105410.0,105188.3,105297.2,664.6317754
2025-05-20 10:00:00,105297.3,105434.9,105013.7,105031.4,251.46661158
2025-05-20 11:00:00,105033.6,105354.0,104906.1,105206.0,125.55945791
2025-05-20 12:00:00,105206.1,105211.5,104651.8,104774.0,257.6980519
2025-05-20 13:00:00,104774.1,104875.6,104180.0,104448.5,404.13661013
2025-05-20 14:00:00,104448.5,104997.0,104300.0,104522.5,360.57533545
2025-05-20 15:00:00,104522.5,105401.7,104480.6,105340.4,285.13872062
2025-05-20 16:00:00,105341.4,105527.9,105089.6,105213.9,148.68384628
2025-05-20 17:00:00,105214.0,106333.3,105214.0,106200.5,460.35925094
2025-05-20 18:00:00,106200.6,106414.9,105201.3,105280.0,320.87069296
2025-05-20 19:00:00,105279.9,107254.2,105203.6,107017.9,602.96365014
2025-05-20 20:00:00,107018.0,107308.7,106413.3,106910.0,415.92139536
2025-05-20 21:00:00,106910.1,107232.8,106136.1,106613.1,216.59670018
2025-05-20 22:00:00,106613.1,106893.0,105939.9,106776.1,230.42477178
2025-05-20 23:00:00,106775.2,107218.2,106631.6,106846.1,310.75980159
2025-05-21 00:00:00,106846.0,107210.0,106460.0,106745.9,272.6122645
2025-05-21 01:00:00,106746.0,107083.3,106413.8,106489.1,124.08569831
2025-05-21 02:00:00,106489.2,106913.9,106183.0,106846.0,326.66501864
2025-05-21 03:00:00,106846.0,107095.7,106746.1,106838.0,248.15476043
2025-05-21 04:00:00,106839.0,107713.5,106720.0,107286.1,570.05621418
2025-05-21 05:00:00,107286.2,107726.0,107286.1,107533.2,385.85970064
2025-05-21 06:00:00,107533.2,107997.3,107299.3,107758.1,423.47680516
2025-05-21 07:00:00,107758.1,107873.8,106444.1,106509.9,547.47810541
2025-05-21 08:00:00,106506.1,106796.0,106344.8,106386.0,254.16507545
2025-05-21 09:00:00,106386.9,106532.5,106086.1,106200.1,173.03900008
2025-05-21 10:00:00,106200.1,106451.6,106138.0,106336.1,169.03327343
2025-05-21 11:00:00,106336.1,106712.5,106255.6,106528.5,206.10875083
2025-05-21 12:00:00,106528.1,106879.7,106396.1,106570.1,123.60133364
2025-05-21 13:00:00,106570.2,107653.0,106319.7,107259.9,451.14320693
2025-05-21 14:00:00,107260.0,109000.0,107000.0,109000.0,1027.48095208
2025-05-21 15:00:00,108999.9,109458.0,108318.4,108972.0,1132.99440096
2025-05-21 16:00:00,108973.9,109860.0,108698.8,109130.9,973.72452686
2025-05-21 17:00:00,109131.0,109349.9,106115.5,106590.0,2216.35241252
2025-05-21 18:00:00,106593.7,107424.2,106328.1,106960.0,527.37519066
2025-05-21 19:00:00,106960.1,108854.0,106612.4,108618.1,694.95400589
2025-05-21 20:00:00,108612.8,108750.0,107719.3,108240.0,254.96595086
2025-05-21 21:00:00,108240.1,108550.0,107937.1,108420.0,127.9366403
2025-05-21 22:00:00,108420.1,109038.0,108280.8,108742.6,289.16483024
2025-05-21 23:00:00,108742.7,110804.2,108660.7,109642.8,1563.17654216
2025-05-22 00:00:00,109646.0,110165.2,109179.5,109962.0,773.44318622
2025-05-22 01:00:00,109962.0,110552.9,109663.9,109910.1,461.38581719
2025-05-22 02:00:00,109910.1,110972.0,109815.0,110469.7,479.32384982
2025-05-22 03:00:00,110469.8,111880.0,110327.3,111773.9,1177.7811492
2025-05-22 04:00:00,111774.0,111791.5,111221.1,111467.1,483.56908577
2025-05-22 05:00:00,111467.0,111656.5,110820.5,110868.0,359.83644903
2025-05-22 06:00:00,110870.0,111178.0,110457.3,110600.0,451.42429985
2025-05-22 07:00:00,110600.0,111132.0,110458.1,111038.3,956.84921066
2025-05-22 08:00:00,111038.4,111157.5,110375.1,110400.0,362.17924293
2025-05-22 09:00:00,110400.1,110833.2,110262.1,110811.0,323.89727133
2025-05-22 10:00:00,110811.1,110956.0,110595.6,110792.3,138.90416416
2025-05-22 11:00:00,110790.1,111333.0,110500.0,110983.7,208.31431853
2025-05-22 12:00:00,110982.1,111600.0,110800.0,111599.9,321.88394043
2025-05-22 13:00:00,111600.0,111616.0,110905.0,110920.6,361.76795453
2025-05-22 14:00:00,110920.6,111398.1,110550.0,110900.0,490.12394221
2025-05-22 15:00:00,110900.0,111533.3,110783.4,111317.8,403.1819156
2025-05-22 16:00:00,111318.0,111800.0,111083.7,111259.9,764.17899658
2025-05-22 17:00:00,111260.0,111963.0,111162.0,111503.3,364.27269159
2025-05-22 18:00:00,111503.7,111962.6,111366.8,111723.3,164.17852842
2025-05-22 19:00:00,111723.2,111929.8,110916.4,111200.0,334.32386235
2025-05-22 20:00:00,111203.5,111447.9,110819.3,111073.0,155.03419398
2025-05-22 21:00:00,111073.0,111100.0,110756.0,110840.0,88.38377616
2025-05-22 22:00:00,110844.0,111255.1,110844.0,111020.4,94.54496634
2025-05-22 23:00:00,111020.5,111728.0,111020.5,111701.9,141.43895305
2025-05-23 00:00:00,111702.0,111800.0,111383.3,111611.9,234.01664544
2025-05-23 01:00:00,111612.0,111739.3,111210.9,111337.8,163.07815915
2025-05-23 02:00:00,111337.8,111624.0,111184.7,111274.3,206.79181304
2025-05-23 03:00:00,111274.3,111382.0,111016.0,111111.0,153.66743849
2025-05-23 04:00:00,111111.1,111191.4,110536.8,110851.9,419.05634398
2025-05-23 05:00:00,110851.8,110963.9,110650.1,110860.0,129.74793678
2025-05-23 06:00:00,110860.0,110860.0,110406.1,110523.9,345.72010287
2025-05-23 07:00:00,110524.0,110872.0,110522.2,110721.9,383.45976757
2025-05-23 08:00:00,110722.0,111022.7,110705.8,110930.0,159.08678245
2025-05-23 09:00:00,110930.1,111378.0,110900.0,111315.8,181.34980031
2025-05-23 10:00:00,111315.7,111320.0,110813.4,111061.1,209.87632269
2025-05-23 11:00:00,111061.2,111099.0,108856.1,109085.3,900.02290194
2025-05-23 12:00:00,109083.7,109109.5,107313.9,108429.0,1598.72383704
2025-05-23 13:00:00,108429.1,109724.1,107961.1,109650.0,879.93449456
2025-05-23 14:00:00,109648.6,109999.9,109516.6,109670.6,539.88193472
2025-05-23 15:00:00,109670.6,109866.0,108910.7,108940.6,346.73689902
2025-05-23 16:00:00,108942.4,109215.3,108004.9,109077.4,1448.90431514
2025-05-23 17:00:00,109079.5,109812.2,109019.7,109415.8,337.71898585
2025-05-23 18:00:00,109415.8,109507.2,108656.5,108801.3,278.48128115
2025-05-23 19:00:00,108801.4,109162.3,108575.8,108714.5,242.24394339
2025-05-23 20:00:00,108714.5,108730.1,108198.8,108250.7,138.71286309
2025-05-23 21:00:00,108250.8,108678.1,108060.9,108296.0,183.46917695
2025-05-23 22:00:00,108295.9,108591.9,107650.0,107800.0,265.99734388
2025-05-23 23:00:00,107800.1,107909.3,106800.0,107324.0,585.02430528
2025-05-24 00:00:00,107324.1,107696.4,106880.0,107370.2,224.93789471
2025-05-24 01:00:00,107370.1,107876.6,107358.2,107481.9,117.96703725
2025-05-24 02:00:00,107481.9,107905.3,107250.1,107796.6,107.41747656
2025-05-24 03:00:00,107796.6,108371.9,107752.2,108370.0,171.18174553
2025-05-24 04:00:00,108370.0,108581.8,108304.3,108497.9,190.72760222
2025-05-24 05:00:00,108497.9,108533.9,108125.4,108240.0,141.76616472
2025-05-24 06:00:00,108240.0,108344.0,107672.1,107963.3,430.61000975
2025-05-24 07:00:00,107963.3,108245.2,107567.7,107600.8,323.43957062
2025-05-24 08:00:00,107600.8,108288.9,107600.8,108246.6,182.23632421
2025-05-24 09:00:00,108246.9,108442.0,108152.0,108158.0,114.60837168
2025-05-24 10:00:00,108158.1,109250.2,108157.8,109087.7,314.47578811
2025-05-24 11:00:00,109090.0,109488.6,109090.0,109196.0,267.98586775
2025-05-24 12:00:00,109196.0,109279.9,108633.0,108787.8,312.68733281
2025-05-24 13:00:00,108786.6,108900.7,108540.0,108596.1,128.34979804
2025-05-24 14:00:00,108596.1,109030.0,108586.0,108960.1,169.40578023
2025-05-24 15:00:00,108960.1,109222.0,108821.4,108939.3,115.88198932
2025-05-24 16:00:00,108939.3,109101.9,108680.0,109005.1,174.68589909
2025-05-24 17:00:00,109005.2,109221.9,108870.8,108907.5,357.53549983
2025-05-24 18:00:00,108907.5,109077.0,108762.3,108818.1,67.79085306
2025-05-24 19:00:00,108818.0,109019.0,108776.4,108944.4,236.5964645
2025-05-24 20:00:00,108944.3,109120.5,108844.8,108844.9,96.15764327
2025-05-24 21:00:00,108844.8,108859.5,108561.9,108816.3,140.36840085
2025-05-24 22:00:00,108817.4,108817.5,107979.2,108105.9,241.36386
2025-05-24 23:00:00,108102.1,108411.5,107500.0,107767.2,422.79912608
2025-05-25 00:00:00,107767.3,108130.0,107270.7,107435.9,432.40161651
2025-05-25 01:00:00,107436.0,108015.0,107192.4,107652.0,222.8318776
2025-05-25 02:00:00,107652.1,107998.0,107469.7,107924.3,112.83619865
2025-05-25 03:00:00,107925.1,108258.0,107910.0,108091.3,96.63524524
2025-05-25 04:00:00,108091.3,108282.4,107928.1,108250.1,93.19800694
2025-05-25 05:00:00,108250.0,108299.1,107968.0,108106.0,91.16872788
2025-05-25 06:00:00,108106.0,108140.0,107681.8,107939.7,88.13307995
2025-05-25 07:00:00,107939.7,107939.7,107440.1,107682.1,146.03606212
2025-05-25 08:00:00,107682.0,107698.0,106900.0,107120.0,250.25892283
2025-05-25 09:00:00,107120.2,107278.1,106703.2,107126.9,705.62754956
2025-05-25 10:00:00,107126.8,107384.0,106827.8,106943.9,163.89519112
2025-05-25 11:00:00,106943.9,107288.4,106826.1,107250.0,104.69147766
2025-05-25 12:00:00,107249.8,107615.7,107177.9,107550.0,298.90233135
2025-05-25 13:00:00,107550.0,107743.8,107300.0,107525.1,115.20871461
2025-05-25 14:00:00,107525.1,107646.0,107131.4,107368.1,145.8991266
2025-05-25 15:00:00,107368.1,107428.0,106600.0,106973.3,338.51390261
2025-05-25 16:00:00,106973.3,107246.9,106648.2,107184.2,171.87967213
2025-05-25 17:00:00,107184.1,107369.3,107107.0,107352.5,47.52674943
2025-05-25 18:00:00,107360.0,107600.0,107261.2,107413.8,54.12058476
2025-05-25 19:00:00,107413.9,107937.3,107413.8,107709.4,76.58275686
2025-05-25 20:00:00,107709.3,107754.9,107426.1,107679.8,61.65493055
2025-05-25 21:00:00,107679.9,107913.9,107172.5,107451.2,83.52005184
2025-05-25 22:00:00,107458.0,109200.0,107346.1,109159.0,523.38591714
2025-05-25 23:00:00,109157.6,109315.3,108554.1,109004.9,317.36620613
2025-05-26 00:00:00,109004.9,109599.5,108666.7,109534.1,308.40629716
2025-05-26 01:00:00,109538.0,109850.0,109218.0,109541.0,315.96377794
2025-05-26 02:00:00,109540.1,109773.7,109186.0,109386.0,168.54464773
2025-05-26 03:00:00,109386.0,109754.9,109262.9,109621.9,143.10919684
2025-05-26 04:00:00,109621.9,109734.0,109492.0,109528.0,159.50455121
2025-05-26 05:00:00,109528.0,109681.0,109360.3,109633.1,132.51613256
2025-05-26 06:00:00,109633.1,109956.7,109495.3,109931.8,177.99844803
2025-05-26 07:00:00,109931.8,110214.8,109702.0,110089.0,451.99241482
2025-05-26 08:00:00,110089.1,110179.9,109600.0,109660.0,111.52438386
2025-05-26 09:00:00,109661.9,109990.0,109588.2,109713.9,155.01148039
2025-05-26 10:00:00,109714.0,109864.0,109572.0,109644.8,119.46621536
2025-05-26 11:00:00,109644.9,109838.0,109556.1,109783.9,93.2238285
2025-05-26 12:00:00,109784.0,110078.8,109666.0,109826.1,228.07042635
2025-05-26 13:00:00,109826.1,109987.9,109471.7,109609.6,185.51596354
2025-05-26 14:00:00,109606.1,109740.0,109500.0,109662.6,148.97016214
2025-05-26 15:00:00,109663.8,110411.2,109534.0,110004.9,420.27714813
2025-05-26 16:00:00,110007.1,110450.0,109096.9,109386.1,996.28497915
2025-05-26 17:00:00,109386.0,109696.7,108877.7,109174.2,167.72732963
2025-05-26 18:00:00,109175.3,109465.2,108984.9,109095.2,286.6527334
2025-05-26 19:00:00,109094.1,109185.1,108851.1,109123.5,165.36124949
2025-05-26 20:00:00,109123.4,109633.6,108932.1,109596.1,125.69432493
2025-05-26 21:00:00,109596.0,109650.0,109132.0,109344.1,80.01499661
2025-05-26 22:00:00,109344.1,109890.0,109164.0,109191.5,93.64125597
2025-05-26 23:00:00,109191.6,109469.9,109052.1,109437.9,89.85469689
2025-05-27 00:00:00,109436.7,109677.9,109137.0,109152.3,140.22283138
2025-05-27 01:00:00,109152.4,109152.4,107505.2,108396.6,830.95332877
2025-05-27 02:00:00,108397.3,108694.0,107889.6,108270.3,262.52638305
2025-05-27 03:00:00,108270.3,109333.3,108270.1,108886.4,336.33712146
2025-05-27 04:00:00,108886.5,109347.3,108845.4,108949.2,151.17502872
2025-05-27 05:00:00,108949.3,108972.0,108536.9,108915.9,153.71500095
2025-05-27 06:00:00,108916.0,109273.4,108828.1,108829.1,216.86232973
2025-05-27 07:00:00,108829.1,109634.0,108829.0,109539.7,182.27205849
2025-05-27 08:00:00,109540.0,109773.8,109476.2,109693.8,387.12538027
2025-05-27 09:00:00,109693.8,109892.0,109420.8,109823.8,190.87662688
2025-05-27 10:00:00,109823.9,109854.7,109625.1,109695.3,66.4049821
2025-05-27 11:00:00,109692.9,109774.0,109424.3,109588.2,106.10699613
2025-05-27 12:00:00,109588.3,109830.0,109448.1,109602.9,148.65392673
2025-05-27 13:00:00,109602.9,110729.0,109582.5,109846.0,991.42277132
2025-05-27 14:00:00,109846.0,110223.3,108621.2,109385.7,689.5044308
2025-05-27 15:00:00,109383.8,110258.1,109025.0,110145.7,707.92813688
2025-05-27 16:00:00,110146.2,110512.0,109944.6,110222.0,653.98883973
2025-05-27 17:00:00,110222.1,110465.2,109974.3,110244.0,208.91074934
2025-05-27 18:00:00,110244.1,110426.0,109782.0,109895.5,178.95976095
2025-05-27 19:00:00,109895.5,110053.9,109570.1,109885.1,173.83407377
2025-05-27 20:00:00,109885.1,109903.0,109548.9,109564.0,118.80565459
2025-05-27 21:00:00,109564.1,109695.0,108823.2,108923.2,220.92896131
2025-05-27 22:00:00,108923.3,109178.5,108600.0,109028.1,210.56319707
2025-05-27 23:00:00,109028.1,109168.8,108911.8,108936.0,97.4538407
2025-05-28 00:00:00,108936.0,109252.7,108694.4,109204.3,178.75575291
2025-05-28 01:00:00,109204.3,109282.0,108629.6,108670.0,149.4652412
2025-05-28 02:00:00,108677.7,108879.9,108400.0,108624.6,239.56014206
2025-05-28 03:00:00,108624.6,108965.6,108566.0,108856.7,114.03869653
2025-05-28 04:00:00,108856.8,109068.6,108629.6,108982.6,191.38912657
2025-05-28 05:00:00,108982.6,109086.8,108846.1,108980.1,88.53981799
2025-05-28 06:00:00,108980.1,108983.3,108630.0,108725.1,131.18111015
2025-05-28 07:00:00,108725.1,109016.9,108714.9,108816.2,145.7081883
2025-05-28 08:00:00,108816.2,109139.3,108600.0,109032.6,177.9028469
2025-05-28 09:00:00,109032.7,109081.9,108510.0,108799.2,269.08079823
2025-05-28 10:00:00,108799.2,108946.0,108250.0,108834.0,275.59528572
2025-05-28 11:00:00,108834.1,108940.0,108711.2,108865.5,172.59444737
2025-05-28 12:00:00,108865.5,109060.0,108785.5,108887.9,129.48765073
2025-05-28 13:00:00,108888.1,108998.2,108007.1,108070.2,472.42507881
2025-05-28 14:00:00,108070.1,108267.2,107500.0,107536.0,795.25558116
2025-05-28 15:00:00,107534.1,107701.0,107036.0,107113.1,481.49174066
2025-05-28 16:00:00,107113.2,107475.6,107113.2,107432.0,594.32684866
2025-05-28 17:00:00,107432.0,107839.8,107343.5,107691.3,314.41020439
2025-05-28 18:00:00,107691.4,107846.1,107385.0,107480.6,156.82413166
2025-05-28 19:00:00,107480.5,107800.0,106933.4,106934.7,255.45732862
2025-05-28 20:00:00,106934.1,107412.7,106800.0,107326.7,261.56108645
2025-05-28 21:00:00,107326.8,107586.0,107189.8,107504.3,95.72467899
2025-05-28 22:00:00,107504.2,107504.2,107149.8,107410.7,86.82210604
2025-05-28 23:00:00,107410.7,108048.5,107410.7,107783.9,229.48781472
2025-05-29 00:00:00,107783.9,108303.0,107412.6,108287.3,275.48891934
2025-05-29 01:00:00,108287.4,108346.1,107815.0,108153.8,286.52073837
2025-05-29 02:00:00,108153.8,108485.1,107930.0,108429.9,192.99477915
2025-05-29 03:00:00,108429.9,108434.1,107941.3,108035.9,255.45870893
2025-05-29 04:00:00,108036.0,108104.0,106930.8,107567.5,343.84064945
2025-05-29 05:00:00,107567.4,107779.5,107479.2,107683.9,131.32734556
2025-05-29 06:00:00,107684.0,107957.1,107642.0,107899.9,188.94109297
2025-05-29 07:00:00,107900.0,108024.1,107740.6,107883.3,205.48125624
2025-05-29 08:00:00,107883.4,108580.2,107683.0,108492.6,357.74748002
2025-05-29 09:00:00,108492.3,108659.3,108317.0,108517.9,700.30374538
2025-05-29 10:00:00,108518.0,108860.0,108388.1,108749.9,226.11360957
2025-05-29 11:00:00,108750.0,108897.5,108652.6,108781.2,190.38687784
2025-05-29 12:00:00,108781.2,108800.0,108356.2,108429.3,231.55474401
2025-05-29 13:00:00,108429.3,108592.0,107413.5,107602.0,1918.18711592
2025-05-29 14:00:00,107601.9,107834.0,106455.0,107616.9,1923.62880482
2025-05-29 15:00:00,107617.0,107748.9,106964.1,107034.0,949.81183762
2025-05-29 16:00:00,107034.0,107180.0,106581.7,106731.7,341.62986375
2025-05-29 17:00:00,106731.7,106882.0,106075.9,106313.2,1552.56799196
2025-05-29 18:00:00,106316.5,106625.9,105800.0,105833.9,348.22938296
2025-05-29 19:00:00,105833.9,106088.0,105632.1,105723.5,581.32678923
2025-05-29 20:00:00,105723.5,106223.9,105711.2,106186.0,206.5676462
2025-05-29 21:00:00,106186.2,106479.2,106102.7,106453.9,94.73965041
2025-05-29 22:00:00,106453.9,106467.5,105906.2,105930.5,145.39002178
2025-05-29 23:00:00,105930.6,106080.0,105311.8,105586.1,310.22264542
2025-05-30 00:00:00,105586.1,106228.5,104600.0,104940.2,643.23577126
2025-05-30 01:00:00,104940.3,105935.1,104933.3,105672.5,372.13086012
2025-05-30 02:00:00,105672.5,106175.2,105650.9,106009.0,175.68962234
2025-05-30 03:00:00,106009.0,106193.4,105922.4,106026.2,110.07302972
2025-05-30 04:00:00,106026.2,106137.1,105904.1,106117.3,117.42838379
2025-05-30 05:00:00,106117.4,106322.9,106034.9,106078.4,102.0844425
2025-05-30 06:00:00,106078.5,106140.0,105526.2,105710.8,220.35206813
2025-05-30 07:00:00,105710.7,105850.0,104710.5,105031.5,1078.38880068
2025-05-30 08:00:00,105031.6,105360.0,104817.9,105168.8,344.32664392
2025-05-30 09:00:00,105168.8,105666.6,104595.4,105627.7,387.94063041
2025-05-30 10:00:00,105627.7,105939.0,105279.9,105917.5,222.13501182
2025-05-30 11:00:00,105917.5,105985.0,105685.2,105874.7,119.78831559
2025-05-30 12:00:00,105874.8,105996.8,105136.8,105672.4,290.88307737
2025-05-30 13:00:00,105672.5,105982.2,105369.8,105492.0,259.01225981
2025-05-30 14:00:00,105492.0,105834.0,105043.7,105344.1,408.90475577
2025-05-30 15:00:00,105344.1,105826.0,105294.9,105538.8,175.74534036
2025-05-30 16:00:00,105538.8,105565.4,103700.1,103901.7,961.38318854
2025-05-30 17:00:00,103901.9,104288.7,103850.0,104175.5,314.38082522
2025-05-30 18:00:00,104175.6,104921.8,104056.2,104892.6,215.78774202
2025-05-30 19:00:00,104892.5,104994.1,104472.8,104636.9,193.95106192
2025-05-30 20:00:00,104636.8,104850.0,104388.0,104574.6,90.25461527
2025-05-30 21:00:00,104579.1,104894.2,104533.3,104634.7,98.26501774
2025-05-30 22:00:00,104634.9,104810.0,103956.1,103964.4,346.90848767
2025-05-30 23:00:00,103964.4,104265.6,103621.1,103999.9,284.72102436
2025-05-31 00:00:00,104000.0,104299.9,103550.7,103957.7,263.63591743
2025-05-31 01:00:00,103957.8,104210.9,103300.0,103470.4,310.65946453
2025-05-31 02:00:00,103470.1,103857.9,103098.0,103198.5,239.37758171
2025-05-31 03:00:00,103198.6,103690.1,103078.7,103675.4,148.65622928
2025-05-31 04:00:00,103675.5,103819.4,103480.1,103804.9,83.48670987
2025-05-31 05:00:00,103805.0,103907.7,103516.5,103536.9,101.42595243
2025-05-31 06:00:00,103537.0,103921.2,103521.3,103864.3,105.760368
2025-05-31 07:00:00,103864.3,103864.3,103638.7,103761.3,151.73289416
2025-05-31 08:00:00,103761.2,103822.2,103516.5,103660.0,118.46350818
2025-05-31 09:00:00,103660.0,103749.4,103480.0,103545.5,98.20887745
2025-05-31 10:00:00,103545.5,103617.9,103282.1,103415.3,93.95718832
2025-05-31 11:00:00,103415.4,103532.1,103305.1,103504.7,80.13337922
2025-05-31 12:00:00,103504.8,104036.1,103486.0,104036.1,181.93694919
2025-05-31 13:00:00,104036.1,104207.9,103986.4,104122.3,134.58031162
2025-05-31 14:00:00,104122.4,104580.0,104121.9,104567.9,329.7719714
2025-05-31 15:00:00,104567.8,104850.5,104436.7,104554.2,208.76859336
2025-05-31 16:00:00,104554.2,104795.3,104383.4,104490.0,131.36488558
2025-05-31 17:00:00,104490.0,104634.0,104265.2,104352.9,71.64120021
2025-05-31 18:00:00,104352.9,104630.1,104352.8,104495.6,36.68620683
2025-05-31 19:00:00,104495.7,104760.9,104495.7,104705.3,41.03006231
2025-05-31 20:00:00,104705.9,104817.0,104536.8,104782.1,56.21773034
2025-05-31 21:00:00,104782.1,104886.9,104642.7,104875.9,85.49419461
2025-05-31 22:00:00,104875.9,104907.5,104606.8,104622.9,52.58837659
2025-05-31 23:00:00,104623.0,104848.3,104473.3,104596.8,142.57211646
2025-06-01 00:00:00,104596.8,104647.3,104326.2,104458.5,84.11079015
2025-06-01 01:00:00,104458.6,104530.0,103968.8,104132.7,153.566275
2025-06-01 02:00:00,104132.6,104333.2,103926.4,104194.9,114.65757795
2025-06-01 03:00:00,104194.9,104466.3,103974.0,104380.2,95.11632489
2025-06-01 04:00:00,104380.3,104740.2,104357.8,104631.6,68.6072545
2025-06-01 05:00:00,104631.7,104723.1,104445.6,104529.5,51.47317625
2025-06-01 06:00:00,104529.5,104529.5,104189.7,104264.1,99.23356151
2025-06-01 07:00:00,104264.2,104384.7,104203.6,104284.5,41.79633826
2025-06-01 08:00:00,104284.6,104400.0,104216.7,104394.9,77.67192518
2025-06-01 09:00:00,104395.6,104481.0,103738.3,103958.0,946.54896672
2025-06-01 10:00:00,103958.0,104058.3,103780.0,103939.9,241.56809052
2025-06-01 11:00:00,103939.9,104150.0,103847.2,104084.3,55.83497054
2025-06-01 12:00:00,104084.4,104187.9,103768.8,103965.4,68.03084978
2025-06-01 13:00:00,103965.4,104436.6,103950.0,104266.4,78.97500866
2025-06-01 14:00:00,104266.4,104778.1,104266.4,104600.9,111.22838481
2025-06-01 15:00:00,104601.0,104808.0,104500.8,104711.9,114.76357497
2025-06-01 16:00:00,104712.0,105299.9,104648.9,105031.7,287.18644739
2025-06-01 17:00:00,105031.8,105199.5,104974.6,105068.3,68.4493908
2025-06-01 18:00:00,105066.4,105072.4,104333.5,104897.7,134.17596003
2025-06-01 19:00:00,104898.8,105167.8,104820.0,105125.8,188.65989113
2025-06-01 20:00:00,105125.9,105312.9,104899.6,104957.9,108.43509278
2025-06-01 21:00:00,104958.0,105512.1,104912.9,105491.2,149.35873418
2025-06-01 22:00:00,105491.2,105740.0,105403.6,105510.0,128.27889224
2025-06-01 23:00:00,105508.8,105874.2,105446.9,105641.5,96.9455134
2025-06-02 00:00:00,105641.6,105740.4,105383.1,105424.9,96.95013802
2025-06-02 01:00:00,105427.0,105649.9,105346.5,105385.6,56.9041169
2025-06-02 02:00:00,105385.7,105422.9,105016.7,105030.1,134.41075564
2025-06-02 03:00:00,105030.1,105058.5,104565.3,104837.9,159.18667628
2025-06-02 04:00:00,104837.8,105001.4,104700.0,104772.7,83.32418509
2025-06-02 05:00:00,104772.6,104925.4,104612.9,104836.0,58.32673742
2025-06-02 06:00:00,104837.5,105257.7,104737.2,105162.3,135.00383531
2025-06-02 07:00:00,105162.4,105452.9,105162.3,105396.8,267.04483843
2025-06-02 08:00:00,105396.8,105945.0,105243.2,105344.0,246.58723985
2025-06-02 09:00:00,105344.1,105344.1,104483.6,104586.3,283.36154
2025-06-02 10:00:00,104586.3,104671.6,104258.0,104386.7,187.88066789
2025-06-02 11:00:00,104384.5,104500.0,103942.2,104054.6,203.63247747
2025-06-02 12:00:00,104054.7,104285.7,103869.3,104199.9,192.31975525
2025-06-02 13:00:00,104200.0,104563.7,103700.0,103811.2,360.62948286
2025-06-02 14:00:00,103811.2,104699.9,103668.8,104177.0,415.95138872
2025-06-02 15:00:00,104177.0,104574.9,103908.5,104434.0,190.21976666
2025-06-02 16:00:00,104434.9,104446.8,104031.2,104283.0,117.56461935
2025-06-02 17:00:00,104283.0,104495.0,104095.6,104403.1,120.85264076
2025-06-02 18:00:00,104403.1,104737.7,104202.5,104357.7,150.6101811
2025-06-02 19:00:00,104359.0,104512.9,104053.9,104431.9,116.19400817
2025-06-02 20:00:00,104432.0,104989.0,104432.0,104883.7,176.60388421
2025-06-02 21:00:00,104883.8,105099.9,104574.5,104934.2,100.42566697
2025-06-02 22:00:00,104934.2,105799.9,104933.6,105687.9,383.43413376
2025-06-02 23:00:00,105688.0,105938.1,105560.3,105847.3,354.81868874
2025-06-03 00:00:00,105848.9,106400.0,105744.4,106277.9,245.98430681
2025-06-03 01:00:00,106277.9,106500.0,106115.1,106482.8,148.84635024
2025-06-03 02:00:00,106482.9,106526.3,105545.3,105610.4,233.60494602
2025-06-03 03:00:00,105610.5,105717.9,105344.8,105490.9,175.45843767
2025-06-03 04:00:00,105490.9,105522.5,105115.7,105170.4,196.62671906
2025-06-03 05:00:00,105170.5,105491.9,105170.5,105460.7,175.51537151
2025-06-03 06:00:00,105460.7,105471.8,105216.1,105433.5,79.44485699
2025-06-03 07:00:00,105433.6,105446.0,105165.6,105184.6,90.08520789
2025-06-03 08:00:00,105184.6,105260.4,104871.7,105085.9,137.59105119
2025-06-03 09:00:00,105086.0,105284.5,105062.6,105197.6,96.92707145
2025-06-03 10:00:00,105197.7,105357.3,105143.0,105289.0,77.74719728
2025-06-03 11:00:00,105289.1,105365.0,105174.2,105291.3,67.9093682
2025-06-03 12:00:00,105291.4,105438.4,105235.0,105310.8,109.16873846
2025-06-03 13:00:00,105310.8,105672.7,105028.0,105421.7,243.19082504
2025-06-03 14:00:00,105420.1,106716.0,105147.0,106557.8,592.81284359
2025-06-03 15:00:00,106557.9,106804.0,106331.2,106630.2,912.73295543
2025-06-03 16:00:00,106630.2,106688.0,105780.5,105824.4,701.38009054
2025-06-03 17:00:00,105824.4,106152.4,105759.2,105943.9,164.97501283
2025-06-03 18:00:00,105944.0,106060.7,105587.6,106014.0,119.0929276
2025-06-03 19:00:00,106014.0,106434.8,106013.9,106240.7,155.03709891
2025-06-03 20:00:00,106240.6,106260.0,105356.1,105745.6,185.71923583
2025-06-03 21:00:00,105746.7,105858.2,105272.7,105371.1,143.19807274
2025-06-03 22:00:00,105371.1,105905.6,105300.2,105740.7,113.33813417
2025-06-03 23:00:00,105740.7,105740.7,105258.0,105386.7,160.07635481
2025-06-04 00:00:00,105386.7,105545.6,105129.8,105488.4,215.84979408
2025-06-04 01:00:00,105488.5,105737.0,105420.1,105580.7,129.35172299
2025-06-04 02:00:00,105580.8,105844.9,105414.4,105487.9,78.93184061
2025-06-04 03:00:00,105488.0,105753.7,105432.9,105524.1,73.4819744
2025-06-04 04:00:00,105524.2,105622.7,105406.0,105424.7,75.69179278
2025-06-04 05:00:00,105425.2,105530.5,105344.4,105362.4,95.08513184
2025-06-04 06:00:00,105362.4,105455.2,105250.0,105305.8,85.19933755
2025-06-04 07:00:00,105305.9,105472.7,105255.7,105309.5,243.07536884
2025-06-04 08:00:00,105309.4,105584.0,105306.1,105436.9,94.14889621
2025-06-04 09:00:00,105436.9,105902.8,105330.3,105815.0,118.36028148
2025-06-04 10:00:00,105815.1,105988.0,105633.8,105693.4,153.84287967
2025-06-04 11:00:00,105693.4,105790.0,105100.0,105103.9,186.24813386
2025-06-04 12:00:00,105104.0,105173.7,104801.7,105046.9,242.73134594
2025-06-04 13:00:00,105047.0,105282.4,104720.0,104764.4,212.9033255
2025-06-04 14:00:00,104765.9,105039.9,104181.4,105026.5,534.88326158
2025-06-04 15:00:00,105026.5,105550.0,104917.7,105302.7,360.12654559
2025-06-04 16:00:00,105302.7,105464.9,105087.3,105446.0,234.98269943
2025-06-04 17:00:00,105446.0,105483.7,104951.0,105051.8,118.2052531
2025-06-04 18:00:00,105051.9,105300.0,104923.0,104954.8,134.66543017
2025-06-04 19:00:00,104954.6,105087.4,104865.1,104909.6,101.72619341
2025-06-04 20:00:00,104908.3,104961.8,104406.5,104619.6,148.19959892
2025-06-04 21:00:00,104619.7,105056.4,104547.9,104926.3,77.5130571
2025-06-04 22:00:00,104926.3,105032.4,104731.7,104782.7,60.13208337
2025-06-04 23:00:00,104782.8,104876.8,104606.8,104680.5,64.09026998
2025-06-05 00:00:00,104688.8,104975.3,104650.6,104975.0,61.474327
2025-06-05 01:00:00,104974.9,105153.4,104688.0,104776.5,92.60664233
2025-06-05 02:00:00,104776.5,105237.5,104772.3,105000.0,120.96974616
2025-06-05 03:00:00,105000.1,105069.0,104873.0,105038.0,50.26641827
2025-06-05 04:00:00,105038.0,105230.0,105032.1,105186.5,53.32373303
2025-06-05 05:00:00,105185.2,105200.0,104567.1,104648.9,117.93047002
2025-06-05 06:00:00,104648.9,104705.5,104375.8,104461.1,145.60512744
2025-06-05 07:00:00,104461.1,104642.0,104418.2,104525.8,118.57895178
2025-06-05 08:00:00,104525.8,104686.3,104425.4,104682.9,64.82883403
2025-06-05 09:00:00,104682.9,104916.6,104670.2,104894.1,75.72795463
2025-06-05 10:00:00,104894.0,104895.0,104505.4,104652.5,130.0220559
2025-06-05 11:00:00,104652.5,104850.8,104545.8,104810.6,177.83149069
2025-06-05 12:00:00,104810.7,105775.0,104776.0,105646.4,446.90655092
2025-06-05 13:00:00,105646.4,105914.9,104311.1,104529.2,512.32610022
2025-06-05 14:00:00,104529.3,104950.0,103900.0,104652.4,659.92294364
2025-06-05 15:00:00,104652.5,104870.6,104333.3,104539.6,241.43555672
2025-06-05 16:00:00,104540.1,104604.3,103259.5,103274.4,950.15438953
2025-06-05 17:00:00,103274.5,103594.7,103150.0,103236.0,548.21755214
2025-06-05 18:00:00,103235.9,103363.0,102566.0,103001.8,1301.61283304
2025-06-05 19:00:00,103001.8,103045.0,101566.6,101919.5,1074.88938434
2025-06-05 20:00:00,101921.4,102200.1,100400.0,100484.2,974.16736427
2025-06-05 21:00:00,100484.2,101666.6,100430.2,101545.5,574.95092125
2025-06-05 22:00:00,101545.6,101707.5,100999.9,101505.6,530.17673615
2025-06-05 23:00:00,101506.7,101833.2,101448.0,101500.0,252.83010013
2025-06-06 00:00:00,101499.9,101913.1,101083.0,101904.0,319.43770597
2025-06-06 01:00:00,101904.0,101949.8,101673.6,101854.2,159.4328021
2025-06-06 02:00:00,101854.2,102210.1,101528.3,102201.1,196.20309048
2025-06-06 03:00:00,102202.1,102521.6,102045.8,102496.0,397.65089618
2025-06-06 04:00:00,102496.0,102792.2,102377.7,102774.8,377.66460408
2025-06-06 05:00:00,102774.8,102957.7,102658.0,102944.3,290.1117948
2025-06-06 06:00:00,102944.3,103210.4,102874.3,103162.3,330.78083136
2025-06-06 07:00:00,103162.4,103477.5,103039.7,103149.0,308.54859496
2025-06-06 08:00:00,103149.0,103600.0,103149.0,103499.9,238.6427249
2025-06-06 09:00:00,103500.0,103750.0,103499.9,103648.7,307.4268742
2025-06-06 10:00:00,103648.7,103803.9,103544.4,103678.9,122.40026442
2025-06-06 11:00:00,103679.0,103999.9,103648.6,103928.9,242.0538341
2025-06-06 12:00:00,103928.9,104300.6,103506.7,103753.0,511.15609275
2025-06-06 13:00:00,103753.9,104540.1,103753.8,104096.1,395.02690252
2025-06-06 14:00:00,104096.1,104896.4,104002.8,104775.2,349.92344147
2025-06-06 15:00:00,104775.2,105330.8,104609.0,105094.2,487.82440288
2025-06-06 16:00:00,105094.7,105288.4,104695.3,104761.4,289.66532706
2025-06-06 17:00:00,104761.3,104968.2,104423.6,104930.7,1692.34610477
2025-06-06 18:00:00,104930.8,104989.4,104468.6,104514.1,146.112574
2025-06-06 19:00:00,104514.1,104615.1,104065.7,104228.4,174.91134808
2025-06-06 20:00:00,104228.5,104626.3,104167.7,104491.0,60.88920248
2025-06-06 21:00:00,104491.4,104500.7,104289.0,104388.4,72.64405978
2025-06-06 22:00:00,104388.5,104485.1,104229.7,104471.8,66.57758503
2025-06-06 23:00:00,104471.8,104490.0,104199.8,104295.5,71.53745033
2025-06-07 00:00:00,104295.5,104520.0,103876.8,104519.1,151.89514955
2025-06-07 01:00:00,104519.0,104589.3,104342.1,104449.2,71.23156035
2025-06-07 02:00:00,104449.3,104628.6,104328.2,104532.6,78.36265775
2025-06-07 03:00:00,104532.7,104929.9,104481.8,104877.5,137.46392276
2025-06-07 04:00:00,104878.9,104889.0,104642.3,104826.2,67.85847495
2025-06-07 05:00:00,104826.2,105015.5,104747.6,104877.9,96.17402323
2025-06-07 06:00:00,104878.0,105323.6,104788.4,105322.0,133.18965154
2025-06-07 07:00:00,105322.0,105322.1,104822.1,104858.8,210.30287088
2025-06-07 08:00:00,104858.8,104967.2,104679.4,104739.5,78.98152652
2025-06-07 09:00:00,104739.5,104940.0,104739.4,104841.3,43.30195875
2025-06-07 10:00:00,104841.4,105195.6,104833.6,105141.4,106.70844984
2025-06-07 11:00:00,105141.4,105267.0,105045.9,105143.5,125.68532973
2025-06-07 12:00:00,105139.9,105740.9,105139.9,105450.0,291.79403798
2025-06-07 13:00:00,105450.0,105799.0,105295.9,105612.2,148.45125769
2025-06-07 14:00:00,105612.2,105686.0,105385.1,105420.9,101.63683492
2025-06-07 15:00:00,105420.9,105583.9,105316.9,105558.3,83.32754383
2025-06-07 16:00:00,105558.4,105666.6,105262.8,105346.3,96.01003722
2025-06-07 17:00:00,105346.3,105554.7,105330.0,105391.9,75.627074
2025-06-07 18:00:00,105391.9,105888.0,105391.9,105606.9,160.61738648
2025-06-07 19:00:00,105606.9,105868.0,105594.0,105729.9,93.03649274
2025-06-07 20:00:00,105729.9,105909.5,105729.9,105857.3,36.9645337
2025-06-07 21:00:00,105857.2,105872.2,105700.7,105759.0,34.70804707
2025-06-07 22:00:00,105759.0,105916.7,105662.0,105816.6,44.81334483
2025-06-07 23:00:00,105816.6,105820.8,105528.8,105553.6,46.61217688
2025-06-08 00:00:00,105553.6,105655.0,105429.2,105468.0,62.30533457
2025-06-08 01:00:00,105468.1,105790.4,105400.1,105682.6,45.48547943
2025-06-08 02:00:00,105682.6,105682.6,105432.8,105437.8,48.10260663
2025-06-08 03:00:00,105437.9,105500.0,105399.9,105475.8,46.32309151
2025-06-08 04:00:00,105475.9,105644.3,105399.9,105611.7,39.83449106
2025-06-08 05:00:00,105611.7,105641.0,105403.8,105438.0,39.02300772
2025-06-08 06:00:00,105438.1,105596.6,105430.0,105451.0,37.03892278
2025-06-08 07:00:00,105450.9,105559.3,105404.8,105427.7,48.958865
2025-06-08 08:00:00,105427.7,105503.0,105368.0,105375.8,36.1694033
2025-06-08 09:00:00,105375.9,105410.1,105065.3,105134.1,118.59386089
2025-06-08 10:00:00,105134.2,105494.5,104969.6,105350.1,132.61218646
2025-06-08 11:00:00,105350.2,105738.3,105350.1,105673.4,105.08124449
2025-06-08 12:00:00,105673.4,105772.0,105509.4,105714.2,273.81270569
2025-06-08 13:00:00,105715.2,106158.7,105567.3,105622.9,215.2366197
2025-06-08 14:00:00,105623.0,105926.9,105567.3,105818.8,110.63475932
2025-06-08 15:00:00,105818.9,106092.1,105809.4,105975.1,111.06267624
2025-06-08 16:00:00,105975.0,106308.4,105940.8,106200.0,101.18466667
2025-06-08 17:00:00,106200.0,106366.0,106080.1,106092.8,61.19620897
2025-06-08 18:00:00,106092.8,106326.1,106025.2,106306.3,61.47772863
2025-06-08 19:00:00,106306.3,106331.1,106175.7,106301.8,30.36653871
2025-06-08 20:00:00,106301.8,106329.4,106117.7,106156.6,50.92532722
2025-06-08 21:00:00,106156.6,106499.5,106156.6,106331.1,92.65304272
2025-06-08 22:00:00,106332.4,106381.8,105666.8,105773.7,159.05436816
2025-06-08 23:00:00,105772.0,105785.1,105565.4,105729.1,94.82976995
2025-06-09 00:00:00,105729.2,105973.6,105596.8,105710.6,108.95703073
2025-06-09 01:00:00,105711.1,105750.0,105437.0,105530.0,88.94075405
2025-06-09 02:00:00,105529.4,105735.8,105476.2,105561.4,141.2984942
2025-06-09 03:00:00,105561.4,105710.0,105315.2,105667.6,108.1774326
2025-06-09 04:00:00,105667.7,105729.6,105420.7,105437.4,126.36873612
2025-06-09 05:00:00,105437.5,105524.4,105325.1,105379.2,130.78372944
2025-06-09 06:00:00,105379.2,105702.5,105313.4,105688.0,109.65466197
2025-06-09 07:00:00,105688.1,105688.1,105497.5,105557.7,105.76676732
2025-06-09 08:00:00,105557.6,105950.8,105469.1,105932.4,119.86923788
2025-06-09 09:00:00,105932.3,106900.0,105824.5,106608.9,454.82676646
2025-06-09 10:00:00,106608.2,107465.0,106550.7,107175.0,586.55762878
2025-06-09 11:00:00,107175.0,107815.6,107129.8,107761.7,423.3285856
2025-06-09 12:00:00,107761.7,107960.6,107547.2,107737.0,295.99604911
2025-06-09 13:00:00,107737.1,107888.0,106857.8,107020.6,358.13581824
2025-06-09 14:00:00,107020.1,108000.0,107020.1,107611.4,443.62624194
2025-06-09 15:00:00,107611.5,108034.8,107513.0,107638.1,302.97384096
2025-06-09 16:00:00,107638.2,108159.3,107638.1,107712.0,268.90073417
2025-06-09 17:00:00,107712.3,108444.0,107666.7,108340.3,222.27538586
2025-06-09 18:00:00,108340.3,108562.4,108287.0,108453.3,149.10191471
2025-06-09 19:00:00,108456.4,108772.3,108339.0,108570.4,202.08498895
2025-06-09 20:00:00,108569.7,108752.2,108447.8,108697.6,103.85935958
2025-06-09 21:00:00,108697.3,110650.0,108697.2,109978.0,1071.68674953
2025-06-09 22:00:00,109979.4,110428.5,109699.6,110174.5,331.3229076
2025-06-09 23:00:00,110174.6,110318.4,109873.6,110267.0,263.87907069
2025-06-10 00:00:00,110266.9,110311.6,109904.0,109904.5,265.30466905
2025-06-10 01:00:00,109904.6,109953.5,109636.3,109787.1,177.62483459
2025-06-10 02:00:00,109787.2,109787.2,109375.0,109644.2,152.78046479
2025-06-10 03:00:00,109644.3,109685.2,109379.2,109579.3,115.45176284
2025-06-10 04:00:00,109579.4,109650.0,109366.0,109537.9,79.32477415
2025-06-10 05:00:00,109539.8,109738.6,109196.2,109309.3,171.7790184
2025-06-10 06:00:00,109311.5,109665.1,109140.1,109505.9,138.24953585
2025-06-10 07:00:00,109505.9,109524.2,109088.9,109212.0,379.65399257
2025-06-10 08:00:00,109212.0,109423.5,109048.8,109088.3,141.49394309
2025-06-10 09:00:00,109091.1,109515.1,109067.7,109510.5,88.3514187
2025-06-10 10:00:00,109510.5,109586.7,109274.9,109304.4,146.17207566
2025-06-10 11:00:00,109304.5,109858.9,109200.0,109549.4,375.6908532
2025-06-10 12:00:00,109550.2,109707.9,109412.8,109695.6,164.84275317
2025-06-10 13:00:00,109695.5,109888.8,108860.4,109314.9,362.95443114
2025-06-10 14:00:00,109314.9,109342.2,108479.1,108625.9,384.48543228
2025-06-10 15:00:00,108625.9,109212.1,108344.1,109023.9,321.21276619
2025-06-10 16:00:00,109024.0,109263.9,108690.1,108727.9,143.10063218
2025-06-10 17:00:00,108728.0,109061.6,108615.3,108712.0,86.87957355
2025-06-10 18:00:00,108712.1,109484.9,108521.7,109286.0,116.86214333
2025-06-10 19:00:00,109286.1,110393.0,109286.1,109509.5,357.03206966
2025-06-10 20:00:00,109509.4,110009.9,109243.7,109956.8,98.47069798
2025-06-10 21:00:00,109959.2,109997.1,109407.5,109863.6,109.93967378
2025-06-10 22:00:00,109863.6,110183.8,109600.0,109719.8,164.81205458
2025-06-10 23:00:00,109722.0,110298.6,109584.2,110274.1,142.44712701
2025-06-11 00:00:00,110274.1,110288.9,109775.1,109825.7,107.18596702
2025-06-11 01:00:00,109825.7,109836.1,109565.2,109605.2,92.6601047
2025-06-11 02:00:00,109605.3,109857.6,109542.3,109689.4,65.46782313
2025-06-11 03:00:00,109689.4,109879.0,109620.0,109719.1,68.00896047
2025-06-11 04:00:00,109719.2,109748.3,109555.0,109575.6,90.68692807
2025-06-11 05:00:00,109575.7,109665.0,109425.9,109472.6,74.67325853
2025-06-11 06:00:00,109472.5,109683.2,109367.4,109590.0,122.97110475
2025-06-11 07:00:00,109591.5,109746.6,109438.2,109439.2,112.74560515
2025-06-11 08:00:00,109439.2,109663.9,109439.1,109560.5,89.00537514
2025-06-11 09:00:00,109560.5,109607.3,109218.8,109260.0,106.81653237
2025-06-11 10:00:00,109260.0,109481.4,109182.7,109373.5,70.37013955
2025-06-11 11:00:00,109373.5,109389.1,109204.1,109245.7,54.5145696
2025-06-11 12:00:00,109245.7,109935.4,109011.4,109717.6,556.03153868
2025-06-11 13:00:00,109718.0,109895.9,109312.1,109681.7,277.014284
2025-06-11 14:00:00,109684.4,110399.9,109642.8,109887.9,405.94501773
2025-06-11 15:00:00,109888.0,110047.7,109658.0,109743.3,177.62876835
2025-06-11 16:00:00,109743.3,109825.4,109337.3,109444.9,202.10035199
2025-06-11 17:00:00,109445.0,109766.5,108956.6,108985.9,175.75111654
2025-06-11 18:00:00,108985.9,109074.9,108400.0,108808.2,321.76283865
2025-06-11 19:00:00,108806.7,108975.6,108572.2,108749.2,251.46243613
2025-06-11 20:00:00,108743.5,109010.7,108489.1,108917.0,142.68289611
2025-06-11 21:00:00,108917.3,109223.3,108352.6,108505.8,134.57911674
2025-06-11 22:00:00,108505.6,108649.4,108050.1,108458.8,229.76613466
2025-06-11 23:00:00,108458.8,108697.1,108324.3,108645.7,99.42780145
2025-06-12 00:00:00,108645.7,108827.6,108320.4,108705.8,127.82436856
2025-06-12 01:00:00,108705.7,108708.4,108256.9,108528.1,131.48901672
2025-06-12 02:00:00,108528.2,108761.8,108373.8,108390.1,115.81420128
2025-06-12 03:00:00,108390.1,108476.0,107715.3,107864.2,994.94572507
2025-06-12 04:00:00,107863.7,107924.8,107333.2,107771.9,225.05310892
2025-06-12 05:00:00,107771.9,107930.9,107600.0,107745.6,112.893334
2025-06-12 06:00:00,107745.6,107999.7,107631.7,107903.1,108.29644818
2025-06-12 07:00:00,107903.0,107969.1,107446.5,107630.9,207.35176637
2025-06-12 08:00:00,107630.8,107848.6,107432.2,107729.5,113.31860542
2025-06-12 09:00:00,107730.1,107782.5,107489.3,107510.4,97.78082497
2025-06-12 10:00:00,107510.5,107530.1,107207.6,107328.3,157.18801894
2025-06-12 11:00:00,107328.4,107358.0,106887.7,106910.1,280.06208208
2025-06-12 12:00:00,106910.2,107439.1,106873.2,106995.5,252.99210127
2025-06-12 13:00:00,106995.6,107208.4,106600.0,107078.4,317.98397852
2025-06-12 14:00:00,107076.3,107735.7,107075.9,107619.7,279.62882372
2025-06-12 15:00:00,107619.7,107821.1,106878.1,107017.6,273.75947798
2025-06-12 16:00:00,107017.6,107886.5,106976.6,107743.7,1371.57458778
2025-06-12 17:00:00,107743.8,108439.0,107698.5,108294.9,280.57547034
2025-06-12 18:00:00,108294.6,108429.8,107218.2,107557.3,490.2444362
2025-06-12 19:00:00,107557.4,107889.3,106680.0,106795.9,711.06709138
2025-06-12 20:00:00,106795.8,106980.5,105768.0,105971.3,551.637157
2025-06-12 21:00:00,105977.5,106428.5,105861.5,105886.0,237.66874431
2025-06-12 22:00:00,105886.0,106230.9,105721.1,105893.2,226.62326563
2025-06-12 23:00:00,105893.3,106138.2,105661.4,105663.8,146.85503168
2025-06-13 00:00:00,105663.8,105697.1,103203.5,103802.6,1621.68095301
2025-06-13 01:00:00,103800.4,103873.9,102640.0,103775.7,1346.51781766
2025-06-13 02:00:00,103775.7,103986.7,103060.2,103651.9,449.87872247
2025-06-13 03:00:00,103652.0,104630.7,103617.7,104287.7,412.45734712
2025-06-13 04:00:00,104287.8,104512.8,103785.7,104406.3,322.18960608
2025-06-13 05:00:00,104406.2,104460.3,103993.6,104006.0,207.96635185
2025-06-13 06:00:00,104006.0,104740.3,103822.6,104721.7,243.35073562
2025-06-13 07:00:00,104721.8,104973.5,104379.3,104897.3,652.11006011
2025-06-13 08:00:00,104897.4,105472.0,104700.1,104737.5,365.57809885
2025-06-13 09:00:00,104737.6,104930.8,104501.9,104833.7,203.00803406
2025-06-13 10:00:00,104833.8,104923.6,104426.6,104870.8,144.11819798
2025-06-13 11:00:00,104870.8,105058.0,104638.1,105037.8,130.28641447
2025-06-13 12:00:00,105039.5,105292.2,104814.3,104850.8,222.53172478
2025-06-13 13:00:00,104848.7,105297.1,104672.8,104732.0,274.05477486
2025-06-13 14:00:00,104735.6,105014.8,104108.6,104964.0,582.19051465
2025-06-13 15:00:00,104964.1,105764.8,104826.9,105431.0,999.91756343
2025-06-13 16:00:00,105431.1,105977.1,105302.7,105777.9,369.84763616
2025-06-13 17:00:00,105777.9,105777.9,104858.0,105378.3,227.13983273
2025-06-13 18:00:00,105378.4,105483.6,104666.6,105186.5,179.01551514
2025-06-13 19:00:00,105186.5,105439.9,104894.7,105101.9,136.9105363
2025-06-13 20:00:00,105100.6,105515.5,105017.2,105434.1,107.01728582
2025-06-13 21:00:00,105434.2,105793.9,105316.6,105613.7,83.9436096
2025-06-13 22:00:00,105613.8,105855.9,105537.2,105748.9,90.9161026
2025-06-13 23:00:00,105748.9,106188.0,105748.9,106066.1,115.45937669
2025-06-14 00:00:00,106066.1,106219.2,105687.7,105812.1,190.75994139
2025-06-14 01:00:00,105812.1,105812.1,105440.1,105472.1,111.55067526
2025-06-14 02:00:00,105472.1,105627.1,105320.1,105386.7,64.01880064
2025-06-14 03:00:00,105386.8,105452.6,105202.6,105241.2,73.47910245
2025-06-14 04:00:00,105241.2,105411.1,105202.6,105380.3,79.70112276
2025-06-14 05:00:00,105380.4,105433.7,105254.8,105300.0,47.74175015
2025-06-14 06:00:00,105300.1,105335.3,105111.1,105111.1,99.52782801
2025-06-14 07:00:00,105111.2,105158.7,104791.3,105070.9,224.29320483
2025-06-14 08:00:00,105070.8,105139.5,104859.7,105100.0,48.52748555
2025-06-14 09:00:00,105100.1,105122.9,104850.0,104865.9,59.69800598
2025-06-14 10:00:00,104866.0,105126.0,104830.7,105013.3,63.8077178
2025-06-14 11:00:00,105013.3,105106.1,104952.6,105091.0,60.66085248
2025-06-14 12:00:00,105089.1,105109.6,104724.2,105048.0,85.04523816
2025-06-14 13:00:00,105048.0,105129.8,104900.0,105015.1,66.25544038
2025-06-14 14:00:00,105015.1,105072.4,104837.0,104917.8,71.00628154
2025-06-14 15:00:00,104917.8,104982.1,104614.0,104833.1,120.57366088
2025-06-14 16:00:00,104833.1,104912.0,104370.0,104463.4,583.86416778
2025-06-14 17:00:00,104463.5,104726.8,104400.0,104618.5,104.29799311
2025-06-14 18:00:00,104618.6,104999.8,104363.7,104908.4,128.10429623
2025-06-14 19:00:00,104908.5,105060.2,104643.6,104651.4,111.24602332
2025-06-14 20:00:00,104652.0,104997.7,104305.7,104898.5,147.34127099
2025-06-14 21:00:00,104898.5,105476.5,104857.8,105313.2,133.10871566
2025-06-14 22:00:00,105313.2,105491.1,105288.0,105425.4,43.5080676
2025-06-14 23:00:00,105425.4,105483.0,105340.1,105410.9,28.32334749
2025-06-15 00:00:00,105410.9,105669.9,105260.0,105649.4,105.59002447
2025-06-15 01:00:00,105649.3,105677.0,105404.7,105417.0,37.42962819
2025-06-15 02:00:00,105417.0,105628.0,105417.0,105478.0,50.55196515
2025-06-15 03:00:00,105478.0,105574.7,105457.2,105478.4,26.76620675
2025-06-15 04:00:00,105478.4,105568.9,105476.8,105565.1,23.86338161
2025-06-15 05:00:00,105565.2,106098.4,105492.7,106064.4,113.28301149
2025-06-15 06:00:00,106069.9,106140.0,105415.6,105445.8,182.66396282
2025-06-15 07:00:00,105445.8,105467.4,105199.9,105430.1,87.65623451
2025-06-15 08:00:00,105430.2,105498.2,105139.9,105197.2,78.42668268
2025-06-15 09:00:00,105196.0,105196.0,104868.1,104933.9,119.29829043
2025-06-15 10:00:00,104933.3,105199.9,104932.0,105128.2,49.45024348
2025-06-15 11:00:00,105128.2,105175.2,104917.1,104980.0,85.67955833
2025-06-15 12:00:00,104980.0,105298.0,104953.7,105294.1,117.67971297
2025-06-15 13:00:00,105294.1,105661.3,105232.7,105530.0,752.57722659
2025-06-15 14:00:00,105530.1,105839.2,105308.3,105655.0,150.14556326
2025-06-15 15:00:00,105655.0,105799.2,105528.5,105568.0,55.37092452
2025-06-15 16:00:00,105568.0,105679.7,105333.3,105571.6,95.76428212
2025-06-15 17:00:00,105571.5,105776.9,105467.8,105684.0,315.0884798
2025-06-15 18:00:00,105683.8,105694.7,105471.0,105486.1,163.27521148
2025-06-15 19:00:00,105486.2,105587.9,105066.5,105301.5,126.598969
2025-06-15 20:00:00,105301.5,105306.7,104604.7,104744.7,143.72257044
2025-06-15 21:00:00,104744.7,104843.2,104500.0,104808.0,147.74031106
2025-06-15 22:00:00,104804.8,105379.2,104728.0,105267.6,115.27383878
2025-06-15 23:00:00,105267.6,105616.0,105220.2,105579.9,77.23523715
2025-06-16 00:00:00,105580.0,105781.9,105350.4,105435.7,105.0388198
2025-06-16 01:00:00,105435.7,105900.2,104972.2,105818.1,187.15749434
2025-06-16 02:00:00,105818.0,105975.8,105676.1,105786.9,137.42460952
2025-06-16 03:00:00,105786.9,105968.0,105703.9,105919.2,75.11917543
2025-06-16 04:00:00,105919.3,106408.0,105867.1,106388.0,409.64420253
2025-06-16 05:00:00,106387.9,106791.0,106303.4,106569.3,260.91266922
2025-06-16 06:00:00,106569.3,106773.1,106506.5,106577.5,171.61160548
2025-06-16 07:00:00,106577.5,107265.8,106577.5,107061.9,337.22257316
2025-06-16 08:00:00,107061.9,107239.0,106950.0,107172.1,143.02765785
2025-06-16 09:00:00,107172.2,107239.1,106881.0,106953.9,179.38651312
2025-06-16 10:00:00,106954.0,107213.5,106741.5,106840.0,92.5505896
2025-06-16 11:00:00,106842.3,106976.9,106582.6,106896.4,142.99152079
2025-06-16 12:00:00,106896.4,106910.0,106600.1,106691.2,78.42447414
2025-06-16 13:00:00,106691.3,107179.3,106503.6,107161.2,211.44181975
2025-06-16 14:00:00,107160.0,107787.1,106778.6,107539.9,477.4565494
2025-06-16 15:00:00,107539.9,107720.5,107304.0,107436.0,237.81745163
2025-06-16 16:00:00,107438.1,107899.9,107312.0,107767.9,195.65599334
2025-06-16 17:00:00,107768.0,108019.1,107609.2,107756.0,231.79986831
2025-06-16 18:00:00,107756.0,108277.1,107685.9,108260.9,174.06704764
2025-06-16 19:00:00,108260.9,108899.1,108260.9,108653.9,337.11277339
2025-06-16 20:00:00,108654.0,108850.0,108409.0,108791.7,252.52096071
2025-06-16 21:00:00,108792.0,108824.0,108309.5,108525.5,114.17895086
2025-06-16 22:00:00,108525.6,108974.7,107421.8,107704.0,430.33487044
2025-06-16 23:00:00,107700.0,107988.0,106700.9,106803.8,361.98408487
2025-06-17 00:00:00,106806.0,107269.7,106127.1,107247.9,436.85002516
2025-06-17 01:00:00,107247.9,107407.4,106911.5,107185.4,136.39871621
2025-06-17 02:00:00,107185.4,107600.0,106571.4,107486.0,184.80670261
2025-06-17 03:00:00,107486.5,107761.7,107370.0,107595.9,170.96745792
2025-06-17 04:00:00,107596.0,107712.5,107305.8,107335.9,101.32461022
2025-06-17 05:00:00,107335.8,107409.5,107045.4,107123.9,165.70003338
2025-06-17 06:00:00,107123.9,107239.7,106704.8,106839.4,157.97461171
2025-06-17 07:00:00,106839.5,106884.0,106480.0,106768.8,162.64449328
2025-06-17 08:00:00,106768.7,106838.6,106491.1,106564.5,126.11192092
2025-06-17 09:00:00,106564.5,106662.1,106062.4,106164.1,230.47466782
2025-06-17 10:00:00,106164.1,106247.6,105711.7,105948.9,439.81106217
2025-06-17 11:00:00,105948.9,105948.9,105504.1,105634.7,356.4774142
2025-06-17 12:00:00,105634.8,105867.3,105423.4,105514.0,256.99689054
2025-06-17 13:00:00,105514.1,105761.7,105206.5,105361.1,842.04586215
2025-06-17 14:00:00,105361.1,105713.2,104782.6,104849.6,927.02711425
2025-06-17 15:00:00,104849.6,104983.2,104138.3,104244.1,804.45874474
2025-06-17 16:00:00,104244.1,104499.5,103499.9,103624.5,1019.2014792
2025-06-17 17:00:00,103624.1,104249.4,103368.1,103814.8,1027.73114251
2025-06-17 18:00:00,103814.7,104421.0,103622.3,104421.0,384.96687478
2025-06-17 19:00:00,104421.0,105353.6,104421.0,104684.1,414.98835624
2025-06-17 20:00:00,104682.0,104903.7,104253.3,104366.0,222.80686019
2025-06-17 21:00:00,104366.1,104845.1,104253.3,104553.1,157.25533918
2025-06-17 22:00:00,104553.1,104738.0,104204.6,104235.2,127.38281414
2025-06-17 23:00:00,104235.2,104740.3,104223.0,104564.0,63.87597804
2025-06-18 00:00:00,104565.1,104859.4,104366.7,104846.4,124.71857919
2025-06-18 01:00:00,104846.4,105183.5,104669.9,104772.0,96.27771468
2025-06-18 02:00:00,104774.0,105100.0,104695.6,104852.4,108.11778195
2025-06-18 03:00:00,104852.4,105246.6,104848.3,105184.5,198.21424633
2025-06-18 04:00:00,105184.5,105512.2,105072.9,105448.0,155.76081585
2025-06-18 05:00:00,105448.2,105544.2,105370.6,105405.4,170.33846368
2025-06-18 06:00:00,105405.4,105535.2,104891.3,104960.0,196.38757871
2025-06-18 07:00:00,104957.6,105014.7,104715.4,104977.7,240.75685551
2025-06-18 08:00:00,104979.4,105313.6,104740.8,104953.9,188.33413736
2025-06-18 09:00:00,104954.0,105134.0,104560.8,104697.6,114.36252279
2025-06-18 10:00:00,104697.6,104810.1,104180.6,104267.9,200.21724528
2025-06-18 11:00:00,104267.9,104873.9,104202.1,104849.1,168.54193061
2025-06-18 12:00:00,104849.1,104916.4,104481.0,104521.4,176.8218514
2025-06-18 13:00:00,104521.4,104558.5,103812.0,104452.2,493.16384829
2025-06-18 14:00:00,104452.2,105329.7,104222.4,104610.7,567.38503225
2025-06-18 15:00:00,104610.7,104978.1,104138.0,104796.1,275.05554381
2025-06-18 16:00:00,104796.0,104836.0,104336.5,104416.7,115.08684167
2025-06-18 17:00:00,104416.2,104515.0,103605.5,104355.7,267.64412431
2025-06-18 18:00:00,104355.7,104717.8,103568.1,103618.0,514.24466751
2025-06-18 19:00:00,103616.8,104433.2,103500.0,103820.0,228.51849344
2025-06-18 20:00:00,103822.1,104984.0,103647.9,104811.5,124.04268432
2025-06-18 21:00:00,104811.6,105140.0,104366.6,105087.3,195.60236756
2025-06-18 22:00:00,105086.0,105136.9,104792.6,104822.0,76.2590112
2025-06-18 23:00:00,104822.0,104963.0,104627.7,104890.1,92.68734081
2025-06-19 00:00:00,104890.0,105225.8,104681.3,104941.5,138.89977742
2025-06-19 01:00:00,104941.6,104970.0,104460.5,104609.9,160.82040992
2025-06-19 02:00:00,104610.0,105012.3,104445.6,104726.4,73.83954144
2025-06-19 03:00:00,104724.3,105108.2,104724.3,105093.0,68.48991714
2025-06-19 04:00:00,105094.2,105106.0,104800.0,105080.0,83.32029354
2025-06-19 05:00:00,105080.0,105224.9,104821.4,104892.5,86.39564869
2025-06-19 06:00:00,104892.6,104985.9,104625.3,104701.3,58.95290687
2025-06-19 07:00:00,104701.3,104852.5,104625.1,104648.1,78.57125814
2025-06-19 08:00:00,104648.0,104984.3,104630.0,104742.7,89.08713325
2025-06-19 09:00:00,104740.2,105038.0,104728.0,105000.0,79.19946257
2025-06-19 10:00:00,105000.0,105078.1,104841.2,104913.9,50.87297572
2025-06-19 11:00:00,104913.9,104916.0,104722.8,104768.0,39.89174859
2025-06-19 12:00:00,104768.1,104916.0,104662.4,104753.6,84.28291498
2025-06-19 13:00:00,104752.4,104791.6,104238.1,104285.6,177.79232372
2025-06-19 14:00:00,104285.9,104692.0,104107.3,104152.1,202.497276
2025-06-19 15:00:00,104152.1,104453.1,104081.0,104104.1,164.81793216
2025-06-19 16:00:00,104104.1,104427.8,103920.8,104004.0,133.42534312
2025-06-19 17:00:00,104004.0,104838.6,103920.1,104517.7,439.06591368
2025-06-19 18:00:00,104517.6,104699.9,104287.3,104398.1,66.84134497
2025-06-19 19:00:00,104398.1,104469.9,104118.7,104251.2,72.23637969
2025-06-19 20:00:00,104251.2,104501.9,104138.1,104271.7,48.08632827
2025-06-19 21:00:00,104271.9,104422.0,104222.1,104328.0,79.03224052
2025-06-19 22:00:00,104328.1,104777.5,104328.1,104592.9,76.29642104
2025-06-19 23:00:00,104593.0,104916.6,104456.7,104652.4,69.14277002
2025-06-20 00:00:00,104652.1,104822.3,104564.8,104693.0,98.7650655
2025-06-20 01:00:00,104693.3,104797.9,104390.4,104778.3,70.48033742
2025-06-20 02:00:00,104778.4,104808.7,104504.6,104630.0,125.44045453
2025-06-20 03:00:00,104630.0,104699.4,104506.1,104595.3,80.3551621
2025-06-20 04:00:00,104595.4,104602.0,104230.8,104260.1,104.68307756
2025-06-20 05:00:00,104260.1,104597.3,104259.7,104592.4,65.91123454
2025-06-20 06:00:00,104592.5,104771.0,104592.5,104718.1,58.04952156
2025-06-20 07:00:00,104718.2,105809.6,104637.8,105805.8,446.39433182
2025-06-20 08:00:00,105805.9,106520.0,105776.8,105952.0,608.74355297
2025-06-20 09:00:00,105953.9,106086.0,105756.0,105942.0,165.33107162
2025-06-20 10:00:00,105942.0,106168.8,105820.0,105950.0,164.62536584
2025-06-20 11:00:00,105949.9,106080.0,105799.9,105979.8,217.71710284
2025-06-20 12:00:00,105980.0,106106.2,105864.0,105976.0,86.77612759
2025-06-20 13:00:00,105976.1,106147.4,105361.7,105672.0,338.32762876
2025-06-20 14:00:00,105671.9,105797.4,103882.6,103925.2,634.43534731
2025-06-20 15:00:00,103925.2,104622.6,103890.1,104222.1,480.4562094
2025-06-20 16:00:00,104224.0,104281.2,103600.0,103673.4,466.96291277
2025-06-20 17:00:00,103673.3,103766.0,102340.7,103272.0,913.19739024
2025-06-20 18:00:00,103270.1,103444.0,103032.8,103174.0,297.58532622
2025-06-20 19:00:00,103176.0,103525.0,103000.0,103308.2,162.06016971
2025-06-20 20:00:00,103308.2,103831.1,103292.3,103698.9,138.87923874
2025-06-20 21:00:00,103699.9,103730.0,103327.4,103548.0,222.14599067
2025-06-20 22:00:00,103548.6,103548.6,102956.2,103108.0,300.06795638
2025-06-20 23:00:00,103108.0,103340.0,102965.8,103304.6,110.43749538
2025-06-21 00:00:00,103304.6,103348.9,103127.5,103252.7,99.16681785
2025-06-21 01:00:00,103252.7,103521.3,103139.9,103519.9,76.76034024
2025-06-21 02:00:00,103520.0,103542.2,103375.5,103507.4,63.23851103
2025-06-21 03:00:00,103507.4,103702.0,103492.8,103492.8,54.61199801
2025-06-21 04:00:00,103492.8,103530.0,103334.1,103391.8,73.48329171
2025-06-21 05:00:00,103391.9,103498.2,103350.9,103424.1,52.58757859
2025-06-21 06:00:00,103424.1,103600.0,103291.8,103573.2,527.31241867
2025-06-21 07:00:00,103573.3,103579.8,103365.7,103468.1,193.81761858
2025-06-21 08:00:00,103468.1,103836.8,103461.3,103824.1,75.51915705
2025-06-21 09:00:00,103826.2,103941.6,103641.8,103845.3,297.34292745
2025-06-21 10:00:00,103845.4,103991.6,103768.9,103831.9,84.64898317
2025-06-21 11:00:00,103831.9,103936.1,103720.1,103880.0,70.36862124
2025-06-21 12:00:00,103879.9,103966.1,103781.8,103811.9,232.32392774
2025-06-21 13:00:00,103811.9,103884.6,103536.5,103576.0,76.73269375
2025-06-21 14:00:00,103576.1,103793.3,103388.0,103568.5,497.40953006
2025-06-21 15:00:00,103568.5,103712.2,103290.6,103566.1,249.99103603
2025-06-21 16:00:00,103566.1,103657.2,103457.2,103490.0,48.24830097
2025-06-21 17:00:00,103488.5,103599.8,103185.4,103192.1,60.80212499
2025-06-21 18:00:00,103192.1,103448.2,102650.0,102660.7,158.69528016
2025-06-21 19:00:00,102660.8,102771.1,102207.7,102256.3,237.14018126
2025-06-21 20:00:00,102254.4,102898.9,102205.4,102789.5,163.19061224
2025-06-21 21:00:00,102789.5,102843.8,101100.0,101451.9,740.79828858
2025-06-21 22:00:00,101451.9,101995.7,101442.0,101785.2,228.65462064
2025-06-21 23:00:00,101785.2,102287.9,100866.0,102124.4,641.9853533
2025-06-22 00:00:00,102126.3,103396.6,101822.3,102852.8,517.12138835
2025-06-22 01:00:00,102852.9,103004.1,102232.2,102396.7,199.3255127
2025-06-22 02:00:00,102396.9,102894.4,101880.1,102350.0,276.86067387
2025-06-22 03:00:00,102350.1,102601.9,102128.0,102384.9,124.055777
2025-06-22 04:00:00,102384.9,102792.1,102260.0,102558.2,90.54490608
2025-06-22 05:00:00,102556.7,102920.0,102545.5,102854.0,125.5852687
2025-06-22 06:00:00,102856.1,102954.0,102694.0,102746.0,63.60578023
2025-06-22 07:00:00,102747.4,102756.4,102232.9,102442.1,812.85811098
2025-06-22 08:00:00,102442.1,102720.0,102314.4,102720.0,119.41822416
2025-06-22 09:00:00,102720.0,102820.0,102072.6,102204.1,137.37646839
2025-06-22 10:00:00,102204.1,102545.4,102146.0,102501.2,113.82620167
2025-06-22 11:00:00,102501.2,102785.1,102437.7,102739.2,132.00259703
2025-06-22 12:00:00,102739.3,102830.0,102576.1,102757.9,191.88022079
2025-06-22 13:00:00,102756.2,102808.0,100279.7,100868.1,1211.8115052
2025-06-22 14:00:00,100868.1,101246.7,99066.8,99633.6,1743.5944907
2025-06-22 15:00:00,99633.6,99828.0,98900.4,98911.3,826.40184619
2025-06-22 16:00:00,98911.2,99696.0,98680.0,99666.0,777.59783768
2025-06-22 17:00:00,99666.1,100375.9,99389.5,99476.1,540.76645909
2025-06-22 18:00:00,99476.0,99788.0,99344.3,99434.0,171.46021546
2025-06-22 19:00:00,99434.0,99457.9,98800.0,98884.1,232.79019762
2025-06-22 20:00:00,98884.1,99764.0,98188.4,99543.8,646.49712621
2025-06-22 21:00:00,99543.9,99675.2,99010.1,99184.0,231.0197486
2025-06-22 22:00:00,99184.0,100966.5,99133.6,100966.5,653.02889918
2025-06-22 23:00:00,100966.6,101030.3,100633.4,100949.2,307.66079975
2025-06-23 00:00:00,100948.1,101606.0,100474.6,100908.0,390.88105347
2025-06-23 01:00:00,100908.0,101124.6,100560.1,101102.7,199.04451299
2025-06-23 02:00:00,101102.8,101382.7,100923.0,101290.0,179.17374203
2025-06-23 03:00:00,101289.9,101373.9,101070.0,101163.1,100.19691713
2025-06-23 04:00:00,101163.2,101326.0,100974.0,101178.0,99.74241849
2025-06-23 05:00:00,101180.0,101852.1,101180.0,101766.7,176.67662437
2025-06-23 06:00:00,101766.8,102075.4,101647.9,101938.5,286.62719478
2025-06-23 07:00:00,101938.5,102156.3,101757.8,101935.7,278.68621338
2025-06-23 08:00:00,101935.7,102085.9,101729.3,101870.5,174.70019526
2025-06-23 09:00:00,101870.5,101870.5,101378.0,101558.1,164.32948938
2025-06-23 10:00:00,101558.1,101578.0,101189.1,101456.0,181.06983468
2025-06-23 11:00:00,101456.1,101571.3,101107.1,101297.9,241.57036136
2025-06-23 12:00:00,101298.0,101698.9,101099.9,101692.7,254.72514364
2025-06-23 13:00:00,101692.7,102483.8,100808.0,102359.3,843.39996532
2025-06-23 14:00:00,102359.4,102625.0,101500.6,101626.6,503.41218072
2025-06-23 15:00:00,101626.7,102053.0,101304.5,101431.5,483.31486169
2025-06-23 16:00:00,101431.6,101468.0,99636.6,100706.0,879.93884772
2025-06-23 17:00:00,100706.0,102714.8,100501.9,102492.0,707.08660237
2025-06-23 18:00:00,102492.0,103323.0,102400.0,102943.1,597.50453778
2025-06-23 19:00:00,102943.1,103240.3,102674.0,103160.9,204.48872413
2025-06-23 20:00:00,103167.5,103911.4,102880.8,103739.9,377.91874569
2025-06-23 21:00:00,103740.0,104214.0,103626.1,103701.5,209.69877519
2025-06-23 22:00:00,103702.1,106052.1,103696.0,105546.0,1302.8347478
2025-06-23 23:00:00,105544.5,105675.9,105114.1,105356.0,806.91877174
2025-06-24 00:00:00,105355.9,105514.4,104913.5,105143.9,317.11479483
2025-06-24 01:00:00,105144.0,105490.3,104974.0,105444.0,172.87471109
2025-06-24 02:00:00,105443.8,105443.8,104706.8,104768.0,306.26560861
2025-06-24 03:00:00,104768.0,105128.5,104730.1,104920.0,1064.67622987
2025-06-24 04:00:00,104919.4,104960.2,104702.3,104823.6,121.63026162
2025-06-24 05:00:00,104823.7,105416.6,104823.7,105385.2,495.15546587
2025-06-24 06:00:00,105385.2,105827.4,105224.0,105652.1,288.42280328
2025-06-24 07:00:00,105652.1,105777.9,104890.1,104935.0,524.61994181
2025-06-24 08:00:00,104934.7,105166.0,104625.1,105011.2,287.15506914
2025-06-24 09:00:00,105011.1,105568.5,104965.2,105200.6,184.41702466
2025-06-24 10:00:00,105200.6,105362.0,105074.0,105276.9,135.51095864
2025-06-24 11:00:00,105277.0,105432.9,105004.5,105175.3,131.96453909
2025-06-24 12:00:00,105175.3,105328.9,104973.8,105204.0,142.92519053
2025-06-24 13:00:00,105202.0,105398.0,104804.1,105085.0,411.04511461
2025-06-24 14:00:00,105084.9,105663.2,104956.0,105520.0,393.89838186
2025-06-24 15:00:00,105520.0,105739.0,105150.1,105238.1,397.00539349
2025-06-24 16:00:00,105241.8,106280.0,105182.8,106220.0,382.57751139
2025-06-24 17:00:00,106222.0,106290.8,105600.0,106061.6,223.9387587
2025-06-24 18:00:00,106061.6,106103.9,105518.1,105526.0,89.04894373
2025-06-24 19:00:00,105525.9,105687.9,105280.4,105650.0,212.11000295
2025-06-24 20:00:00,105648.0,106108.8,105442.1,106087.8,190.4504671
2025-06-24 21:00:00,106087.8,106128.1,105730.1,105998.1,143.1727243
2025-06-24 22:00:00,105998.0,106043.4,105740.0,106017.7,88.34167643
2025-06-24 23:00:00,106017.6,106094.1,105776.5,106094.1,72.89790942
2025-06-25 00:00:00,106094.2,106482.1,105820.1,106410.0,258.05395322
2025-06-25 01:00:00,106410.0,106665.9,106015.9,106394.9,268.89585354
2025-06-25 02:00:00,106394.9,106808.8,106302.0,106484.0,216.89941278
2025-06-25 03:00:00,106483.0,106619.4,106197.5,106237.9,136.04298846
2025-06-25 04:00:00,106237.9,106310.6,106000.0,106196.1,142.20792481
2025-06-25 05:00:00,106196.1,106410.6,106046.4,106219.9,119.81698805
2025-06-25 06:00:00,106220.0,106462.0,106119.7,106405.9,133.38814455
2025-06-25 07:00:00,106405.9,106710.0,106324.3,106600.0,212.17874639
2025-06-25 08:00:00,106600.1,106667.1,106340.1,106645.6,181.15079549
2025-06-25 09:00:00,106646.0,106989.3,106458.2,106642.0,372.91762109
2025-06-25 10:00:00,106643.6,107189.9,106574.1,107155.0,559.93434686
2025-06-25 11:00:00,107155.0,107228.0,106852.1,107191.2,540.78705281
2025-06-25 12:00:00,107191.2,107289.3,106927.9,107224.9,147.48745734
2025-06-25 13:00:00,107224.9,108125.0,107156.0,107918.0,642.89562407
2025-06-25 14:00:00,107917.8,108130.0,107223.0,107622.9,572.97690745
2025-06-25 15:00:00,107622.9,107634.0,106737.5,107034.6,536.28047925
2025-06-25 16:00:00,107034.5,107494.1,106981.1,107150.0,273.36603749
2025-06-25 17:00:00,107150.1,107545.9,106912.1,107400.1,203.18490738
2025-06-25 18:00:00,107400.2,107527.9,107172.0,107406.1,155.19017578
2025-06-25 19:00:00,107406.8,107900.0,107382.1,107757.5,389.0948132
2025-06-25 20:00:00,107754.9,107861.5,107489.2,107775.5,179.86939182
2025-06-25 21:00:00,107775.5,108000.0,107446.0,107560.0,140.45531737
2025-06-25 22:00:00,107560.1,107561.9,107204.2,107270.5,88.91181408
2025-06-25 23:00:00,107270.5,107400.4,107075.0,107335.5,111.55131511
2025-06-26 00:00:00,107335.6,107629.7,107238.4,107313.9,150.18719329
2025-06-26 01:00:00,107314.0,107901.0,107095.2,107625.5,142.14067927
2025-06-26 02:00:00,107625.6,108059.4,107553.5,107924.0,149.3852973
2025-06-26 03:00:00,107924.0,108290.0,107776.6,107858.9,184.62733026
2025-06-26 04:00:00,107860.0,107975.4,107700.0,107844.5,96.5160848
2025-06-26 05:00:00,107844.5,107844.5,107519.9,107637.9,83.9265381
2025-06-26 06:00:00,107638.0,107802.0,107556.3,107760.8,56.984247
2025-06-26 07:00:00,107760.1,108086.0,107748.6,107812.7,190.86729059
2025-06-26 08:00:00,107812.7,108196.3,107717.6,107765.9,377.62520813
2025-06-26 09:00:00,107766.0,107802.0,107290.4,107331.5,396.53659121
2025-06-26 10:00:00,107331.4,107476.0,107250.0,107407.5,200.57591495
2025-06-26 11:00:00,107407.5,107418.3,107124.8,107340.2,206.69817914
2025-06-26 12:00:00,107340.3,107446.0,107035.4,107127.6,381.31946912
2025-06-26 13:00:00,107127.7,107365.9,106814.7,106956.0,342.36666749
2025-06-26 14:00:00,106956.1,107766.6,106894.1,107440.0,395.97552342
2025-06-26 15:00:00,107440.5,107535.8,106546.8,107316.0,321.29421641
2025-06-26 16:00:00,107316.0,107413.8,107012.0,107213.5,147.88909765
2025-06-26 17:00:00,107213.5,107449.2,107148.1,107197.1,145.80741007
2025-06-26 18:00:00,107197.2,107599.9,107139.0,107392.1,192.01255267
2025-06-26 19:00:00,107392.1,107684.8,107329.8,107544.0,158.33905192
2025-06-26 20:00:00,107541.3,108007.0,107460.0,107772.2,202.1418911
2025-06-26 21:00:00,107772.2,107805.0,106826.5,107025.8,240.19996662
2025-06-26 22:00:00,107025.8,107235.2,106952.9,106982.9,94.60272648
2025-06-26 23:00:00,106983.0,107075.3,106872.6,106962.8,60.42617167
2025-06-27 00:00:00,106962.9,107187.9,106662.5,106685.9,123.75445486
2025-06-27 01:00:00,106685.9,107227.1,106437.3,107124.1,179.7674857
2025-06-27 02:00:00,107124.1,107300.0,107054.1,107252.0,99.58653501
2025-06-27 03:00:00,107252.0,107500.0,107174.6,107475.9,159.28163813
2025-06-27 04:00:00,107476.0,107573.3,107350.3,107499.5,93.93471676
2025-06-27 05:00:00,107499.6,107547.0,107244.5,107259.6,126.55231658
2025-06-27 06:00:00,107259.7,107388.1,107200.0,107279.1,127.01689965
2025-06-27 07:00:00,107279.2,107742.0,106850.6,106866.6,588.97452898
2025-06-27 08:00:00,106866.7,107098.7,106681.5,107001.0,339.58651404
2025-06-27 09:00:00,107001.0,107139.0,106798.8,107088.0,123.94110558
2025-06-27 10:00:00,107088.0,107164.8,106953.0,107000.1,180.76415556
2025-06-27 11:00:00,107000.1,107163.3,106924.0,106999.4,74.67123872
2025-06-27 12:00:00,106999.4,107213.9,106612.9,106691.0,202.84630821
2025-06-27 13:00:00,106690.9,106998.0,106377.0,106835.6,289.2430257
2025-06-27 14:00:00,106835.6,107127.0,106379.1,106566.1,635.98482599
2025-06-27 15:00:00,106566.2,107457.8,106488.0,107312.9,293.38169987
2025-06-27 16:00:00,107313.0,107727.9,107097.1,107481.6,342.70660066
2025-06-27 17:00:00,107481.6,107504.0,106477.5,106878.1,253.11687829
2025-06-27 18:00:00,106878.0,107000.8,106450.0,106714.2,127.26648356
2025-06-27 19:00:00,106714.2,107035.9,106590.1,106811.3,224.14220899
2025-06-27 20:00:00,106811.5,107134.0,106800.0,107127.3,178.12657633
2025-06-27 21:00:00,107127.4,107278.0,107025.3,107046.0,60.97800636
2025-06-27 22:00:00,107046.1,107208.0,107046.0,107108.5,69.91938796
2025-06-27 23:00:00,107108.6,107184.2,106971.1,107054.0,32.10759598
2025-06-28 00:00:00,107054.5,107181.9,106854.3,107064.1,51.54271475
2025-06-28 01:00:00,107064.1,107122.0,106806.4,107074.7,73.05752919
2025-06-28 02:00:00,107074.8,107200.0,107018.0,107101.0,72.50317475
2025-06-28 03:00:00,107101.0,107343.0,107064.5,107292.0,101.98760735
2025-06-28 04:00:00,107292.1,107313.6,107176.0,107187.3,41.88183435
2025-06-28 05:00:00,107187.4,107355.1,107173.1,107301.4,164.91668684
2025-06-28 06:00:00,107301.4,107460.0,107301.3,107426.8,63.59429729
2025-06-28 07:00:00,107426.8,107504.6,107397.7,107486.2,118.85482653
2025-06-28 08:00:00,107486.2,107504.1,107349.8,107385.1,64.23366125
2025-06-28 09:00:00,107385.1,107385.1,107274.0,107309.7,25.78012893
2025-06-28 10:00:00,107309.8,107428.1,107227.9,107262.4,599.61699797
2025-06-28 11:00:00,107262.4,107371.0,107260.9,107367.8,16.29178646
2025-06-28 12:00:00,107367.9,107370.0,107285.1,107335.1,26.15151556
2025-06-28 13:00:00,107335.1,107356.5,107052.9,107103.9,119.30118999
2025-06-28 14:00:00,107104.0,107257.7,107102.5,107202.1,45.87394841
2025-06-28 15:00:00,107202.1,107550.0,107197.3,107451.5,96.77926708
2025-06-28 16:00:00,107451.6,107522.0,107240.0,107301.7,95.89865492
2025-06-28 17:00:00,107301.8,107552.4,107288.0,107467.3,53.99606636
2025-06-28 18:00:00,107467.4,107478.0,107260.7,107324.0,42.83302748
2025-06-28 19:00:00,107324.1,107342.0,107224.3,107224.3,14.68813212
2025-06-28 20:00:00,107224.4,107236.0,107156.0,107168.1,15.42790348
2025-06-28 21:00:00,107168.1,107359.7,107168.0,107327.5,45.28634641
2025-06-28 22:00:00,107327.6,107382.0,107267.2,107369.0,23.6847008
2025-06-28 23:00:00,107369.1,107369.1,107286.0,107302.7,23.61472701
2025-06-29 00:00:00,107302.7,107512.0,107262.0,107472.0,74.37100893
2025-06-29 01:00:00,107472.1,107473.2,107308.0,107317.9,39.19681332
2025-06-29 02:00:00,107318.0,107360.0,107169.2,107295.5,55.20303906
2025-06-29 03:00:00,107295.5,107301.0,107186.2,107214.5,12.63606523
2025-06-29 04:00:00,107214.5,107280.0,107210.0,107270.1,15.02049192
2025-06-29 05:00:00,107270.1,107316.0,107214.6,107316.0,20.22640265
2025-06-29 06:00:00,107316.0,107386.0,107312.6,107373.2,20.29922298
2025-06-29 07:00:00,107373.3,107425.6,107326.3,107413.9,111.89949996
2025-06-29 08:00:00,107413.9,107729.1,107406.5,107699.9,137.62518923
2025-06-29 09:00:00,107700.0,107985.3,107625.0,107902.1,176.70187933
2025-06-29 10:00:00,107902.2,108300.0,107853.0,108152.3,253.69457456
2025-06-29 11:00:00,108152.4,108499.0,108080.6,108479.4,170.63290525
2025-06-29 12:00:00,108479.3,108539.0,108027.8,108189.8,157.04975512
2025-06-29 13:00:00,108189.7,108235.9,108010.7,108054.1,530.62384684
2025-06-29 14:00:00,108054.1,108210.0,107775.5,107940.0,194.56361184
2025-06-29 15:00:00,107940.1,108027.0,107650.0,107744.1,110.07958564
2025-06-29 16:00:00,107744.0,107787.4,107304.1,107552.1,187.43157164
2025-06-29 17:00:00,107554.0,107595.0,107303.0,107535.9,65.53472972
2025-06-29 18:00:00,107535.9,107712.0,107435.2,107628.0,65.404297
2025-06-29 19:00:00,107628.1,107630.3,107363.4,107400.0,82.90808842
2025-06-29 20:00:00,107400.0,107490.7,107357.4,107358.4,44.03524781
2025-06-29 21:00:00,107358.5,107746.4,107236.0,107551.9,103.96723687
2025-06-29 22:00:00,107552.0,108280.7,107552.0,108082.1,179.53682775
2025-06-29 23:00:00,108083.0,108440.0,108012.1,108361.5,117.63341564
2025-06-30 00:00:00,108361.5,108800.0,108250.2,108713.5,285.67569389
2025-06-30 01:00:00,108713.5,108778.6,108400.1,108505.9,128.55690159
2025-06-30 02:00:00,108505.9,108661.9,108434.2,108486.1,83.64121462
2025-06-30 03:00:00,108486.6,108590.0,108423.0,108506.0,71.9152553
2025-06-30 04:00:00,108506.0,108542.0,108306.4,108322.3,90.73178904
2025-06-30 05:00:00,108322.3,108396.0,108166.0,108285.9,136.96311089
2025-06-30 06:00:00,108286.0,108304.0,107514.1,107564.3,226.6445695
2025-06-30 07:00:00,107564.4,107757.1,107464.7,107621.0,210.12297047
2025-06-30 08:00:00,107620.9,107746.8,107458.0,107504.2,89.9188862
2025-06-30 09:00:00,107504.2,107708.0,107465.4,107477.1,76.98342993
2025-06-30 10:00:00,107477.1,107676.5,107395.1,107642.1,160.34289554
2025-06-30 11:00:00,107642.2,107965.8,107626.0,107662.3,119.13385252
2025-06-30 12:00:00,107662.3,107837.0,107555.5,107581.1,232.49699107
2025-06-30 13:00:00,107581.1,107887.7,107487.4,107531.0,165.57955136
2025-06-30 14:00:00,107528.1,107644.9,106770.7,106813.7,550.21025439
2025-06-30 15:00:00,106813.7,107787.6,106736.9,107575.1,436.39366808
2025-06-30 16:00:00,107575.0,107800.0,107273.6,107603.9,185.13590723
2025-06-30 17:00:00,107604.0,107796.0,107413.3,107464.1,97.94135376
2025-06-30 18:00:00,107464.1,107633.4,107121.2,107240.0,105.42888042
2025-06-30 19:00:00,107240.0,107809.5,107205.8,107736.1,193.95551216
2025-06-30 20:00:00,107736.1,107771.4,107470.1,107573.4,75.91374315
2025-06-30 21:00:00,107573.4,107592.0,106918.2,107123.0,142.81250079
2025-06-30 22:00:00,107123.0,107311.8,107008.0,107102.1,79.1931668
2025-06-30 23:00:00,107102.1,107232.0,107056.1,107140.0,87.7320974
2025-07-01 00:00:00,107140.1,107455.9,107026.0,107378.0,94.06267562
2025-07-01 01:00:00,107378.0,107547.9,107181.9,107219.8,78.81415202
2025-07-01 02:00:00,107219.8,107415.6,107098.4,107102.8,59.22346612
2025-07-01 03:00:00,107102.9,107228.3,107073.6,107196.9,78.45904602
2025-07-01 04:00:00,107196.8,107216.7,106868.0,106884.0,99.97393535
2025-07-01 05:00:00,106884.0,106967.9,106733.0,106945.5,200.32493911
2025-07-01 06:00:00,106945.4,106945.4,106758.5,106901.9,82.21327061
2025-07-01 07:00:00,106902.0,107195.9,106621.1,107184.1,257.53069499
2025-07-01 08:00:00,107184.1,107184.1,106684.1,106714.0,90.60574087
2025-07-01 09:00:00,106712.4,106796.2,106506.6,106559.4,215.55122169
2025-07-01 10:00:00,106559.5,106644.0,106317.2,106493.3,280.96936735
2025-07-01 11:00:00,106493.3,106629.9,106315.7,106614.1,86.46386839
2025-07-01 12:00:00,106614.1,106712.8,106368.4,106417.6,117.91940734
2025-07-01 13:00:00,106417.6,106879.3,106287.1,106806.5,500.69830923
2025-07-01 14:00:00,106806.5,107184.0,105695.7,105920.0,1132.57573425
2025-07-01 15:00:00,105919.9,106204.8,105633.3,105961.9,308.92749047
2025-07-01 16:00:00,105962.0,106276.6,105827.6,106087.6,159.58642464
2025-07-01 17:00:00,106087.7,106289.4,105908.4,106250.1,93.23640814
2025-07-01 18:00:00,106250.0,106262.3,105670.6,105738.6,126.48666793
2025-07-01 19:00:00,105738.1,105797.9,105386.6,105392.6,241.47488083
2025-07-01 20:00:00,105392.7,105994.6,105239.2,105912.0,166.57830114
2025-07-01 21:00:00,105912.0,106106.0,105732.0,105789.9,74.50831765
2025-07-01 22:00:00,105784.5,105913.3,105600.0,105621.2,47.12291743
2025-07-01 23:00:00,105621.2,105717.9,105361.8,105688.1,84.96594457
2025-07-02 00:00:00,105688.1,105791.1,105368.9,105385.4,166.17102627
2025-07-02 01:00:00,105385.4,105797.8,105100.0,105720.0,145.99311258
2025-07-02 02:00:00,105720.0,105919.7,105534.5,105910.1,106.29418315
2025-07-02 03:00:00,105910.2,106211.6,105875.3,106190.0,121.34204978
2025-07-02 04:00:00,106190.0,106389.2,106131.3,106387.5,109.33384911
2025-07-02 05:00:00,106387.6,106677.7,106298.8,106635.2,220.45452871
2025-07-02 06:00:00,106635.2,107011.6,106624.5,107009.0,276.86202787
2025-07-02 07:00:00,107009.0,107188.5,106834.1,107080.1,254.32567109
2025-07-02 08:00:00,107080.9,107751.1,107080.9,107731.9,412.48219796
2025-07-02 09:00:00,107732.0,107788.0,107508.0,107638.0,171.15888149
2025-07-02 10:00:00,107638.0,107843.8,107602.9,107833.3,158.2867751
2025-07-02 11:00:00,107833.3,107833.3,107340.0,107479.9,208.76674536
2025-07-02 12:00:00,107480.0,107492.0,107181.8,107376.2,151.04885767
2025-07-02 13:00:00,107376.2,108000.0,107273.3,107772.7,343.63921255
2025-07-02 14:00:00,107772.7,108182.9,107660.0,108149.3,541.6131348
2025-07-02 15:00:00,108149.4,108770.0,108124.1,108745.3,691.71656279
2025-07-02 16:00:00,108745.3,109661.0,108654.2,109414.8,1198.48987614
2025-07-02 17:00:00,109414.8,109750.0,108843.5,109133.9,379.88922424
2025-07-02 18:00:00,109134.0,109535.9,108994.9,109535.9,145.18689622
2025-07-02 19:00:00,109535.9,109688.0,109284.0,109675.9,157.5122749
2025-07-02 20:00:00,109675.8,109675.9,109139.7,109142.0,115.3454353
2025-07-02 21:00:00,109142.1,109552.5,109142.1,109444.5,76.20737139
2025-07-02 22:00:00,109444.5,109515.9,109106.2,109140.7,83.50903361
2025-07-02 23:00:00,109140.8,109180.1,108727.2,108838.9,82.72731667
2025-07-03 00:00:00,108838.9,109120.9,108706.6,108927.5,137.84043153
2025-07-03 01:00:00,108927.5,109121.9,108815.7,108986.0,75.85094987
2025-07-03 02:00:00,108986.1,108986.1,108526.1,108719.0,124.53501666
2025-07-03 03:00:00,108719.0,108811.0,108613.1,108638.0,83.61701032
2025-07-03 04:00:00,108638.0,108997.2,108564.0,108805.8,100.95055165
2025-07-03 05:00:00,108805.8,109376.1,108798.0,109347.9,166.46582133
2025-07-03 06:00:00,109348.0,109560.8,109259.8,109476.5,141.90361062
2025-07-03 07:00:00,109476.4,109476.5,109130.7,109273.9,166.2550409
2025-07-03 08:00:00,109273.9,109579.0,109273.9,109378.0,173.83860489
2025-07-03 09:00:00,109378.1,110278.0,109371.6,109937.9,635.90664567
2025-07-03 10:00:00,109937.9,110000.0,109621.0,109835.9,116.03198395
2025-07-03 11:00:00,109836.0,109844.0,109585.1,109598.6,87.2736115
2025-07-03 12:00:00,109598.6,109935.8,108758.0,109165.9,502.45096944
2025-07-03 13:00:00,109165.9,110529.0,109128.0,110268.0,619.38342172
2025-07-03 14:00:00,110264.0,110500.0,109564.0,109723.3,477.12697038
2025-07-03 15:00:00,109723.4,109840.0,109094.3,109128.2,268.97850572
2025-07-03 16:00:00,109128.3,109675.9,109020.5,109285.0,189.6110878
2025-07-03 17:00:00,109286.9,109659.9,109264.1,109560.0,85.46811035
2025-07-03 18:00:00,109559.9,109727.5,109330.2,109678.9,87.49906111
2025-07-03 19:00:00,109678.9,109913.0,109630.0,109796.7,122.48473793
2025-07-03 20:00:00,109796.7,109947.0,109766.6,109946.9,37.31631543
2025-07-03 21:00:00,109947.0,110000.0,109676.5,109788.7,71.68956654
2025-07-03 22:00:00,109788.7,109879.9,109650.0,109704.5,55.03521931
2025-07-03 23:00:00,109704.5,109819.2,109536.1,109593.4,46.74313448
2025-07-04 00:00:00,109593.5,109704.2,109375.0,109472.0,104.95670708
2025-07-04 01:00:00,109474.4,109777.8,109445.8,109510.1,84.91633642
2025-07-04 02:00:00,109510.1,109510.1,109105.4,109187.4,137.31498243
2025-07-04 03:00:00,109187.4,109386.6,109116.8,109240.1,69.48760786
2025-07-04 04:00:00,109240.1,109327.5,108951.7,108986.7,106.56676579
2025-07-04 05:00:00,108986.7,109216.0,108940.8,109012.0,83.36368615
2025-07-04 06:00:00,109012.1,109037.9,108800.0,109026.0,89.60192453
2025-07-04 07:00:00,109026.0,109144.0,108702.9,108703.0,186.16837226
2025-07-04 08:00:00,108703.0,108887.3,108529.0,108760.1,212.48609345
2025-07-04 09:00:00,108760.2,109077.6,108758.2,108992.7,60.95452334
2025-07-04 10:00:00,108992.8,109068.0,108870.0,108903.7,97.97810231
2025-07-04 11:00:00,108903.7,109113.5,108855.6,108897.9,84.2765721
2025-07-04 12:00:00,108898.0,108976.0,108611.8,108736.2,55.2670493
2025-07-04 13:00:00,108736.1,108852.0,107972.5,107982.8,297.99886655
2025-07-04 14:00:00,107982.9,108122.5,107507.3,107819.0,447.65069362
2025-07-04 15:00:00,107819.1,107947.3,107592.1,107592.2,324.01521153
2025-07-04 16:00:00,107592.1,107761.5,107345.3,107644.1,204.99003404
2025-07-04 17:00:00,107644.6,107925.9,107632.1,107882.3,120.65849313
2025-07-04 18:00:00,107886.2,107890.0,107500.1,107500.2,77.27767636
2025-07-04 19:00:00,107500.1,107651.9,107255.7,107483.9,129.52853687
2025-07-04 20:00:00,107484.0,107827.8,107444.0,107696.5,43.65653111
2025-07-04 21:00:00,107696.5,107944.0,107693.3,107923.7,69.72217446
2025-07-04 22:00:00,107923.7,108278.9,107885.4,108249.9,92.04662619
2025-07-04 23:00:00,108250.0,108255.4,107942.1,107985.4,42.51893501
2025-07-05 00:00:00,107985.5,108233.5,107950.0,108196.0,53.1263168
2025-07-05 01:00:00,108196.0,108196.0,107899.2,107994.4,31.18844788
2025-07-05 02:00:00,107994.5,108102.9,107750.1,108071.9,37.36348017
2025-07-05 03:00:00,108071.9,108280.0,108071.9,108156.2,143.89905468
2025-07-05 04:00:00,108156.3,108432.7,108038.0,108134.2,82.09793261
2025-07-05 05:00:00,108134.3,108178.0,108005.3,108134.0,37.26802437
2025-07-05 06:00:00,108134.1,108288.5,108069.7,108280.0,44.1486144
2025-07-05 07:00:00,108280.0,108280.6,107986.9,108057.8,174.38604204
2025-07-05 08:00:00,108057.9,108131.7,107922.5,108023.2,65.98948339
2025-07-05 09:00:00,108023.2,108130.2,107869.5,108082.4,54.77115757
2025-07-05 10:00:00,108082.5,108212.0,108055.1,108086.6,27.76695392
2025-07-05 11:00:00,108086.6,108222.0,108086.0,108104.1,28.43640819
2025-07-05 12:00:00,108104.1,108159.5,107962.0,108152.0,39.80654858
2025-07-05 13:00:00,108152.1,108231.9,108105.3,108122.4,23.793847
2025-07-05 14:00:00,108122.4,108234.0,108103.0,108196.0,36.55894515
2025-07-05 15:00:00,108196.0,108196.0,108047.1,108057.9,24.7949652
2025-07-05 16:00:00,108058.0,108116.8,107849.8,108105.6,71.21074877
2025-07-05 17:00:00,108105.6,108160.0,107933.3,108088.1,40.79147009
2025-07-05 18:00:00,108088.1,108100.6,107960.1,108000.0,43.1299013
2025-07-05 19:00:00,107999.9,108173.3,107950.6,108143.9,34.08433905
2025-07-05 20:00:00,108144.0,108165.6,107988.4,108093.0,30.73595608
2025-07-05 21:00:00,108093.1,108143.8,108049.8,108083.6,26.0950559
2025-07-05 22:00:00,108083.5,108199.5,108051.0,108181.4,38.99319188
2025-07-05 23:00:00,108181.5,108225.7,108168.2,108199.7,58.10788258
2025-07-06 00:00:00,108199.8,108250.0,108112.0,108210.0,47.6307421
2025-07-06 01:00:00,108210.0,108210.0,108088.0,108201.9,23.45480994
2025-07-06 02:00:00,108202.0,108263.4,108035.0,108047.3,58.7931091
2025-07-06 03:00:00,108047.2,108108.0,108002.9,108038.3,66.89171564
2025-07-06 04:00:00,108038.4,108096.4,107945.8,107976.0,70.86643813
2025-07-06 05:00:00,107976.0,108019.3,107957.5,107993.2,33.75371013
2025-07-06 06:00:00,107993.2,108217.9,107965.2,108121.9,54.65040913
2025-07-06 07:00:00,108122.0,108191.7,108029.5,108029.6,55.49592082
2025-07-06 08:00:00,108029.5,108074.0,107972.0,108000.2,55.22453979
2025-07-06 09:00:00,108000.2,108072.0,107817.7,107852.4,77.95795959
2025-07-06 10:00:00,107852.4,108139.0,107804.1,107980.8,59.56088094
2025-07-06 11:00:00,107980.8,108086.3,107954.4,108079.7,30.09595208
2025-07-06 12:00:00,108079.8,108243.3,108040.0,108242.0,78.58278183
2025-07-06 13:00:00,108242.0,109134.4,108184.3,108774.0,291.8575612
2025-07-06 14:00:00,108774.0,109040.0,108625.0,108934.0,201.47587894
2025-07-06 15:00:00,108934.1,108998.6,108668.8,108909.9,85.05172076
2025-07-06 16:00:00,108910.0,108958.1,108700.1,108856.9,60.49894236
2025-07-06 17:00:00,108857.0,108964.0,108722.0,108913.0,50.70737756
2025-07-06 18:00:00,108913.1,108924.9,108281.6,108472.1,92.99694582
2025-07-06 19:00:00,108472.1,108632.0,108303.8,108544.9,49.47663803
2025-07-06 20:00:00,108545.0,108844.1,108534.0,108665.2,48.69316883
2025-07-06 21:00:00,108665.2,109719.6,108665.2,109216.0,211.20845581
2025-07-06 22:00:00,109216.0,109532.0,109205.8,109227.4,103.88329049
2025-07-06 23:00:00,109227.4,109280.0,108975.5,109202.6,121.80426648
2025-07-07 00:00:00,109202.6,109285.6,108797.2,108822.1,124.70974166
2025-07-07 01:00:00,108822.1,109100.0,108676.7,109022.1,73.81055858
2025-07-07 02:00:00,109022.1,109520.1,109022.0,109363.9,147.60589705
2025-07-07 03:00:00,109364.0,109707.9,109363.9,109393.1,112.39126588
2025-07-07 04:00:00,109393.1,109460.0,109118.0,109118.0,76.11923216
2025-07-07 05:00:00,109118.0,109201.3,109025.9,109084.0,64.50464815
2025-07-07 06:00:00,109084.1,109183.4,108770.7,108789.6,163.92090518
2025-07-07 07:00:00,108789.7,109072.4,108668.0,109068.0,159.89843983
2025-07-07 08:00:00,109068.0,109094.8,108862.2,109012.2,73.36373612
2025-07-07 09:00:00,109012.3,109012.3,108768.0,108852.3,72.08660376
2025-07-07 10:00:00,108852.3,108908.7,108677.2,108691.7,94.90401831
2025-07-07 11:00:00,108691.7,108815.7,108580.7,108653.1,62.51746944
2025-07-07 12:00:00,108653.1,108653.1,108309.8,108354.1,183.98025961
2025-07-07 13:00:00,108354.1,108576.2,108003.1,108533.3,268.09962796
2025-07-07 14:00:00,108532.0,108685.4,107966.0,108216.8,188.02984137
2025-07-07 15:00:00,108216.9,108623.4,108216.9,108301.9,114.91441066
2025-07-07 16:00:00,108300.7,108506.7,107900.0,107981.7,169.47658874
2025-07-07 17:00:00,107981.8,108370.2,107814.1,107950.0,119.47502651
2025-07-07 18:00:00,107950.0,108107.1,107506.5,108027.7,153.18055134
2025-07-07 19:00:00,108028.0,108310.5,108002.9,108054.0,86.37512494
2025-07-07 20:00:00,108055.0,108146.0,107858.0,107873.5,48.71620211
2025-07-07 21:00:00,107873.5,108213.1,107777.5,108169.9,62.86296102
2025-07-07 22:00:00,108170.0,108187.9,107972.1,108017.7,28.16243712
2025-07-07 23:00:00,108017.7,108303.0,108017.7,108262.1,33.52273043
2025-07-08 00:00:00,108262.1,108527.5,108188.0,108292.7,145.60089241
2025-07-08 01:00:00,108292.8,108292.8,107684.5,107700.0,114.03246812
2025-07-08 02:00:00,107700.1,107947.8,107421.4,107778.0,213.72922231
2025-07-08 03:00:00,107778.0,108012.7,107690.1,107900.0,56.91032922
2025-07-08 04:00:00,107900.1,108037.7,107742.1,108035.8,69.25775359
2025-07-08 05:00:00,108035.9,108225.9,107982.0,108209.0,49.16929118
2025-07-08 06:00:00,108209.1,108378.0,108128.6,108292.0,81.59918295
2025-07-08 07:00:00,108292.0,108488.0,108216.6,108483.9,99.97825247
2025-07-08 08:00:00,108483.9,108522.0,108261.9,108262.0,65.64795796
2025-07-08 09:00:00,108262.0,108488.0,108216.1,108466.8,45.61378972
2025-07-08 10:00:00,108466.9,108899.4,108406.0,108820.3,198.73718046
2025-07-08 11:00:00,108820.3,109000.0,108737.9,108755.9,125.80808926
2025-07-08 12:00:00,108756.0,108950.0,108684.0,108950.0,110.69001038
2025-07-08 13:00:00,108949.9,109218.8,108632.6,109021.4,262.64553161
2025-07-08 14:00:00,109021.3,109073.9,108252.1,108387.4,255.79921282
2025-07-08 15:00:00,108387.4,108544.0,108210.0,108264.9,137.39886415
2025-07-08 16:00:00,108266.0,108547.8,108097.6,108446.4,102.65348859
2025-07-08 17:00:00,108446.4,109099.9,108442.0,108989.7,232.51406433
2025-07-08 18:00:00,108989.7,109154.0,108908.8,109153.9,143.39912565
2025-07-08 19:00:00,109154.0,109154.0,108721.6,108766.1,127.6672704
2025-07-08 20:00:00,108766.1,108942.0,108632.0,108632.1,52.3334683
2025-07-08 21:00:00,108632.0,108976.8,108612.0,108896.2,68.53400412
2025-07-08 22:00:00,108898.0,108974.0,108804.0,108908.0,31.14039112
2025-07-08 23:00:00,108908.0,108976.0,108816.0,108926.0,43.61383358
2025-07-09 00:00:00,108926.0,108966.1,108777.5,108933.5,79.11196473
2025-07-09 01:00:00,108933.5,109142.7,108718.1,108788.6,145.15312374
2025-07-09 02:00:00,108788.6,108851.9,108601.7,108625.2,54.99148395
2025-07-09 03:00:00,108625.2,108677.9,108336.0,108373.1,84.1439348
2025-07-09 04:00:00,108373.1,108577.9,108333.4,108562.0,108.89872155
2025-07-09 05:00:00,108562.0,108949.4,108489.1,108784.4,208.53641245
2025-07-09 06:00:00,108784.4,108870.0,108680.0,108845.6,79.26838036
2025-07-09 07:00:00,108845.6,108884.0,108678.0,108721.9,72.27372018
2025-07-09 08:00:00,108721.9,108854.6,108660.0,108669.2,79.1515365
2025-07-09 09:00:00,108669.3,108794.0,108560.6,108768.1,78.42439735
2025-07-09 10:00:00,108768.0,108908.0,108710.0,108907.9,56.00483423
2025-07-09 11:00:00,108908.0,109138.0,108907.9,109066.0,136.66123883
2025-07-09 12:00:00,109066.0,109525.3,108990.0,109338.0,304.99573308
2025-07-09 13:00:00,109338.0,109790.0,109130.7,109193.8,386.07959869
2025-07-09 14:00:00,109193.8,109479.4,108500.0,108905.1,315.87976472
2025-07-09 15:00:00,108905.0,109222.3,108805.7,109079.9,118.40537437
2025-07-09 16:00:00,109080.0,109480.0,109032.3,109410.1,102.82692025
2025-07-09 17:00:00,109410.2,109463.0,109040.0,109164.1,97.66727545
2025-07-09 18:00:00,109164.0,109579.1,109132.1,109536.0,138.23926991
2025-07-09 19:00:00,109536.0,112000.0,109504.2,111751.8,1663.44458179
2025-07-09 20:00:00,111751.8,111951.3,110556.0,110716.0,479.36631182
2025-07-09 21:00:00,110714.9,111301.1,110672.0,110829.1,257.67999147
2025-07-09 22:00:00,110829.1,111415.0,110829.0,111385.0,203.52625763
2025-07-09 23:00:00,111385.0,111527.6,111226.1,111239.3,159.3925079
2025-07-10 00:00:00,111239.3,111331.9,110920.3,110921.2,242.14679366
2025-07-10 01:00:00,110921.2,111379.0,110888.0,111208.1,346.2741175
2025-07-10 02:00:00,111208.1,111587.9,111147.1,111228.0,229.78365325
2025-07-10 03:00:00,111228.0,111228.0,110998.7,111080.9,175.89892757
2025-07-10 04:00:00,111080.8,111196.8,110964.2,111159.5,105.87879254
2025-07-10 05:00:00,111159.5,111180.0,110955.1,111102.1,100.76927007
2025-07-10 06:00:00,111102.0,111325.9,111092.2,111240.0,115.15023089
2025-07-10 07:00:00,111239.9,111440.0,111139.7,111225.1,333.25356609
2025-07-10 08:00:00,111225.2,111408.9,111119.2,111232.1,122.14429392
2025-07-10 09:00:00,111232.1,111268.0,111010.9,111045.9,105.30230973
2025-07-10 10:00:00,111046.0,111116.1,110880.0,111100.1,198.19690087
2025-07-10 11:00:00,111100.1,111192.0,110978.0,111035.9,63.50612922
2025-07-10 12:00:00,111036.0,111036.0,110760.0,110865.9,107.36716576
2025-07-10 13:00:00,110866.0,111039.7,110504.4,110820.0,256.58581301
2025-07-10 14:00:00,110820.0,111329.0,110642.2,111249.9,492.90266782
2025-07-10 15:00:00,111249.9,111416.0,110962.1,111412.0,441.96947207
2025-07-10 16:00:00,111412.0,112725.0,111336.0,112651.9,1092.57596812
2025-07-10 17:00:00,112652.0,113800.0,112567.8,113728.5,1142.62567433
2025-07-10 18:00:00,113729.9,113756.0,112982.0,113422.6,411.88380734
2025-07-10 19:00:00,113422.6,113681.8,113088.3,113290.0,276.09095456
2025-07-10 20:00:00,113288.1,113585.9,113260.0,113488.8,105.28633562
2025-07-10 21:00:00,113488.8,117548.2,113389.6,116487.8,2602.43745501
2025-07-10 22:00:00,116485.9,116499.7,115785.9,116016.0,573.60972554
2025-07-10 23:00:00,116016.0,116110.9,115655.6,116015.9,226.35291589
2025-07-11 00:00:00,116016.0,116076.1,115208.1,115584.3,289.22445528
2025-07-11 01:00:00,115584.4,116080.1,115508.1,115968.5,197.48220505
2025-07-11 02:00:00,115968.6,116794.1,115708.3,116667.6,255.30827308
2025-07-11 03:00:00,116667.6,116985.5,116370.0,116899.1,429.08067784
2025-07-11 04:00:00,116899.1,116930.9,116480.0,116905.9,143.20380349
2025-07-11 05:00:00,116906.0,118409.0,116902.0,117855.9,825.49112135
2025-07-11 06:00:00,117856.0,118399.5,117594.3,117646.7,362.58567532
2025-07-11 07:00:00,117646.7,118100.0,117443.3,117537.9,1198.75306595
2025-07-11 08:00:00,117537.8,118137.3,117533.4,117970.0,284.62311539
2025-07-11 09:00:00,117970.1,118868.0,117842.5,118468.1,396.52367232
2025-07-11 10:00:00,118468.1,118468.1,117920.9,117975.8,214.37213586
2025-07-11 11:00:00,117975.9,118118.8,117600.0,117814.0,189.61948706
2025-07-11 12:00:00,117814.1,118250.0,117732.2,117876.9,178.75510344
2025-07-11 13:00:00,117877.0,118199.0,117272.7,117978.9,363.20967728
2025-07-11 14:00:00,117978.9,118180.0,117386.6,117855.7,333.28857883
2025-07-11 15:00:00,117855.7,117958.8,116726.8,116921.2,430.84466925
2025-07-11 16:00:00,116921.3,117447.9,116608.9,117403.1,345.80374019
2025-07-11 17:00:00,117403.1,117745.5,117256.7,117640.1,381.82980105
2025-07-11 18:00:00,117640.0,117787.7,117306.1,117715.9,234.79145868
2025-07-11 19:00:00,117716.0,118158.0,117440.0,118107.3,368.60437277
2025-07-11 20:00:00,118107.2,118107.2,117653.8,117657.9,109.71893945
2025-07-11 21:00:00,117658.0,117894.0,117467.2,117618.0,106.91043625
2025-07-11 22:00:00,117616.3,117685.6,117156.1,117624.2,247.42180878
2025-07-11 23:00:00,117624.1,117706.6,117454.0,117542.3,149.67508689
2025-07-12 00:00:00,117542.2,117669.7,117140.9,117421.9,165.28495665
2025-07-12 01:00:00,117422.0,117701.6,117421.9,117657.9,100.4436612
2025-07-12 02:00:00,117657.9,117812.0,117580.0,117613.3,61.71590876
2025-07-12 03:00:00,117613.3,117850.0,117612.2,117782.9,88.87473967
2025-07-12 04:00:00,117784.0,117927.6,117594.0,117669.9,381.4398887
2025-07-12 05:00:00,117669.9,117724.0,117510.0,117687.4,69.97899565
2025-07-12 06:00:00,117687.5,117998.0,117654.1,117850.1,116.75677186
2025-07-12 07:00:00,117850.1,118072.7,117640.6,117745.9,178.61211994
2025-07-12 08:00:00,117746.0,117977.9,117730.4,117928.1,88.61563517
2025-07-12 09:00:00,117928.1,118230.5,117877.5,118170.8,183.67519805
2025-07-12 10:00:00,118170.9,118191.3,117812.9,118086.4,980.82140225
2025-07-12 11:00:00,118086.5,118122.0,117629.4,117818.0,115.43364406
2025-07-12 12:00:00,117818.0,117871.9,117314.5,117549.9,174.8764071
2025-07-12 13:00:00,117549.9,117624.1,117247.4,117527.5,1198.76688905
2025-07-12 14:00:00,117527.4,117762.0,117309.4,117390.3,626.85175649
2025-07-12 15:00:00,117390.4,117463.9,116916.6,117112.0,202.63464677
2025-07-12 16:00:00,117112.1,117401.6,117052.2,117198.0,148.8403134
2025-07-12 17:00:00,117198.0,117540.6,117184.0,117486.1,51.79423364
2025-07-12 18:00:00,117486.0,117520.0,117375.2,117502.0,42.81030387
2025-07-12 19:00:00,117502.1,117650.0,117442.1,117568.0,62.66659022
2025-07-12 20:00:00,117568.0,117568.7,117030.3,117030.4,57.0412789
2025-07-12 21:00:00,117030.4,117566.0,117005.0,117500.7,56.38253741
2025-07-12 22:00:00,117500.7,117563.9,117312.0,117388.6,44.85315313
2025-07-12 23:00:00,117388.6,117486.0,117217.0,117437.1,48.09758279
2025-07-13 00:00:00,117438.0,117466.0,117250.0,117317.1,38.93944488
2025-07-13 01:00:00,117317.2,117659.9,117222.5,117544.8,89.64000721
2025-07-13 02:00:00,117544.7,117813.0,117404.0,117619.1,58.00647921
2025-07-13 03:00:00,117619.1,117826.0,117589.1,117752.2,56.76350713
2025-07-13 04:00:00,117752.2,117892.6,117685.5,117884.1,54.90043841
2025-07-13 05:00:00,117884.1,117914.7,117676.0,117756.9,69.50976341
2025-07-13 06:00:00,117757.0,117982.5,117733.2,117886.0,34.00140443
2025-07-13 07:00:00,117886.1,118067.8,117844.0,117999.9,93.03267133
2025-07-13 08:00:00,118000.0,118012.0,117756.0,117904.0,66.06295389
2025-07-13 09:00:00,117904.1,117913.0,117698.7,117753.8,58.84616587
2025-07-13 10:00:00,117753.7,117856.9,117736.0,117762.2,39.11505656
2025-07-13 11:00:00,117762.3,118139.5,117762.2,118086.9,100.62842835
2025-07-13 12:00:00,118086.9,118662.2,117992.0,118428.5,268.84820415
2025-07-13 13:00:00,118428.6,118782.7,118158.0,118613.1,207.77830427
2025-07-13 14:00:00,118613.2,119449.9,118361.1,118766.5,775.34777895
2025-07-13 15:00:00,118766.5,119139.5,118530.0,118678.1,214.34182214
2025-07-13 16:00:00,118678.1,118990.7,118501.0,118519.7,159.9371437
2025-07-13 17:00:00,118518.9,118850.6,118370.0,118698.7,120.55414842
2025-07-13 18:00:00,118698.9,119069.9,118586.4,118996.5,80.14135329
2025-07-13 19:00:00,118996.6,119500.0,118904.2,118970.1,166.99485981
2025-07-13 20:00:00,118970.1,119383.7,118813.8,119086.0,66.34301014
2025-07-13 21:00:00,119086.1,119086.1,118470.9,118653.4,122.7141383
2025-07-13 22:00:00,118653.5,118795.3,118248.4,118522.0,117.28247751
2025-07-13 23:00:00,118522.1,119202.0,118386.1,119096.0,126.12837386
2025-07-14 00:00:00,119095.9,119480.2,118932.0,119078.1,167.43317915
2025-07-14 01:00:00,119078.1,119249.9,118906.5,119108.0,77.91753734
2025-07-14 02:00:00,119108.1,120088.0,118976.0,119667.7,536.77102362
2025-07-14 03:00:00,119667.7,121656.4,119596.1,120780.7,1053.77793802
2025-07-14 04:00:00,120780.8,121460.6,120560.0,121412.0,626.55264979
2025-07-14 05:00:00,121412.1,122679.7,121146.1,122453.4,912.12528423
2025-07-14 06:00:00,122453.4,122470.0,122041.0,122132.9,260.97813564
2025-07-14 07:00:00,122133.0,123226.0,122099.8,122744.0,530.38627942
2025-07-14 08:00:00,122745.9,122763.9,122264.7,122562.0,235.2921382
2025-07-14 09:00:00,122562.1,122568.1,121887.9,121967.9,387.87956818
2025-07-14 10:00:00,121968.0,122159.4,121639.0,121916.5,246.73431981
2025-07-14 11:00:00,121916.5,121916.5,121360.1,121461.2,201.66449009
2025-07-14 12:00:00,121461.1,121936.6,121404.0,121899.9,210.46776705
2025-07-14 13:00:00,121899.9,122115.9,121180.0,121710.0,290.81746977
2025-07-14 14:00:00,121708.1,121972.6,120641.8,121178.1,571.00950353
2025-07-14 15:00:00,121178.1,121188.4,119600.1,119882.0,594.27498179
2025-07-14 16:00:00,119881.9,120326.8,119226.6,120270.5,521.9673746
2025-07-14 17:00:00,120270.5,120524.0,119765.3,119909.9,700.67991721
2025-07-14 18:00:00,119909.8,120186.4,119610.1,119618.0,206.18102566
2025-07-14 19:00:00,119618.0,120100.0,119594.5,119938.1,357.15324231
2025-07-14 20:00:00,119939.2,120448.0,119520.0,120167.8,117.37146883
2025-07-14 21:00:00,120167.8,120250.0,119827.5,120032.9,82.19639263
2025-07-14 22:00:00,120032.9,120308.8,119929.6,120052.1,69.05837871
2025-07-14 23:00:00,120052.2,120060.2,119756.4,119848.7,87.09497605
2025-07-15 00:00:00,119848.7,119950.0,119100.0,119497.9,194.42563919
2025-07-15 01:00:00,119498.0,119536.0,118400.0,118517.9,401.05047918
2025-07-15 02:00:00,118517.9,118887.3,117822.9,118248.0,1287.62619416
2025-07-15 03:00:00,118244.1,118252.0,116846.1,117158.1,1175.43387583
2025-07-15 04:00:00,117158.1,117519.8,116285.8,117484.1,827.35745884
2025-07-15 05:00:00,117484.1,117750.7,116960.0,117318.1,339.52963765
2025-07-15 06:00:00,117318.1,117318.1,116743.0,117061.9,354.77840124
2025-07-15 07:00:00,117062.0,117272.7,116396.6,116790.0,508.0058701
2025-07-15 08:00:00,116789.9,116871.1,116268.0,116762.6,346.75171646
2025-07-15 09:00:00,116762.6,117216.6,116691.2,116776.0,227.41704952
2025-07-15 10:00:00,116776.1,117207.5,116738.0,117013.3,344.43625399
2025-07-15 11:00:00,117013.3,117172.6,116320.1,117115.1,254.3473809
2025-07-15 12:00:00,117115.1,117474.2,116406.0,117210.6,483.06421402
2025-07-15 13:00:00,117206.6,118450.0,117147.8,118082.9,759.00780229
2025-07-15 14:00:00,118083.8,118450.0,115726.7,116008.0,916.20769096
2025-07-15 15:00:00,116008.0,116749.9,115800.0,116385.7,872.6080959
2025-07-15 16:00:00,116385.7,117726.7,116354.8,117183.9,480.94448905
2025-07-15 17:00:00,117183.9,117543.8,117124.0,117375.8,199.49046178
2025-07-15 18:00:00,117375.8,117385.0,116007.5,116705.0,513.16754398
2025-07-15 19:00:00,116704.0,117186.1,116272.9,116404.0,207.4491292
2025-07-15 20:00:00,116403.9,116692.3,116180.6,116396.2,159.56964878
2025-07-15 21:00:00,116396.2,117588.0,116333.7,117547.9,146.99896902
2025-07-15 22:00:00,117547.8,117880.9,117232.4,117823.9,242.18028152
2025-07-15 23:00:00,117823.9,117966.0,117500.0,117752.7,145.78931373
2025-07-16 00:00:00,117752.6,118187.5,117394.0,118115.9,201.87189921
2025-07-16 01:00:00,118116.0,118204.9,117575.5,117718.0,244.57164757
2025-07-16 02:00:00,117718.1,117771.3,117018.2,117324.0,156.4100763
2025-07-16 03:00:00,117324.0,117519.9,117212.0,117480.1,67.24366198
2025-07-16 04:00:00,117480.1,117727.4,117276.0,117606.8,102.58466201
2025-07-16 05:00:00,117610.6,118024.1,117610.6,117866.4,159.3990812
2025-07-16 06:00:00,117866.5,118293.9,117746.1,118272.8,135.06390766
2025-07-16 07:00:00,118272.8,118301.7,118036.0,118195.1,138.2589535
2025-07-16 08:00:00,118195.1,118785.9,118117.4,118707.0,187.59679236
2025-07-16 09:00:00,118707.0,119198.8,118689.9,119195.0,272.43704093
2025-07-16 10:00:00,119195.0,119299.9,118723.7,118725.7,147.81107935
2025-07-16 11:00:00,118725.6,118906.0,118621.4,118769.9,101.33751215
2025-07-16 12:00:00,118769.9,119087.8,118588.0,118622.0,147.45015321
2025-07-16 13:00:00,118622.0,118927.9,118176.6,118684.1,276.58542033
2025-07-16 14:00:00,118684.2,119279.9,118208.0,119068.5,397.38367539
2025-07-16 15:00:00,119068.5,119814.2,118347.2,119106.0,923.80493136
2025-07-16 16:00:00,119106.3,119333.3,118461.9,119292.1,235.43504056
2025-07-16 17:00:00,119292.1,119708.1,118965.6,119078.4,274.03232582
2025-07-16 18:00:00,119078.4,119948.7,118888.0,119521.0,293.8348948
2025-07-16 19:00:00,119523.0,119646.4,118848.1,119241.5,166.19137308
2025-07-16 20:00:00,119241.5,119941.0,118937.5,119915.9,186.20223039
2025-07-16 21:00:00,119916.0,120069.3,119210.0,119302.1,215.00871726
2025-07-16 22:00:00,119302.1,119500.0,118594.8,118656.0,159.78844637
2025-07-16 23:00:00,118656.0,118840.2,118404.4,118629.7,124.31516662
2025-07-17 00:00:00,118629.7,119183.8,118614.6,118889.3,168.10806988
2025-07-17 01:00:00,118888.0,119084.0,117677.1,118136.4,463.44601446
2025-07-17 02:00:00,118136.4,118519.6,118006.0,118329.8,166.35441848
2025-07-17 03:00:00,118330.9,118360.0,117739.8,118120.1,160.88713429
2025-07-17 04:00:00,118120.0,118489.8,117966.0,118489.8,87.76575287
2025-07-17 05:00:00,118489.8,118649.9,118220.1,118582.4,179.24016329
2025-07-17 06:00:00,118582.4,118785.7,118340.0,118460.0,219.86102007
2025-07-17 07:00:00,118460.1,118566.6,117854.3,118327.7,304.53892508
2025-07-17 08:00:00,118327.7,118436.0,118084.4,118341.0,202.53454795
2025-07-17 09:00:00,118341.0,119224.0,118248.4,118779.5,249.67647024
2025-07-17 10:00:00,118779.4,118888.0,118242.0,118352.1,117.39015656
2025-07-17 11:00:00,118352.1,118408.0,117958.6,117978.0,148.16405783
2025-07-17 12:00:00,117978.1,118192.0,117444.0,117868.6,322.02697407
2025-07-17 13:00:00,117868.6,118454.4,117531.5,118281.7,260.81532747
2025-07-17 14:00:00,118281.6,118860.0,118117.2,118772.8,386.66151799
2025-07-17 15:00:00,118773.6,119100.0,118318.4,118875.9,262.91809697
2025-07-17 16:00:00,118876.0,118960.0,118327.7,118561.1,200.09544422
2025-07-17 17:00:00,118561.0,119363.7,118483.5,119266.6,220.11986598
2025-07-17 18:00:00,119266.6,119781.6,119212.7,119580.2,167.49502137
2025-07-17 19:00:00,119580.2,119870.6,118814.3,118963.9,153.13842173
2025-07-17 20:00:00,118964.0,119437.4,118385.1,119437.4,238.16439743
2025-07-17 21:00:00,119437.4,120941.8,119430.0,120257.3,494.49402306
2025-07-17 22:00:00,120257.3,120688.1,119448.3,119773.2,235.21391539
2025-07-17 23:00:00,119772.0,119887.5,119156.0,119178.0,174.30848616
2025-07-18 00:00:00,119178.0,119790.1,119005.4,119754.0,168.70413499
2025-07-18 01:00:00,119754.0,120776.0,119642.1,120341.9,336.09722534
2025-07-18 02:00:00,120342.0,120388.8,119854.4,120086.0,185.34356316
2025-07-18 03:00:00,120086.0,120492.8,119944.2,120219.4,182.81571786
2025-07-18 04:00:00,120219.5,120482.5,119739.1,120401.0,177.1746328
2025-07-18 05:00:00,120400.1,120635.0,120203.9,120584.5,216.9757266
2025-07-18 06:00:00,120584.6,120822.7,120072.1,120229.2,207.68733757
2025-07-18 07:00:00,120229.3,120377.8,119290.0,119352.0,741.33151349
2025-07-18 08:00:00,119351.8,119470.5,118375.7,118630.9,579.32233912
2025-07-18 09:00:00,118630.9,118997.3,118435.7,118888.1,327.57705794
2025-07-18 10:00:00,118888.1,119257.6,118504.1,119244.3,218.31648813
2025-07-18 11:00:00,119244.4,119282.1,118773.8,119168.0,151.26987677
2025-07-18 12:00:00,119168.1,119515.1,119128.1,119430.1,205.4435689
2025-07-18 13:00:00,119430.1,119433.8,118480.0,118767.9,336.99892086
2025-07-18 14:00:00,118768.0,119261.0,117292.6,118132.1,803.97301382
2025-07-18 15:00:00,118132.1,118263.9,117450.9,117844.4,271.68696488
2025-07-18 16:00:00,117844.5,118057.9,117468.3,117552.0,211.85927916
2025-07-18 17:00:00,117552.1,117994.8,117350.0,117599.1,284.25918667
2025-07-18 18:00:00,117599.1,117717.9,117222.2,117306.0,164.97615996
2025-07-18 19:00:00,117306.0,117878.2,117122.6,117368.1,359.81302074
2025-07-18 20:00:00,117368.1,117546.1,116811.0,117394.0,258.71386933
2025-07-18 21:00:00,117394.1,117897.6,117355.0,117681.4,143.81123382
2025-07-18 22:00:00,117681.3,117983.9,117368.3,117695.9,152.8076989
2025-07-18 23:00:00,117695.9,118033.2,117458.8,117934.0,106.63577376
2025-07-19 00:00:00,117934.1,118040.0,117717.2,117744.0,70.74515968
2025-07-19 01:00:00,117742.4,118111.1,117614.2,118042.6,72.08344627
2025-07-19 02:00:00,118042.7,118306.7,117939.6,118211.2,83.22420608
2025-07-19 03:00:00,118212.0,118417.2,118125.2,118361.0,267.03774964
2025-07-19 04:00:00,118361.1,118400.9,118071.2,118133.7,858.28941253
2025-07-19 05:00:00,118133.6,118299.9,118034.8,118208.1,99.58925461
2025-07-19 06:00:00,118208.1,118275.1,118068.1,118168.0,46.16271973
2025-07-19 07:00:00,118168.1,118330.0,118150.0,118172.1,69.06393812
2025-07-19 08:00:00,118172.0,118275.7,117941.1,118106.0,230.6059089
2025-07-19 09:00:00,118106.1,118330.0,118082.0,118239.4,110.35625672
2025-07-19 10:00:00,118239.5,118472.0,118181.8,118443.9,63.27499983
2025-07-19 11:00:00,118443.9,118492.0,118160.1,118327.9,60.44500467
2025-07-19 12:00:00,118328.0,118333.0,118100.3,118243.9,77.11641363
2025-07-19 13:00:00,118244.0,118320.7,118082.0,118197.7,34.7696815
2025-07-19 14:00:00,118197.7,118232.0,117633.9,117675.0,156.8854412
2025-07-19 15:00:00,117674.9,118245.0,117652.0,118052.1,75.0698757
2025-07-19 16:00:00,118052.1,118162.0,117850.1,117977.6,84.92984667
2025-07-19 17:00:00,117977.6,117992.0,117734.2,117810.9,78.07337379
2025-07-19 18:00:00,117810.9,118032.0,117751.7,117859.8,35.16313177
2025-07-19 19:00:00,117859.9,118142.2,117569.3,118005.9,78.60660216
2025-07-19 20:00:00,118005.8,118148.0,117694.3,117715.0,66.4938702
2025-07-19 21:00:00,117715.0,117836.9,117267.9,117692.0,131.93643382
2025-07-19 22:00:00,117692.0,117846.7,117523.8,117786.3,38.34791798
2025-07-19 23:00:00,117786.1,117940.4,117735.2,117838.2,28.78323798
2025-07-20 00:00:00,117838.3,118001.1,117648.3,117942.8,35.200408
2025-07-20 01:00:00,117942.8,118138.0,117892.0,117946.0,77.00164689
2025-07-20 02:00:00,117946.1,118018.4,117772.1,117992.1,57.94871713
2025-07-20 03:00:00,117992.1,118166.9,117700.8,117969.5,104.19835959
2025-07-20 04:00:00,117969.5,118139.8,117891.7,117952.4,61.47841422
2025-07-20 05:00:00,117952.4,117985.9,117793.8,117846.0,68.1779457
2025-07-20 06:00:00,117846.0,117893.7,117756.7,117822.0,58.50501475
2025-07-20 07:00:00,117822.0,118218.3,117821.9,118017.8,99.12121359
2025-07-20 08:00:00,118017.7,118253.5,118017.7,118162.9,146.22299972
2025-07-20 09:00:00,118162.8,118287.0,117890.9,117920.0,252.08466419
2025-07-20 10:00:00,117916.0,118004.0,117878.0,117898.1,67.48999973
2025-07-20 11:00:00,117898.0,118103.9,117822.1,117889.9,95.43053614
2025-07-20 12:00:00,117890.0,118187.4,117715.9,118088.1,352.82479366
2025-07-20 13:00:00,118088.1,118412.0,118086.0,118404.0,99.97755918
2025-07-20 14:00:00,118404.0,118811.8,118287.9,118465.0,286.54163459
2025-07-20 15:00:00,118465.0,118786.9,118356.1,118683.9,219.70033883
2025-07-20 16:00:00,118683.9,118865.9,118458.0,118572.6,177.96022796
2025-07-20 17:00:00,118572.6,118572.6,117948.6,118011.9,150.45278313
2025-07-20 18:00:00,118012.0,118450.0,118012.0,118358.0,61.91468604
2025-07-20 19:00:00,118358.1,118563.6,118160.0,118160.1,46.42358723
2025-07-20 20:00:00,118160.1,118268.0,117857.1,118092.1,85.49818597
2025-07-20 21:00:00,118092.6,118162.0,117838.0,118003.4,82.99852275
2025-07-20 22:00:00,118003.4,118054.0,116462.0,117486.0,645.10232327
2025-07-20 23:00:00,117485.9,117560.0,116958.8,117260.1,137.18841296
2025-07-21 00:00:00,117260.1,117364.0,116520.0,117353.7,214.81594794
2025-07-21 01:00:00,117353.8,117444.4,116789.1,117310.0,120.65183293
2025-07-21 02:00:00,117310.7,118192.3,117310.7,118192.2,197.10910715
2025-07-21 03:00:00,118192.3,118613.9,118134.0,118398.0,178.03451259
2025-07-21 04:00:00,118398.0,118642.3,118270.0,118339.0,256.96190722
2025-07-21 05:00:00,118339.1,118426.4,118164.2,118426.3,111.75635909
2025-07-21 06:00:00,118426.4,119254.3,118280.0,119184.2,316.61793582
2025-07-21 07:00:00,119184.2,119669.0,119163.0,119365.2,265.75450176
2025-07-21 08:00:00,119365.3,119500.0,118850.2,119012.2,213.02322999
2025-07-21 09:00:00,119012.2,119102.0,118531.0,118688.3,101.78996284
2025-07-21 10:00:00,118688.4,118811.9,118340.0,118577.4,123.81881095
2025-07-21 11:00:00,118577.4,118792.0,118072.0,118075.9,188.18330027
2025-07-21 12:00:00,118077.1,118597.7,117769.2,118180.0,272.20257503
2025-07-21 13:00:00,118180.1,119109.2,117888.8,118856.8,342.87402648
2025-07-21 14:00:00,118856.9,119227.4,118429.8,118821.8,333.41610196
2025-07-21 15:00:00,118821.8,119120.0,118254.2,118318.1,288.02320565
2025-07-21 16:00:00,118318.0,118396.0,117480.0,117743.9,306.47228763
2025-07-21 17:00:00,117744.0,118103.2,117328.8,117841.3,253.22360416
2025-07-21 18:00:00,117841.3,118205.2,117086.0,117147.1,197.62581393
2025-07-21 19:00:00,117147.1,117519.9,116666.0,116761.3,335.23745679
2025-07-21 20:00:00,116763.5,117255.3,116666.0,116936.1,184.90270472
2025-07-21 21:00:00,116936.1,117377.6,116880.8,117224.0,101.80032411
2025-07-21 22:00:00,117224.1,117647.3,117118.0,117360.1,54.33781152
2025-07-21 23:00:00,117360.0,117513.9,117104.0,117378.1,53.97226074
2025-07-22 00:00:00,117378.1,117525.3,117019.1,117121.7,129.4446262
2025-07-22 01:00:00,117121.8,117976.7,116116.0,117761.8,644.74524276
2025-07-22 02:00:00,117761.9,117821.1,116960.4,117026.2,207.7030295
2025-07-22 03:00:00,117024.0,117270.0,116700.0,117219.1,161.8549117
2025-07-22 04:00:00,117219.1,117387.1,116566.6,116566.7,390.04123746
2025-07-22 05:00:00,116566.7,117367.0,116560.8,117341.9,306.91418661
2025-07-22 06:00:00,117341.9,117863.6,117276.0,117858.7,168.59009168
2025-07-22 07:00:00,117858.8,118592.0,117784.3,117999.9,364.39323651
2025-07-22 08:00:00,117999.9,118364.0,117488.1,118299.9,252.11230751
2025-07-22 09:00:00,118299.9,118651.7,117868.1,118398.1,247.385961
2025-07-22 10:00:00,118398.0,118972.8,118301.7,118972.0,253.67248049
2025-07-22 11:00:00,118972.7,119187.9,118777.8,119152.7,994.43274197
2025-07-22 12:00:00,119152.7,119400.0,119040.1,119298.0,289.51558959
2025-07-22 13:00:00,119298.0,119600.0,118040.1,118158.1,1094.02559846
2025-07-22 14:00:00,118158.9,119129.3,117544.1,119064.1,415.93613849
2025-07-22 15:00:00,119064.0,119194.6,118701.0,118922.4,302.76389568
2025-07-22 16:00:00,118922.4,119391.8,118630.8,118686.0,363.28456555
2025-07-22 17:00:00,118684.1,119239.5,118401.4,119210.0,215.94942333
2025-07-22 18:00:00,119210.1,120234.9,119070.2,119754.1,473.6779698
2025-07-22 19:00:00,119752.6,119930.0,119097.0,119272.0,220.2936826
2025-07-22 20:00:00,119271.3,119889.9,119201.9,119692.4,306.96017098
2025-07-22 21:00:00,119694.0,119762.0,119392.1,119392.1,273.81445921
2025-07-22 22:00:00,119392.1,120018.6,119386.1,119838.0,308.15418915
2025-07-22 23:00:00,119837.9,120249.3,119823.3,119954.9,298.89797405
2025-07-23 00:00:00,119955.0,120080.0,119502.9,119552.9,118.35501494
2025-07-23 01:00:00,119552.9,119687.7,119395.3,119494.3,139.54174222
2025-07-23 02:00:00,119494.3,119533.5,118977.9,119096.4,596.94739189
2025-07-23 03:00:00,119096.5,119135.5,118506.0,118610.0,165.40249791
2025-07-23 04:00:00,118610.0,119022.6,118560.0,119016.4,505.1132068
2025-07-23 05:00:00,119016.4,119037.9,118620.0,118650.0,340.59540766
2025-07-23 06:00:00,118650.0,118724.0,118368.4,118426.9,175.33882777
2025-07-23 07:00:00,118426.9,118593.0,118288.0,118353.1,202.95681824
2025-07-23 08:00:00,118353.1,118555.5,118214.0,118424.9,186.29692143
2025-07-23 09:00:00,118425.0,118471.8,117905.3,118036.1,246.41377679
2025-07-23 10:00:00,118036.0,118388.6,117821.8,118368.2,168.73497915
2025-07-23 11:00:00,118368.3,118624.0,118156.1,118528.1,106.21492854
2025-07-23 12:00:00,118528.1,118653.8,117802.4,117980.1,257.50292076
2025-07-23 13:00:00,117980.0,118209.3,117333.0,117376.1,572.57230422
2025-07-23 14:00:00,117376.1,118224.0,117313.6,118224.0,316.70772646
2025-07-23 15:00:00,118223.9,118730.1,117824.0,118578.1,180.97664442
2025-07-23 16:00:00,118578.1,118578.1,117542.7,117724.0,208.06625606
2025-07-23 17:00:00,117722.1,118148.1,117332.6,118147.9,231.5902392
2025-07-23 18:00:00,118148.0,118394.0,118002.2,118391.7,109.67475444
2025-07-23 19:00:00,118391.8,118474.0,118228.1,118395.9,111.02153873
2025-07-23 20:00:00,118396.0,118499.8,117570.5,117907.3,152.04680343
2025-07-23 21:00:00,117907.4,118192.0,117379.3,118192.0,152.29364608
2025-07-23 22:00:00,118191.9,118642.2,117944.0,118575.9,105.38640823
2025-07-23 23:00:00,118576.0,118759.3,118422.0,118757.9,120.95337017
2025-07-24 00:00:00,118757.9,119126.0,118568.2,119057.5,189.42060574
2025-07-24 01:00:00,119057.5,119102.2,118782.0,119082.1,101.71112722
2025-07-24 02:00:00,119082.1,119102.3,118800.2,118963.9,104.36454936
2025-07-24 03:00:00,118964.0,119264.7,118470.1,118494.0,197.47614901
2025-07-24 04:00:00,118496.0,118589.3,117826.0,117942.1,249.65250526
2025-07-24 05:00:00,117942.1,117970.0,117496.1,117600.8,297.86638517
2025-07-24 06:00:00,117600.9,117873.8,117400.0,117457.9,233.46814251
2025-07-24 07:00:00,117457.9,118480.0,117072.0,118398.7,707.74808003
2025-07-24 08:00:00,118398.8,118796.0,118219.0,118772.0,382.92529047
2025-07-24 09:00:00,118772.0,118812.0,118281.7,118487.5,327.06717096
2025-07-24 10:00:00,118487.6,118643.9,117939.9,118387.9,170.28311111
2025-07-24 11:00:00,118387.9,118747.9,118309.8,118598.0,180.25815862
2025-07-24 12:00:00,118597.9,118730.0,118273.6,118521.9,212.80064636
2025-07-24 13:00:00,118522.0,118718.0,118202.0,118213.3,166.76589488
2025-07-24 14:00:00,118213.3,119159.7,117824.8,119058.0,384.48991768
2025-07-24 15:00:00,119058.1,119500.0,118622.0,119110.1,667.43309998
2025-07-24 16:00:00,119110.2,119201.1,118353.4,118536.0,197.66666706
2025-07-24 17:00:00,118536.0,119323.9,118482.0,119122.0,143.68997521
2025-07-24 18:00:00,119122.0,119412.5,118956.7,119045.9,94.44368467
2025-07-24 19:00:00,119046.0,119358.9,118905.1,118951.2,103.31748908
2025-07-24 20:00:00,118951.3,119022.9,118701.9,118723.7,91.24532005
2025-07-24 21:00:00,118721.1,118791.0,118476.7,118516.2,229.49851101
2025-07-24 22:00:00,118516.2,118624.0,118192.9,118282.0,307.83675112
2025-07-24 23:00:00,118280.1,118461.5,118181.1,118341.8,139.58643766
2025-07-25 00:00:00,118341.9,118462.5,117658.0,117675.0,402.15749035
2025-07-25 01:00:00,117675.1,117812.5,117216.1,117372.0,938.05975483
2025-07-25 02:00:00,117368.1,117395.6,116341.9,116344.0,1464.24775871
2025-07-25 03:00:00,116344.0,116428.2,115336.0,115414.1,1627.12868075
2025-07-25 04:00:00,115414.1,116120.0,115070.2,116078.6,1738.92206442
2025-07-25 05:00:00,116078.6,116078.6,115208.2,115520.1,782.29363036
2025-07-25 06:00:00,115520.1,115525.3,115200.0,115302.1,179.60247019
2025-07-25 07:00:00,115302.2,115956.0,114712.4,115324.1,1169.82007687
2025-07-25 08:00:00,115324.1,115977.7,115005.3,115192.1,2051.10763661
2025-07-25 09:00:00,115192.1,116030.3,114991.8,116024.1,450.10696394
2025-07-25 10:00:00,116024.0,116499.0,115973.7,116300.0,233.93289712
2025-07-25 11:00:00,116300.0,116784.0,116300.0,116528.1,219.21649314
2025-07-25 12:00:00,116528.1,116651.9,115931.1,116110.0,1020.59239754
2025-07-25 13:00:00,116110.0,116606.0,115566.6,116236.7,345.8413753
2025-07-25 14:00:00,116236.7,116297.9,114905.0,114951.7,547.65867097
2025-07-25 15:00:00,114953.6,115857.3,114910.0,115722.1,281.38915086
2025-07-25 16:00:00,115718.1,116196.0,115449.8,116182.0,170.61363135
2025-07-25 17:00:00,116180.0,116352.0,115857.2,116034.5,128.64438675
2025-07-25 18:00:00,116034.6,116582.0,116034.5,116496.0,159.5608519
2025-07-25 19:00:00,116496.0,117040.8,116408.1,116688.0,282.35798333
2025-07-25 20:00:00,116685.3,117324.0,116570.3,117059.3,173.59674657
2025-07-25 21:00:00,117059.3,117427.7,116957.1,117215.3,151.62429016
2025-07-25 22:00:00,117215.3,117373.0,117107.7,117288.3,132.30572839
2025-07-25 23:00:00,117288.3,117682.5,117180.1,117615.8,172.24611215
2025-07-26 00:00:00,117615.9,117623.8,117309.6,117500.0,106.66369356
2025-07-26 01:00:00,117500.0,117566.0,117129.7,117156.1,72.07523077
2025-07-26 02:00:00,117156.2,117754.5,117156.1,117475.1,125.32411046
2025-07-26 03:00:00,117475.1,117633.6,117468.1,117498.0,169.99100337
2025-07-26 04:00:00,117498.1,117570.6,117415.0,117504.9,43.68035358
2025-07-26 05:00:00,117504.8,117568.0,117406.7,117450.7,45.69331745
2025-07-26 06:00:00,117450.8,117470.0,117322.3,117348.0,45.35495988
2025-07-26 07:00:00,117348.1,117480.8,117303.0,117331.2,253.14821177
2025-07-26 08:00:00,117331.3,117630.0,117331.2,117574.0,109.14974718
2025-07-26 09:00:00,117573.9,117640.0,117454.1,117587.3,49.8873537
2025-07-26 10:00:00,117587.4,118220.0,117536.0,117979.9,264.86252502
2025-07-26 11:00:00,117980.0,118080.3,117778.0,117778.0,54.38415258
2025-07-26 12:00:00,117778.1,117998.0,117753.7,117914.0,49.75593396
2025-07-26 13:00:00,117914.0,118233.2,117853.1,118134.3,136.71750101
2025-07-26 14:00:00,118134.4,118221.8,117940.9,118060.1,244.14777209
2025-07-26 15:00:00,118060.1,118147.0,117820.8,118126.5,89.46622696
2025-07-26 16:00:00,118126.6,118200.0,118004.0,118069.9,81.39897332
2025-07-26 17:00:00,118070.0,118100.0,117968.7,118024.0,46.70683418
2025-07-26 18:00:00,118024.1,118100.0,117928.5,118084.0,60.58757026
2025-07-26 19:00:00,118084.0,118290.0,118017.4,118227.1,94.77750085
2025-07-26 20:00:00,118227.1,118227.1,117867.7,117937.2,74.01673386
2025-07-26 21:00:00,117937.2,118079.5,117874.2,118028.0,67.19323218
2025-07-26 22:00:00,118028.1,118289.6,117968.0,117997.0,59.59536388
2025-07-26 23:00:00,117997.1,118039.3,117861.1,117917.3,85.73925107
2025-07-27 00:00:00,117917.9,117962.0,117818.0,117946.2,42.59139419
2025-07-27 01:00:00,117946.2,118239.8,117908.0,118088.1,71.42034163
2025-07-27 02:00:00,118088.1,118386.0,118010.4,118326.0,78.18924045
2025-07-27 03:00:00,118326.1,118340.0,118078.6,118186.1,69.15921812
2025-07-27 04:00:00,118186.0,118275.9,118149.0,118223.8,26.84547716
2025-07-27 05:00:00,118223.7,118309.0,118158.0,118293.9,54.18884843
2025-07-27 06:00:00,118293.9,118458.0,118202.4,118277.8,103.28262256
2025-07-27 07:00:00,118277.9,118277.9,118078.0,118112.2,70.44930022
2025-07-27 08:00:00,118112.2,118146.0,117950.0,117950.0,57.59465974
2025-07-27 09:00:00,117950.1,118010.0,117828.9,117955.7,106.44838521
2025-07-27 10:00:00,117955.8,118306.5,117955.7,118193.9,89.68791882
2025-07-27 11:00:00,118195.9,118273.8,118045.4,118079.9,104.699155
2025-07-27 12:00:00,118079.9,118119.4,117884.9,118097.2,93.83499366
2025-07-27 13:00:00,118096.1,118235.0,118085.9,118213.7,85.16826805
2025-07-27 14:00:00,118213.8,118513.7,118147.0,118427.5,197.33895257
2025-07-27 15:00:00,118428.0,118600.0,118250.0,118600.0,230.40660516
2025-07-27 16:00:00,118600.0,119573.3,118599.9,119103.5,1139.78176654
2025-07-27 17:00:00,119103.6,119346.8,118857.1,119199.2,141.37070897
2025-07-27 18:00:00,119193.2,119397.9,118950.0,119032.0,88.8151852
2025-07-27 19:00:00,119032.1,119078.0,118895.2,118959.9,89.89883038
2025-07-27 20:00:00,118960.0,119184.5,118730.0,118759.8,63.11203639
2025-07-27 21:00:00,118760.0,119278.0,118726.0,119275.9,78.27372789
2025-07-27 22:00:00,119276.0,119786.0,119224.5,119513.5,241.16259378
2025-07-27 23:00:00,119513.5,119555.9,119114.5,119439.3,161.84235034
2025-07-28 00:00:00,119440.0,119699.9,119130.7,119258.2,143.72904575
2025-07-28 01:00:00,119258.2,119498.0,118947.3,119037.4,132.86724761
2025-07-28 02:00:00,119037.4,119828.0,119014.0,119448.0,204.12796404
2025-07-28 03:00:00,119448.0,119538.0,119231.6,119286.4,73.63793513
2025-07-28 04:00:00,119286.4,119424.0,119132.0,119221.4,86.29186639
2025-07-28 05:00:00,119221.5,119695.9,119142.0,119524.0,120.85493434
2025-07-28 06:00:00,119524.0,119613.3,119440.1,119456.0,98.83196666
2025-07-28 07:00:00,119456.0,119460.0,118762.0,118884.0,289.107915
2025-07-28 08:00:00,118884.0,119096.9,118768.0,119066.1,122.54759561
2025-07-28 09:00:00,119066.1,119066.1,118699.2,118934.1,148.48363463
2025-07-28 10:00:00,118934.1,118969.7,118622.6,118769.9,113.81060315
2025-07-28 11:00:00,118770.0,118868.4,118486.9,118823.8,98.16783727
2025-07-28 12:00:00,118823.8,119099.2,118778.0,118844.9,150.77957596
2025-07-28 13:00:00,118845.0,119099.8,118250.0,118445.9,269.47044666
2025-07-28 14:00:00,118446.0,118687.5,117916.3,117991.8,286.76042577
2025-07-28 15:00:00,117991.9,118510.0,117914.4,118170.4,152.48900651
2025-07-28 16:00:00,118170.5,118384.0,118011.0,118019.3,101.02136142
2025-07-28 17:00:00,118019.3,118118.5,117648.0,117672.0,231.03336418
2025-07-28 18:00:00,117672.0,117861.8,117400.4,117785.6,151.30345449
2025-07-28 19:00:00,117785.6,118245.5,117540.0,118073.9,190.46622624
2025-07-28 20:00:00,118074.0,118170.0,117499.9,118044.0,110.4568066
2025-07-28 21:00:00,118044.1,118357.6,117954.0,118119.2,48.48594488
2025-07-28 22:00:00,118119.2,118266.5,117757.8,117867.9,71.08074155
2025-07-28 23:00:00,117868.0,118181.8,117812.0,118073.9,91.54520161
2025-07-29 00:00:00,118073.9,118454.9,117538.0,117979.9,230.38290696
2025-07-29 01:00:00,117980.0,118252.0,117750.0,117780.1,114.44785986
2025-07-29 02:00:00,117780.1,118102.8,117450.0,118096.0,177.87863399
2025-07-29 03:00:00,118096.0,118804.0,118096.0,118769.6,187.20318253
2025-07-29 04:00:00,118769.5,118806.0,118420.0,118532.0,136.87857902
2025-07-29 05:00:00,118532.1,118862.0,118528.0,118804.4,84.45547976
2025-07-29 06:00:00,118804.4,119070.0,118734.9,118754.1,191.39449445
2025-07-29 07:00:00,118757.8,119300.0,118752.0,118893.4,175.76632581
2025-07-29 08:00:00,118893.3,119055.9,118754.0,118932.0,94.48452689
2025-07-29 09:00:00,118932.0,119000.0,118752.0,118783.5,98.02201041
2025-07-29 10:00:00,118783.5,118833.9,118300.0,118320.3,212.6634887
2025-07-29 11:00:00,118320.3,118600.0,118162.9,118599.9,172.58711916
2025-07-29 12:00:00,118599.9,119088.0,118468.0,118896.0,140.98230385
2025-07-29 13:00:00,118896.1,119030.3,118527.0,118619.9,156.21443561
2025-07-29 14:00:00,118620.0,118640.0,117707.8,117825.9,302.55081289
2025-07-29 15:00:00,117826.0,117960.0,117266.6,117384.1,359.7334119
2025-07-29 16:00:00,117384.1,117760.4,116954.4,117739.8,365.07255318
2025-07-29 17:00:00,117740.0,118053.0,117624.1,117772.0,124.19230613
2025-07-29 18:00:00,117772.0,117828.2,117481.5,117608.0,71.84325372
2025-07-29 19:00:00,117612.0,118036.5,117412.0,117520.0,155.66614292
2025-07-29 20:00:00,117521.4,117870.8,117089.9,117507.9,181.66037573
2025-07-29 21:00:00,117507.9,117690.7,117180.2,117592.0,77.97943339
2025-07-29 22:00:00,117592.1,117866.0,117445.2,117846.0,59.41632846
2025-07-29 23:00:00,117846.0,117998.0,117722.0,117944.1,56.73130968
2025-07-30 00:00:00,117944.0,117999.8,117527.2,117746.0,65.2551746
2025-07-30 01:00:00,117748.0,118016.0,117418.0,117862.1,79.03473345
2025-07-30 02:00:00,117862.1,118150.0,117786.6,118027.9,77.48704823
2025-07-30 03:00:00,118028.0,118263.0,117912.0,118161.7,110.60780424
2025-07-30 04:00:00,118161.6,118276.5,117962.0,118001.8,54.30465535
2025-07-30 05:00:00,118001.9,118085.0,117674.9,117995.0,85.44694666
2025-07-30 06:00:00,117995.0,118333.0,117995.0,118280.9,126.28877464
2025-07-30 07:00:00,118280.9,118421.9,118114.0,118128.1,109.81860148
2025-07-30 08:00:00,118128.0,118489.0,117941.3,118368.0,119.95813542
2025-07-30 09:00:00,118368.1,118431.9,117987.6,118164.0,90.59559028
2025-07-30 10:00:00,118164.1,118426.5,117942.9,118023.0,88.80452439
2025-07-30 11:00:00,118024.0,118187.9,117359.7,117577.0,194.09826583
2025-07-30 12:00:00,117577.6,117922.4,117355.3,117730.8,154.77995187
2025-07-30 13:00:00,117730.1,117898.5,117400.0,117680.4,243.24223993
2025-07-30 14:00:00,117680.0,118728.2,117615.6,118711.9,280.2844473
2025-07-30 15:00:00,118711.9,118800.0,117843.9,118007.0,268.90499798
2025-07-30 16:00:00,118007.0,118035.9,117633.6,117746.7,133.94726218
2025-07-30 17:00:00,117746.8,117954.5,117650.0,117802.8,49.09468149
2025-07-30 18:00:00,117802.9,118055.0,116505.9,116523.9,516.77326398
2025-07-30 19:00:00,116524.0,117123.9,115716.3,116914.1,1157.03147229
2025-07-30 20:00:00,116914.1,117333.3,116872.1,117184.0,168.95554927
2025-07-30 21:00:00,117182.4,117333.3,116948.2,117333.3,71.47270896
2025-07-30 22:00:00,117333.2,117513.1,117238.1,117492.0,316.02810429
2025-07-30 23:00:00,117489.6,117920.9,117455.8,117836.4,87.37746353
2025-07-31 00:00:00,117836.4,118550.0,117779.1,118413.8,222.87308358
2025-07-31 01:00:00,118412.2,118462.7,117970.3,118065.6,127.0511258
2025-07-31 02:00:00,118066.0,118500.0,117961.1,118444.0,118.59860073
2025-07-31 03:00:00,118444.0,118615.9,118370.2,118475.3,226.09595963
2025-07-31 04:00:00,118475.3,118567.9,118355.7,118511.1,132.80446951
2025-07-31 05:00:00,118511.2,118551.6,118327.8,118365.4,117.77805958
2025-07-31 06:00:00,118365.5,118744.9,118282.0,118699.2,148.07916962
2025-07-31 07:00:00,118698.1,118936.8,118602.5,118679.9,214.05473116
2025-07-31 08:00:00,118679.9,118773.6,118568.5,118596.1,68.76397593
2025-07-31 09:00:00,118596.1,118648.0,118470.0,118600.0,105.59361073
2025-07-31 10:00:00,118600.1,118727.8,118430.2,118528.0,119.66432221
2025-07-31 11:00:00,118528.0,118572.8,118293.2,118374.0,77.29787686
2025-07-31 12:00:00,118374.1,118660.0,118296.0,118628.1,155.5470806
2025-07-31 13:00:00,118628.0,118708.8,117826.0,118570.1,334.44095549
2025-07-31 14:00:00,118570.1,118659.2,117894.0,117919.8,264.37483502
2025-07-31 15:00:00,117919.9,118364.0,117893.9,118314.0,126.92607486
2025-07-31 16:00:00,118313.9,118887.4,118241.0,118535.6,247.95070723
2025-07-31 17:00:00,118535.6,118556.0,117709.4,117745.9,241.40859755
2025-07-31 18:00:00,117746.0,118006.3,117400.0,117662.5,163.86629267
2025-07-31 19:00:00,117662.5,117772.0,116745.5,116781.1,399.91391345
2025-07-31 20:00:00,116781.0,116983.5,116445.9,116511.3,304.82519525
2025-07-31 21:00:00,116511.3,116906.0,116235.8,116529.4,337.92522786
2025-07-31 22:00:00,116529.5,116535.2,116002.7,116011.2,319.87337367
2025-07-31 23:00:00,116011.2,116362.0,115500.0,115754.8,621.28808632
2025-08-01 00:00:00,115754.8,115931.9,114300.1,115419.1,1243.25802237
2025-08-01 01:00:00,115419.0,115600.0,114575.6,115331.9,639.75457034
2025-08-01 02:00:00,115329.7,116016.6,115222.2,115970.0,183.2601958
2025-08-01 03:00:00,115970.0,116063.2,115614.0,115645.9,138.68972978
2025-08-01 04:00:00,115646.0,115699.3,115241.6,115699.1,131.61843837
2025-08-01 05:00:00,115699.2,115924.9,115379.9,115568.5,130.58430393
2025-08-01 06:00:00,115568.5,115657.7,115028.9,115152.0,216.59572334
2025-08-01 07:00:00,115152.0,115300.0,114628.9,115080.0,734.04157435
2025-08-01 08:00:00,115080.1,115080.1,114116.5,114609.9,486.59873421
2025-08-01 09:00:00,114608.0,115344.0,114556.1,114951.8,229.50483388
2025-08-01 10:00:00,114951.9,115210.0,114690.0,114759.2,198.14815965
2025-08-01 11:00:00,114759.3,115342.1,114600.0,115298.2,213.52302545
2025-08-01 12:00:00,115298.2,115919.0,115148.2,115735.9,463.78956771
2025-08-01 13:00:00,115736.0,116018.4,114155.1,114340.0,738.87973073
2025-08-01 14:00:00,114340.0,115823.9,113929.2,115613.9,775.34376825
2025-08-01 15:00:00,115614.0,115640.7,114668.8,115352.6,304.54575847
2025-08-01 16:00:00,115352.6,115700.0,114820.0,115004.1,196.36727369
2025-08-01 17:00:00,115004.0,115100.0,114342.6,114428.1,266.08799398
2025-08-01 18:00:00,114428.0,114508.0,113666.6,113829.9,629.67119867
2025-08-01 19:00:00,113828.4,113934.1,113218.0,113315.2,515.91907762
2025-08-01 20:00:00,113308.2,113973.9,113158.0,113945.1,234.25801575
2025-08-01 21:00:00,113945.1,114090.6,113681.3,113896.7,124.03244659
2025-08-01 22:00:00,113896.6,114011.9,112724.3,113132.0,701.21583919
2025-08-01 23:00:00,113132.1,113560.0,112914.3,113294.3,149.73756806
2025-08-02 00:00:00,113294.4,113832.0,113188.3,113815.0,165.21933597
2025-08-02 01:00:00,113815.0,113922.8,113414.1,113660.4,137.65079376
2025-08-02 02:00:00,113660.5,113766.4,113524.0,113703.9,80.37224888
2025-08-02 03:00:00,113704.0,113908.0,113700.2,113907.9,64.41224689
2025-08-02 04:00:00,113907.9,114061.3,113816.0,114022.9,141.96185773
2025-08-02 05:00:00,114022.9,114046.2,113847.4,113983.9,70.1200919
2025-08-02 06:00:00,113984.0,113992.5,113448.2,113706.0,108.41578227
2025-08-02 07:00:00,113706.0,114031.0,113556.0,113986.2,230.20097807
2025-08-02 08:00:00,113986.2,114045.1,113672.0,113688.0,75.10206463
2025-08-02 09:00:00,113688.1,113852.0,113572.0,113686.2,75.32939151
2025-08-02 10:00:00,113686.2,113711.0,113434.0,113557.5,145.35346264
2025-08-02 11:00:00,113557.6,113918.9,113448.0,113782.4,89.10190351
2025-08-02 12:00:00,113782.4,113796.0,113576.2,113623.9,57.14539834
2025-08-02 13:00:00,113623.9,113648.0,113220.0,113460.0,150.90734735
2025-08-02 14:00:00,113460.1,113542.0,112944.0,113103.1,286.47716557
2025-08-02 15:00:00,113102.1,113433.1,112817.1,112843.9,184.96015827
2025-08-02 16:00:00,112839.5,113262.0,112721.3,113197.9,215.81016237
2025-08-02 17:00:00,113198.0,113426.4,112582.0,112725.0,221.75371542
2025-08-02 18:00:00,112725.0,112918.1,112086.8,112332.1,311.08411891
2025-08-02 19:00:00,112334.0,112950.0,112005.4,112230.1,245.0611369
2025-08-02 20:00:00,112230.1,112795.1,112076.3,112793.9,96.18877812
2025-08-02 21:00:00,112794.0,113067.6,112566.6,112863.9,103.26694932
2025-08-02 22:00:00,112863.9,113025.9,112547.6,112859.9,67.47531123
2025-08-02 23:00:00,112859.9,112874.4,112288.0,112559.9,103.44767437
2025-08-03 00:00:00,112560.0,112984.0,111903.1,112940.5,384.95288175
2025-08-03 01:00:00,112940.4,113266.0,112838.7,113096.0,120.07689452
2025-08-03 02:00:00,113096.1,113519.2,113085.8,113511.8,187.59602199
2025-08-03 03:00:00,113511.7,113736.5,113411.6,113600.1,153.10508316
2025-08-03 04:00:00,113600.1,113600.1,113333.3,113470.3,82.71205861
2025-08-03 05:00:00,113470.4,113657.5,113399.0,113618.8,79.76547963
2025-08-03 06:00:00,113618.9,113635.9,113442.9,113555.0,62.69315977
2025-08-03 07:00:00,113555.1,113718.2,113555.1,113700.1,75.32464663
2025-08-03 08:00:00,113700.0,113788.0,113532.5,113685.9,72.590781
2025-08-03 09:00:00,113686.0,113718.0,113612.0,113648.1,80.47332218
2025-08-03 10:00:00,113648.1,113894.9,113648.0,113894.0,69.0805452
2025-08-03 11:00:00,113894.0,114250.0,113836.5,113851.3,167.84139126
2025-08-03 12:00:00,113851.4,114100.0,113638.6,114003.8,88.30508351
2025-08-03 13:00:00,114003.8,114096.6,113797.2,113939.9,60.88428779
2025-08-03 14:00:00,113939.9,114062.0,113577.4,113771.3,135.75216381
2025-08-03 15:00:00,113770.2,113962.0,113658.5,113943.4,58.94153342
2025-08-03 16:00:00,113943.3,114024.0,113749.1,113987.8,72.63615329
2025-08-03 17:00:00,113987.9,114167.4,113946.2,114114.8,46.82617972
2025-08-03 18:00:00,114114.8,114455.9,114046.0,114383.1,130.99904281
2025-08-03 19:00:00,114383.1,114780.4,114256.4,114306.0,184.58917671
2025-08-03 20:00:00,114306.0,114469.9,114159.0,114416.0,42.44954447
2025-08-03 21:00:00,114416.1,114530.2,114360.0,114430.3,43.36038382
2025-08-03 22:00:00,114430.2,114624.0,114064.0,114315.5,73.96483266
2025-08-03 23:00:00,114315.5,114510.0,114166.7,114202.0,77.50328467
2025-08-04 00:00:00,114202.1,114922.0,114109.1,114909.8,180.87364968
2025-08-04 01:00:00,114909.8,115016.0,114616.0,114679.9,135.73077409
2025-08-04 02:00:00,114679.9,114886.0,114422.0,114819.9,105.79818737
2025-08-04 03:00:00,114819.9,114832.5,114534.2,114577.6,70.56648098
2025-08-04 04:00:00,114577.5,114658.0,114344.1,114390.5,90.85616538
2025-08-04 05:00:00,114390.6,114429.0,114188.0,114397.4,109.51658169
2025-08-04 06:00:00,114397.4,114490.7,114152.6,114426.0,93.11558473
2025-08-04 07:00:00,114426.1,114785.5,114400.0,114660.9,120.30294251
2025-08-04 08:00:00,114660.0,114770.0,114360.0,114553.3,123.093085
2025-08-04 09:00:00,114553.3,114757.0,114295.7,114330.0,110.92199043
2025-08-04 10:00:00,114330.0,114522.0,114229.9,114248.8,81.92686771
2025-08-04 11:00:00,114250.0,114529.9,114213.2,114503.9,87.25423543
2025-08-04 12:00:00,114504.0,114548.2,114319.0,114458.5,80.42783125
2025-08-04 13:00:00,114458.5,114945.8,114132.0,114926.5,273.79902827
2025-08-04 14:00:00,114927.7,115486.1,114652.0,114753.3,509.25475806
2025-08-04 15:00:00,114753.4,115035.9,114555.6,114823.7,121.43181172
2025-08-04 16:00:00,114823.8,115422.0,114823.8,115298.9,218.04787954
2025-08-04 17:00:00,115298.9,115738.9,115146.0,115204.0,255.96277105
2025-08-04 18:00:00,115204.0,115322.1,114918.4,114963.9,116.30360402
2025-08-04 19:00:00,114962.9,115162.8,114728.5,114778.0,90.90646912
2025-08-04 20:00:00,114778.1,115090.7,114632.1,114812.1,76.32978707
2025-08-04 21:00:00,114812.1,115273.8,114812.1,115114.0,73.95841922
2025-08-04 22:00:00,115114.6,115343.9,115088.0,115343.9,95.95595377
2025-08-04 23:00:00,115344.0,115350.6,115051.0,115053.6,92.98753116
2025-08-05 00:00:00,115053.7,115128.4,114833.7,114888.8,114.00692783
2025-08-05 01:00:00,114888.9,115058.0,114700.0,114722.0,108.99601751
2025-08-05 02:00:00,114722.0,114831.0,114615.5,114729.5,119.07203061
2025-08-05 03:00:00,114729.7,114750.0,114243.1,114243.1,508.54536577
2025-08-05 04:00:00,114243.2,114421.6,114169.3,114335.9,172.18895689
2025-08-05 05:00:00,114336.0,114498.1,114246.0,114422.0,72.25040542
2025-08-05 06:00:00,114422.0,114517.0,114106.3,114192.0,106.02809398
2025-08-05 07:00:00,114192.0,114413.3,113710.1,113983.9,301.87394563
2025-08-05 08:00:00,113983.9,114542.1,113932.8,114291.0,137.93828453
2025-08-05 09:00:00,114291.1,114811.0,114291.0,114693.9,84.25113326
2025-08-05 10:00:00,114694.0,115100.0,114588.3,114848.9,117.7296495
2025-08-05 11:00:00,114849.2,114988.9,114746.1,114828.1,61.98666802
2025-08-05 12:00:00,114828.1,114908.8,113488.0,113944.1,243.43655837
2025-08-05 13:00:00,113944.0,114587.3,113870.0,114387.1,138.79435686
2025-08-05 14:00:00,114387.1,114394.0,112653.0,113039.1,664.00015229
2025-08-05 15:00:00,113039.2,113250.0,112703.3,112931.8,279.08554605
2025-08-05 16:00:00,112930.1,113376.1,112812.7,113176.7,196.57698964
2025-08-05 17:00:00,113176.7,113684.0,113100.0,113642.1,238.41821522
2025-08-05 18:00:00,113642.0,113664.0,113262.2,113652.0,98.83507414
2025-08-05 19:00:00,113652.6,113776.6,113409.0,113628.0,89.45901815
2025-08-05 20:00:00,113630.1,113999.9,113496.0,113706.0,65.50517943
2025-08-05 21:00:00,113706.0,113877.5,113566.0,113593.1,48.86863595
2025-08-05 22:00:00,113593.1,113994.6,113298.6,113958.0,78.10621993
2025-08-05 23:00:00,113960.0,114234.9,113920.0,114126.8,55.69952382
2025-08-06 00:00:00,114126.8,114142.1,113750.1,113890.6,80.76358969
2025-08-06 01:00:00,113890.5,113950.0,113582.5,113830.2,65.19839219
2025-08-06 02:00:00,113830.2,113840.0,113500.0,113636.0,49.89026422
2025-08-06 03:00:00,113636.0,113672.0,113409.0,113514.1,63.62576989
2025-08-06 04:00:00,113514.1,113598.0,113357.6,113432.3,61.64217958
2025-08-06 05:00:00,113432.4,114425.0,113384.5,114157.1,162.6428186
2025-08-06 06:00:00,114157.1,114207.1,113919.7,114087.1,85.73576611
2025-08-06 07:00:00,114087.0,114302.0,114021.6,114233.2,76.30623407
2025-08-06 08:00:00,114233.2,114265.2,113731.3,113943.1,202.92867533
2025-08-06 09:00:00,113943.2,114375.0,113909.2,114096.0,133.06218804
2025-08-06 10:00:00,114096.0,114233.0,113892.0,114062.0,79.60013448
2025-08-06 11:00:00,114062.0,114424.0,114006.0,114241.6,89.70519828
2025-08-06 12:00:00,114241.5,114341.1,113800.1,113917.6,79.30506643
2025-08-06 13:00:00,113917.6,114411.1,113580.9,114266.2,181.9695053
2025-08-06 14:00:00,114267.6,115211.5,113866.6,115187.9,322.83526099
2025-08-06 15:00:00,115189.8,115546.1,114835.3,115416.2,329.08904885
2025-08-06 16:00:00,115416.1,115484.7,114950.0,115137.9,223.34789688
2025-08-06 17:00:00,115137.9,115522.3,115028.1,115515.9,85.47159577
2025-08-06 18:00:00,115516.0,115711.0,115308.8,115423.5,127.79436939
2025-08-06 19:00:00,115424.0,115529.0,115126.3,115266.0,80.27315164
2025-08-06 20:00:00,115266.0,115284.9,115008.0,115048.1,56.00548456
2025-08-06 21:00:00,115048.1,115240.2,114782.2,115064.4,136.80198232
2025-08-06 22:00:00,115064.6,115218.0,115046.4,115098.3,153.60354118
2025-08-06 23:00:00,115098.3,115120.0,114976.2,114999.8,46.6990666
2025-08-07 00:00:00,114999.6,115026.0,114860.0,114904.9,54.55578402
2025-08-07 01:00:00,114905.0,115200.0,114587.8,114755.9,102.88013391
2025-08-07 02:00:00,114755.9,114867.1,114406.2,114567.7,82.19036212
2025-08-07 03:00:00,114566.6,114630.0,114400.0,114549.6,79.40180851
2025-08-07 04:00:00,114549.6,114659.5,114260.7,114359.6,67.82383469
2025-08-07 05:00:00,114359.7,114582.7,114276.7,114582.6,50.20750122
2025-08-07 06:00:00,114582.7,114826.5,114515.0,114658.1,113.87369341
2025-08-07 07:00:00,114658.1,114885.1,114642.1,114796.2,94.15618753
2025-08-07 08:00:00,114796.2,115186.0,114791.8,114958.1,104.88607826
2025-08-07 09:00:00,114958.1,115080.0,114842.3,115070.0,87.98526476
2025-08-07 10:00:00,115070.0,116463.5,115046.2,116353.6,1242.3450854
2025-08-07 11:00:00,116353.6,116822.0,116353.6,116524.0,264.49772479
2025-08-07 12:00:00,116524.1,116599.1,116032.0,116384.1,316.70325952
2025-08-07 13:00:00,116384.1,116758.0,116186.7,116654.0,255.32652151
2025-08-07 14:00:00,116654.8,116688.0,116200.0,116371.9,165.70872166
2025-08-07 15:00:00,116372.0,116800.0,116240.0,116700.0,134.92452998
2025-08-07 16:00:00,116700.0,116756.0,115625.0,116266.0,237.30196501
2025-08-07 17:00:00,116266.1,116568.0,116121.0,116515.3,132.97777579
2025-08-07 18:00:00,116514.4,116583.8,116147.5,116566.1,90.25399748
2025-08-07 19:00:00,116566.1,117535.5,116495.3,117465.0,295.99009863
2025-08-07 20:00:00,117464.6,117508.9,117141.6,117184.9,109.44856626
2025-08-07 21:00:00,117185.0,117364.0,117007.1,117095.2,102.02625964
2025-08-07 22:00:00,117095.2,117636.4,117077.6,117564.0,153.9763522
2025-08-07 23:00:00,117564.1,117587.2,117285.4,117478.0,113.06128723
2025-08-08 00:00:00,117478.1,117663.8,116836.2,117274.1,787.74086688
2025-08-08 01:00:00,117274.0,117274.1,116779.3,116887.9,612.42936015
2025-08-08 02:00:00,116888.0,116933.5,116684.1,116702.9,148.95782529
2025-08-08 03:00:00,116702.9,116994.4,116690.0,116746.1,162.27614944
2025-08-08 04:00:00,116746.0,116874.0,116670.0,116748.3,76.71599602
2025-08-08 05:00:00,116748.3,116763.9,116508.0,116534.1,53.24277498
2025-08-08 06:00:00,116534.2,116775.9,116392.0,116750.1,141.95015779
2025-08-08 07:00:00,116750.1,116991.9,116552.8,116807.2,638.75735639
2025-08-08 08:00:00,116807.1,116934.9,116439.0,116620.0,98.48174957
2025-08-08 09:00:00,116620.0,116734.0,116488.7,116686.1,42.56675547
2025-08-08 10:00:00,116685.9,116717.9,116321.7,116548.0,62.54739088
2025-08-08 11:00:00,116548.1,116914.5,116544.7,116896.1,41.45253697
2025-08-08 12:00:00,116896.1,116896.1,116498.0,116502.8,59.17503705
2025-08-08 13:00:00,116502.9,116958.0,116502.0,116926.1,119.92482514
2025-08-08 14:00:00,116926.0,117271.1,116372.0,116496.1,299.13017333
2025-08-08 15:00:00,116496.1,116543.1,115888.0,116204.2,283.90295675
2025-08-08 16:00:00,116204.2,116374.1,116000.0,116204.9,101.96631277
2025-08-08 17:00:00,116204.9,116713.2,116153.4,116710.1,100.34374765
2025-08-08 18:00:00,116710.1,116900.0,116318.0,116504.0,238.8388584
2025-08-08 19:00:00,116504.0,116716.0,116333.3,116434.5,125.15184722
2025-08-08 20:00:00,116434.1,116891.4,116308.0,116891.3,113.92199644
2025-08-08 21:00:00,116891.3,116977.9,116732.1,116929.9,61.92543662
2025-08-08 22:00:00,116929.9,116980.0,116741.8,116879.4,55.64013842
2025-08-08 23:00:00,116878.1,116915.8,116640.6,116665.9,33.05841872
2025-08-09 00:00:00,116666.0,116760.8,116576.1,116588.0,66.79969456
2025-08-09 01:00:00,116588.0,116660.6,116522.1,116562.0,65.76928495
2025-08-09 02:00:00,116562.1,116562.1,116388.9,116400.1,46.79622229
2025-08-09 03:00:00,116400.1,116517.1,116348.8,116388.0,181.85655672
2025-08-09 04:00:00,116388.1,116707.2,116360.0,116447.3,429.57595805
2025-08-09 05:00:00,116447.2,117016.9,116416.0,116744.0,301.69834122
2025-08-09 06:00:00,116744.1,116759.0,116549.1,116650.6,79.60193959
2025-08-09 07:00:00,116650.6,116907.9,116624.0,116748.1,71.35104204
2025-08-09 08:00:00,116748.1,117166.8,116744.0,117099.9,146.23498184
2025-08-09 09:00:00,117100.0,117500.0,117025.0,117499.9,249.27397443
2025-08-09 10:00:00,117500.0,117923.2,117372.0,117412.0,336.78939073
2025-08-09 11:00:00,117412.1,117464.0,117083.4,117115.9,199.45759763
2025-08-09 12:00:00,117116.0,117240.8,117001.6,117108.0,108.21897083
2025-08-09 13:00:00,117108.0,117156.0,116875.0,116970.0,100.96080541
2025-08-09 14:00:00,116970.1,117015.6,116750.0,116973.7,114.06957799
2025-08-09 15:00:00,116973.5,117154.3,116700.1,116888.9,402.83910824
2025-08-09 16:00:00,116889.0,116947.9,116621.7,116635.4,129.01462499
2025-08-09 17:00:00,116635.4,116795.0,116616.9,116674.2,76.48344789
2025-08-09 18:00:00,116674.3,116729.4,116550.7,116624.9,92.86745236
2025-08-09 19:00:00,116624.9,116733.6,116501.0,116542.5,133.19596298
2025-08-09 20:00:00,116542.5,117022.3,116502.0,116772.2,105.30337945
2025-08-09 21:00:00,116772.3,116793.8,116369.2,116513.8,105.31768388
2025-08-09 22:00:00,116513.8,116745.3,116490.9,116547.1,157.82692158
2025-08-09 23:00:00,116547.2,116592.0,116439.8,116470.0,59.98828245
2025-08-10 00:00:00,116470.1,116748.8,116457.9,116746.0,62.85449346
2025-08-10 01:00:00,116746.1,116789.0,116541.7,116577.3,78.39530374
2025-08-10 02:00:00,116577.3,117322.1,116572.4,117310.1,165.26358879
2025-08-10 03:00:00,117310.1,118502.9,117240.0,118502.0,960.08530674
2025-08-10 04:00:00,118502.1,118738.5,118380.9,118492.9,260.43510337
2025-08-10 05:00:00,118493.0,118514.0,117887.3,118044.6,360.06865924
2025-08-10 06:00:00,118044.6,118156.0,117734.3,118076.9,171.31189805
2025-08-10 07:00:00,118076.9,118240.0,117459.4,117815.9,364.16695868
2025-08-10 08:00:00,117816.0,118396.3,117616.0,118300.0,259.19198908
2025-08-10 09:00:00,118300.1,118429.8,118084.0,118274.6,150.56268428
2025-08-10 10:00:00,118274.6,118286.0,117992.0,118010.0,93.78362167
2025-08-10 11:00:00,118010.1,118500.0,117922.0,118321.9,119.98234135
2025-08-10 12:00:00,118322.0,118738.5,118210.3,118506.5,188.48945201
2025-08-10 13:00:00,118506.5,118682.0,118350.0,118440.0,96.0758246
2025-08-10 14:00:00,118440.0,118875.2,118307.3,118768.0,548.90274552
2025-08-10 15:00:00,118768.1,119100.0,118552.0,118787.0,291.99117048
2025-08-10 16:00:00,118787.0,118931.5,118610.6,118655.2,106.15228877
2025-08-10 17:00:00,118652.8,118687.0,118442.4,118513.8,85.44609822
2025-08-10 18:00:00,118513.9,118612.8,118400.9,118538.8,49.15162042
2025-08-10 19:00:00,118538.9,118726.5,118447.8,118648.1,46.46374413
2025-08-10 20:00:00,118648.1,118760.0,118078.6,118315.7,169.57434851
2025-08-10 21:00:00,118315.7,118706.9,118083.6,118706.8,85.88853785
2025-08-10 22:00:00,118706.9,119077.4,118609.6,119077.4,122.04962142
2025-08-10 23:00:00,119077.4,119317.7,118850.0,119287.8,191.17391961
2025-08-11 00:00:00,119287.7,119500.0,119102.5,119124.1,225.14016796
2025-08-11 01:00:00,119124.1,119999.0,118984.0,119998.6,337.47283979
2025-08-11 02:00:00,119998.5,121882.0,119933.5,121852.3,1316.08014613
2025-08-11 03:00:00,121852.3,122152.0,121538.9,121711.2,531.54014488
2025-08-11 04:00:00,121711.2,122178.3,121600.0,122074.0,388.81278074
2025-08-11 05:00:00,122077.9,122325.0,121812.5,122049.9,240.28617948
2025-08-11 06:00:00,122050.0,122335.8,121941.6,122306.6,282.18858765
2025-08-11 07:00:00,122306.6,122313.0,121461.3,121530.7,472.79429885
2025-08-11 08:00:00,121530.8,121817.6,121204.6,121682.7,295.39022094
2025-08-11 09:00:00,121682.6,121712.0,121126.6,121420.3,181.33978142
2025-08-11 10:00:00,121421.1,121453.8,120970.0,121184.0,180.10136963
2025-08-11 11:00:00,121182.0,121292.0,120251.2,120554.0,434.53314908
2025-08-11 12:00:00,120554.0,120656.0,119531.2,119653.9,477.77722243
2025-08-11 13:00:00,119655.9,120325.3,119364.6,120008.0,419.20330812
2025-08-11 14:00:00,120008.0,120584.3,119790.0,120234.0,247.83502032
2025-08-11 15:00:00,120234.0,120419.9,119838.1,120302.0,138.17589224
2025-08-11 16:00:00,120302.1,120792.8,119902.9,119939.5,242.97305249
2025-08-11 17:00:00,119939.5,120158.0,119467.2,119509.6,216.74216519
2025-08-11 18:00:00,119508.1,119887.7,119258.0,119783.3,132.34093653
2025-08-11 19:00:00,119783.3,119801.4,118605.8,119085.9,257.15882424
2025-08-11 20:00:00,119085.9,119096.0,118580.1,118824.1,313.19441659
2025-08-11 21:00:00,118824.1,119210.4,118036.2,118719.9,219.31755935
2025-08-11 22:00:00,118719.9,118927.8,118276.0,118898.7,156.27248755
2025-08-11 23:00:00,118898.6,118908.3,118590.1,118686.1,69.28429693
2025-08-12 00:00:00,118686.1,119049.0,118600.0,118960.0,121.73655866
2025-08-12 01:00:00,118958.0,119120.0,118769.2,118975.9,105.50612335
2025-08-12 02:00:00,118975.8,119304.4,118836.0,119059.0,106.23603551
2025-08-12 03:00:00,119059.0,119136.4,118750.1,118865.0,141.68902093
2025-08-12 04:00:00,118865.1,119184.6,118818.0,119069.3,110.62256786
2025-08-12 05:00:00,119068.0,119068.0,118430.6,118828.8,173.18278927
2025-08-12 06:00:00,118828.9,119049.6,118611.1,118849.9,385.00874195
2025-08-12 07:00:00,118849.9,119166.6,118849.9,119000.5,228.37351696
2025-08-12 08:00:00,119000.6,119075.3,118739.2,118818.0,160.72483503
2025-08-12 09:00:00,118818.0,118900.0,118400.1,118408.0,278.78986079
2025-08-12 10:00:00,118408.1,118657.6,118203.7,118457.0,225.04123573
2025-08-12 11:00:00,118457.7,118675.5,118210.7,118504.9,266.34262644
2025-08-12 12:00:00,118504.8,119265.0,118268.8,119265.0,594.9882152
2025-08-12 13:00:00,119264.9,119714.2,118600.0,118866.1,452.6887798
2025-08-12 14:00:00,118864.0,119450.0,118732.9,119449.9,220.49456093
2025-08-12 15:00:00,119450.0,119961.9,119309.2,119934.7,375.72132964
2025-08-12 16:00:00,119934.7,120187.5,119496.0,119643.4,380.94528091
2025-08-12 17:00:00,119644.5,119849.6,119153.6,119269.9,220.13945438
2025-08-12 18:00:00,119270.0,120087.0,119261.7,119341.9,199.18871536
2025-08-12 19:00:00,119342.0,119978.6,119300.2,119649.9,88.26356422
2025-08-12 20:00:00,119649.9,120320.0,119485.7,120189.2,197.35699564
2025-08-12 21:00:00,120189.1,120212.0,119791.3,119904.0,123.10322275
2025-08-12 22:00:00,119904.1,120098.5,119648.3,120098.5,123.9518133
2025-08-12 23:00:00,120098.6,120306.7,119904.3,120132.0,125.75672711
2025-08-13 00:00:00,120132.1,120195.9,119638.5,119710.1,168.89427951
2025-08-13 01:00:00,119709.3,119721.7,119338.9,119472.7,186.25729091
2025-08-13 02:00:00,119472.8,119744.3,119078.0,119556.0,272.3817181
2025-08-13 03:00:00,119556.1,119644.0,119305.5,119486.1,120.03322099
2025-08-13 04:00:00,119486.1,119858.4,119333.0,119338.1,154.75425046
2025-08-13 05:00:00,119338.1,119696.0,118929.1,119064.3,204.86065252
2025-08-13 06:00:00,119064.3,119434.0,118951.6,119420.8,184.37004888
2025-08-13 07:00:00,119420.8,119653.5,119283.1,119582.3,203.51242098
2025-08-13 08:00:00,119582.4,120051.0,119448.0,120050.9,272.63682508
2025-08-13 09:00:00,120050.9,120172.0,119796.6,120112.6,256.24116463
2025-08-13 10:00:00,120112.7,120500.0,120040.0,120485.7,298.36848113
2025-08-13 11:00:00,120485.7,120735.7,120421.3,120566.1,188.00570074
2025-08-13 12:00:00,120566.1,120683.1,120202.8,120269.4,214.16113484
2025-08-13 13:00:00,120269.8,122057.7,120102.0,121774.2,784.95435724
2025-08-13 14:00:00,121774.2,122210.5,120768.4,120892.0,843.87706556
2025-08-13 15:00:00,120895.5,121360.2,120300.0,120914.0,369.77809095
2025-08-13 16:00:00,120914.0,121727.2,120914.0,121433.8,241.87744767
2025-08-13 17:00:00,121433.9,121861.9,121417.9,121808.1,190.83332856
2025-08-13 18:00:00,121808.0,121958.1,121418.5,121617.2,187.09570554
2025-08-13 19:00:00,121617.2,122842.2,121500.0,122753.0,457.50069213
2025-08-13 20:00:00,122748.0,122995.0,122453.5,122915.1,236.92044292
2025-08-13 21:00:00,122915.2,123046.4,122296.8,122575.9,222.04602913
2025-08-13 22:00:00,122576.0,123633.8,122566.5,122959.9,553.44418308
2025-08-13 23:00:00,122959.9,123700.0,122915.2,123308.0,301.94162434
2025-08-14 00:00:00,123308.1,124500.0,123258.4,123876.2,717.26946634
2025-08-14 01:00:00,123876.1,123967.0,123310.4,123338.2,349.7892907
2025-08-14 02:00:00,123338.3,123716.7,123282.7,123685.1,269.36655279
2025-08-14 03:00:00,123685.1,123880.0,123292.5,123344.0,483.50123178
2025-08-14 04:00:00,123344.1,123428.0,123007.1,123010.0,214.41266399
2025-08-14 05:00:00,123010.1,123150.0,122075.5,122132.1,542.61120045
2025-08-14 06:00:00,122132.1,122141.4,121308.1,121780.3,505.00063682
2025-08-14 07:00:00,121780.1,122068.0,121534.8,121717.2,271.14813408
2025-08-14 08:00:00,121717.3,122037.8,121555.1,121632.8,197.71283728
2025-08-14 09:00:00,121632.8,121913.1,121511.0,121647.4,118.2017161
2025-08-14 10:00:00,121646.0,121792.4,120736.1,120940.0,300.22090151
2025-08-14 11:00:00,120937.9,121032.7,120700.0,120959.2,168.37218441
2025-08-14 12:00:00,120959.1,121173.9,117475.2,118870.9,2081.22288659
2025-08-14 13:00:00,118870.9,119260.0,117722.5,118424.1,1055.19536486
2025-08-14 14:00:00,118424.1,119364.7,118000.0,118804.4,472.29435052
2025-08-14 15:00:00,118804.5,118905.9,117866.0,118237.9,560.66410358
2025-08-14 16:00:00,118237.9,118243.0,117400.0,117870.9,438.22378127
2025-08-14 17:00:00,117871.0,118135.1,117489.0,117918.0,176.74320969
2025-08-14 18:00:00,117917.9,118226.1,117156.1,118089.7,293.58465448
2025-08-14 19:00:00,118089.7,118529.5,117900.7,117933.0,298.33263461
2025-08-14 20:00:00,117932.9,118145.3,117714.3,117874.0,154.20012891
2025-08-14 21:00:00,117873.9,118193.9,117305.9,117896.0,172.46171137
2025-08-14 22:00:00,117896.0,118345.6,117630.8,118282.1,159.01347429
2025-08-14 23:00:00,118282.1,118528.8,118230.0,118298.5,97.5738103
2025-08-15 00:00:00,118298.5,118481.9,118026.1,118181.2,157.70847476
2025-08-15 01:00:00,118181.2,118750.0,118032.2,118684.0,109.09379576
2025-08-15 02:00:00,118684.1,118914.1,118586.1,118699.7,112.15173753
2025-08-15 03:00:00,118699.6,119090.3,118599.9,118970.1,118.14923996
2025-08-15 04:00:00,118970.1,119200.0,118784.0,118843.4,158.25673239
2025-08-15 05:00:00,118842.6,119021.2,118629.4,118984.4,110.00389904
2025-08-15 06:00:00,118984.4,119229.5,118863.3,119089.9,408.34954627
2025-08-15 07:00:00,119089.8,119118.1,118772.1,118973.5,227.23655763
2025-08-15 08:00:00,118973.6,119161.0,118848.7,118882.1,133.59551467
2025-08-15 09:00:00,118882.1,119062.0,118607.2,118711.8,114.38190858
2025-08-15 10:00:00,118711.8,119035.9,118711.8,118878.7,55.24638676
2025-08-15 11:00:00,118878.8,119101.9,118878.7,119002.7,56.64732941
2025-08-15 12:00:00,119002.1,119135.9,118500.1,118643.2,232.58338151
2025-08-15 13:00:00,118643.2,118743.9,117729.9,117768.5,313.99128379
2025-08-15 14:00:00,117763.8,118278.1,117258.0,117400.0,383.76839441
2025-08-15 15:00:00,117400.0,117598.1,116819.0,117278.5,491.09954157
2025-08-15 16:00:00,117278.6,117417.4,116800.0,117345.8,542.58739763
2025-08-15 17:00:00,117345.9,117885.3,116971.6,117582.8,304.31678815
2025-08-15 18:00:00,117582.8,117658.6,117013.8,117155.7,140.04582098
2025-08-15 19:00:00,117156.0,117417.4,116850.0,116929.8,95.07740176
2025-08-15 20:00:00,116929.7,117330.0,116850.0,117274.4,66.34815344
2025-08-15 21:00:00,117274.0,117366.3,116998.2,117323.7,74.03892375
2025-08-15 22:00:00,117323.7,117745.4,117296.0,117702.1,61.90710646
2025-08-15 23:00:00,117700.7,117770.0,117040.7,117338.1,117.53866758
2025-08-16 00:00:00,117338.0,117773.9,117226.0,117733.5,221.10686655
2025-08-16 01:00:00,117733.6,117899.1,117601.3,117820.5,166.56804335
2025-08-16 02:00:00,117820.6,117821.4,117434.8,117500.1,124.95199896
2025-08-16 03:00:00,117500.1,117664.0,117382.1,117431.9,87.3781639
2025-08-16 04:00:00,117432.0,117890.7,117412.7,117822.8,86.91424956
2025-08-16 05:00:00,117822.9,117856.0,117518.0,117606.8,66.38685966
2025-08-16 06:00:00,117607.9,117668.0,117295.4,117379.9,606.02956655
2025-08-16 07:00:00,117380.0,117697.2,117331.1,117611.8,353.71336852
2025-08-16 08:00:00,117611.8,117678.8,117492.5,117616.1,280.73979638
2025-08-16 09:00:00,117616.0,117700.1,117286.2,117294.1,337.11412668
2025-08-16 10:00:00,117294.0,117446.0,117136.3,117392.2,146.52665876
2025-08-16 11:00:00,117392.2,117540.0,117348.0,117385.1,86.56526644
2025-08-16 12:00:00,117385.9,117740.0,117326.0,117739.9,84.30700072
2025-08-16 13:00:00,117740.0,117788.0,117586.1,117636.7,199.89207294
2025-08-16 14:00:00,117636.7,117796.1,117552.0,117788.9,209.18375632
2025-08-16 15:00:00,117789.0,117835.6,117617.7,117687.7,48.00369189
2025-08-16 16:00:00,117687.8,117832.0,117685.8,117755.8,50.32135493
2025-08-16 17:00:00,117755.8,117770.4,117652.1,117700.2,44.99528559
2025-08-16 18:00:00,117700.2,117764.0,117626.0,117699.1,31.45516518
2025-08-16 19:00:00,117699.2,117783.9,117656.0,117680.3,45.74681199
2025-08-16 20:00:00,117680.3,117718.2,117525.8,117656.0,36.73567363
2025-08-16 21:00:00,117655.9,117655.9,117420.0,117448.3,41.98485461
2025-08-16 22:00:00,117448.3,117569.3,117215.9,117470.1,58.41246329
2025-08-16 23:00:00,117470.0,117483.3,117286.2,117386.1,27.11165999
2025-08-17 00:00:00,117386.1,117439.4,117250.0,117256.0,38.5057436
2025-08-17 01:00:00,117256.1,117499.9,117180.0,117440.0,50.40714304
2025-08-17 02:00:00,117440.0,117627.6,117384.0,117604.9,56.06941577
2025-08-17 03:00:00,117604.9,117765.9,117509.6,117681.7,80.10403451
2025-08-17 04:00:00,117681.7,118181.8,117681.7,118083.9,158.32433912
2025-08-17 05:00:00,118084.0,118237.0,118000.0,118001.9,120.77476367
2025-08-17 06:00:00,118002.0,118114.8,117896.0,117925.9,60.4766569
2025-08-17 07:00:00,117925.9,118048.0,117839.2,118014.7,76.83764927
2025-08-17 08:00:00,118014.7,118400.0,117921.0,118361.8,89.33087138
2025-08-17 09:00:00,118361.7,118489.7,118223.6,118338.0,164.09622465
2025-08-17 10:00:00,118336.5,118393.9,118183.9,118393.9,44.65582331
2025-08-17 11:00:00,118393.8,118398.0,118260.6,118307.1,41.58348396
2025-08-17 12:00:00,118307.2,118361.0,118124.5,118156.0,58.68177938
2025-08-17 13:00:00,118156.0,118585.5,118062.0,118439.9,104.47220064
2025-08-17 14:00:00,118440.0,118485.9,118150.0,118158.0,53.49174874
2025-08-17 15:00:00,118158.0,118275.0,118133.3,118243.5,58.47326474
2025-08-17 16:00:00,118243.6,118326.6,117720.0,117831.9,166.62423927
2025-08-17 17:00:00,117831.9,117942.0,117644.7,117903.6,42.60087572
2025-08-17 18:00:00,117903.5,117958.8,117311.3,117557.5,84.5358059
2025-08-17 19:00:00,117557.9,117759.1,117464.1,117589.9,45.54080223
2025-08-17 20:00:00,117590.0,117753.4,117512.0,117602.4,23.01999145
2025-08-17 21:00:00,117602.4,117785.0,117602.3,117713.5,31.17740947
2025-08-17 22:00:00,117713.5,118000.0,117682.0,117958.0,71.34810293
2025-08-17 23:00:00,117958.1,117981.8,117377.5,117409.6,47.86416291
2025-08-18 00:00:00,117409.6,117555.6,117016.0,117300.0,153.40365854
2025-08-18 01:00:00,117300.0,117408.5,116183.2,116285.8,891.33581626
2025-08-18 02:00:00,116285.8,116351.9,115309.4,115457.0,726.10434253
2025-08-18 03:00:00,115453.9,115650.2,115000.1,115322.3,284.5327178
2025-08-18 04:00:00,115320.0,115540.4,115088.1,115477.7,113.04415166
2025-08-18 05:00:00,115477.7,115699.9,115000.0,115699.9,237.95438056
2025-08-18 06:00:00,115700.0,115728.5,114890.1,115259.9,299.85035677
2025-08-18 07:00:00,115259.9,115487.1,115200.0,115224.0,349.68659177
2025-08-18 08:00:00,115223.9,115410.5,115074.1,115140.4,159.62986844
2025-08-18 09:00:00,115140.4,115154.0,114652.5,115052.0,349.52431891
2025-08-18 10:00:00,115052.0,115286.5,115000.0,115068.0,110.83456967
2025-08-18 11:00:00,115064.3,115148.5,114842.8,114957.3,144.48498679
2025-08-18 12:00:00,114957.3,115537.4,114908.1,115537.4,196.40199428
2025-08-18 13:00:00,115537.5,115752.4,114828.0,114855.6,380.79346345
2025-08-18 14:00:00,114856.0,115650.0,114849.8,115644.1,181.66782803
2025-08-18 15:00:00,115644.0,116182.3,115401.8,116152.0,173.83714322
2025-08-18 16:00:00,116151.9,116368.8,115826.9,115965.2,155.83191957
2025-08-18 17:00:00,115964.1,116811.4,115964.0,116422.1,131.676266
2025-08-18 18:00:00,116422.1,116588.0,116232.7,116481.7,53.23502271
2025-08-18 19:00:00,116481.7,116652.7,116195.1,116312.0,84.32414287
2025-08-18 20:00:00,116312.0,116538.0,115980.1,116408.0,66.23967367
2025-08-18 21:00:00,116407.1,116696.8,116407.1,116662.8,73.07514763
2025-08-18 22:00:00,116662.9,117004.0,116392.1,116397.1,196.98405258
2025-08-18 23:00:00,116397.2,116574.2,116094.1,116234.4,130.10675806
2025-08-19 00:00:00,116234.4,116580.9,115521.4,116570.1,224.75984322
2025-08-19 01:00:00,116570.0,116732.0,115722.3,115817.7,178.65249946
2025-08-19 02:00:00,115817.7,116057.0,115650.4,115759.8,144.00104265
2025-08-19 03:00:00,115759.9,115783.1,114800.0,114818.0,394.96670319
2025-08-19 04:00:00,114816.3,115385.3,114375.9,115320.4,323.72836212
2025-08-19 05:00:00,115320.5,115489.1,114936.6,114971.0,255.86994762
2025-08-19 06:00:00,114971.1,115230.0,114910.7,115017.5,165.37760255
2025-08-19 07:00:00,115017.4,115062.0,114616.6,114998.7,192.81395243
2025-08-19 08:00:00,114998.9,115310.0,114800.1,115192.1,145.00969695
2025-08-19 09:00:00,115192.1,115495.0,115180.1,115321.9,150.96829918
2025-08-19 10:00:00,115324.0,115582.8,115311.7,115398.0,99.97821064
2025-08-19 11:00:00,115398.7,115653.2,115398.7,115503.3,63.29336443
2025-08-19 12:00:00,115503.3,115623.4,115269.2,115593.9,95.83091164
2025-08-19 13:00:00,115594.0,115876.8,114882.8,115190.8,248.56184246
2025-08-19 14:00:00,115192.0,115379.9,113768.3,113886.6,768.34132485
2025-08-19 15:00:00,113886.5,114187.2,113577.3,113789.2,466.30948182
2025-08-19 16:00:00,113789.2,113899.8,113336.7,113380.2,270.6319534
2025-08-19 17:00:00,113380.1,113591.0,113113.0,113512.0,424.99011915
2025-08-19 18:00:00,113512.1,113516.7,112826.7,113056.1,218.83764652
2025-08-19 19:00:00,113056.0,113546.4,112757.5,113123.3,209.58703824
2025-08-19 20:00:00,113123.2,113558.4,112920.1,113558.4,85.00794237
2025-08-19 21:00:00,113558.4,113569.0,113394.9,113412.0,110.21603864
2025-08-19 22:00:00,113412.0,113433.4,113039.1,113166.1,111.28546944
2025-08-19 23:00:00,113166.1,113197.9,112710.9,112865.6,222.60926743
2025-08-20 00:00:00,112864.1,113324.0,112828.9,113209.8,202.01990656
2025-08-20 01:00:00,113209.7,113408.9,112568.0,113010.5,194.3529384
2025-08-20 02:00:00,113010.5,113512.0,112953.2,113446.0,228.24153741
2025-08-20 03:00:00,113445.9,113648.0,113317.6,113526.4,111.07644166
2025-08-20 04:00:00,113526.5,113717.7,113474.0,113644.0,66.92283898
2025-08-20 05:00:00,113644.0,113781.0,113476.0,113711.9,256.82487812
2025-08-20 06:00:00,113712.0,113746.0,113485.3,113662.1,290.97867925
2025-08-20 07:00:00,113662.1,113848.4,113430.6,113487.8,156.342712
2025-08-20 08:00:00,113487.9,114069.6,113400.0,114015.5,294.51498616
2025-08-20 09:00:00,114014.0,114014.1,113638.0,113701.2,145.78696684
2025-08-20 10:00:00,113701.3,113868.0,113588.0,113790.0,94.29247141
2025-08-20 11:00:00,113790.0,113864.0,113058.1,113666.5,194.90732661
2025-08-20 12:00:00,113666.6,113948.9,113512.0,113658.3,173.15072555
2025-08-20 13:00:00,113658.4,113658.4,112591.6,112680.1,330.86895673
2025-08-20 14:00:00,112680.0,113859.7,112371.6,113472.0,493.58606825
2025-08-20 15:00:00,113471.9,114324.0,113223.7,113362.1,481.23661241
2025-08-20 16:00:00,113362.1,114357.2,113280.1,113859.8,315.56796968
2025-08-20 17:00:00,113859.8,114465.0,113784.1,114208.1,228.95041864
2025-08-20 18:00:00,114208.1,114290.0,113264.0,113497.8,234.20187231
2025-08-20 19:00:00,113497.9,114346.4,113476.1,114283.9,153.55323034
2025-08-20 20:00:00,114281.6,114382.0,114003.8,114381.6,78.65541588
2025-08-20 21:00:00,114381.7,114482.0,114000.0,114360.1,362.09971716
2025-08-20 22:00:00,114360.1,114620.0,114215.7,114598.3,164.92991431
2025-08-20 23:00:00,114598.2,114625.0,114215.5,114279.6,98.31484278
2025-08-21 00:00:00,114279.7,114494.0,114013.1,114294.1,147.3173495
2025-08-21 01:00:00,114294.1,114740.0,113960.0,114729.8,187.36924192
2025-08-21 02:00:00,114729.8,114824.5,113908.3,114046.0,170.57807283
2025-08-21 03:00:00,114046.1,114533.1,113958.0,113964.9,178.14084218
2025-08-21 04:00:00,113965.0,114051.4,113800.0,113817.7,141.16251775
2025-08-21 05:00:00,113817.8,114018.0,113622.9,113986.0,192.65916081
2025-08-21 06:00:00,113986.1,113986.1,113620.0,113802.1,184.66705316
2025-08-21 07:00:00,113802.0,113940.5,113574.0,113892.4,185.93559776
2025-08-21 08:00:00,113894.0,113993.2,113564.7,113564.8,372.63332849
2025-08-21 09:00:00,113564.8,113621.2,113300.0,113379.2,236.63882757
2025-08-21 10:00:00,113379.3,113480.0,113210.0,113336.1,192.37604799
2025-08-21 11:00:00,113336.2,113540.3,112986.6,113138.3,259.44070669
2025-08-21 12:00:00,113137.5,113433.5,112944.5,113096.6,306.59637785
2025-08-21 13:00:00,113096.6,113730.3,113050.0,113492.9,492.533698
2025-08-21 14:00:00,113492.9,113988.0,112916.6,113279.4,372.08086067
2025-08-21 15:00:00,113279.4,113391.6,112608.0,112792.0,362.48329459
2025-08-21 16:00:00,112792.1,112975.0,112323.1,112381.3,202.7184321
2025-08-21 17:00:00,112381.2,112598.9,112184.0,112417.7,203.55846609
2025-08-21 18:00:00,112417.7,112672.6,112221.9,112602.8,97.18077198
2025-08-21 19:00:00,112600.1,112721.7,112006.0,112197.9,200.95251602
2025-08-21 20:00:00,112194.0,112874.7,112058.1,112450.9,110.41404097
2025-08-21 21:00:00,112450.9,112735.8,112100.0,112626.0,113.57171195
2025-08-21 22:00:00,112626.0,112713.0,112424.2,112506.1,85.12281852
2025-08-21 23:00:00,112506.2,112511.4,112264.0,112511.4,75.71253213
2025-08-22 00:00:00,112511.5,112851.5,112481.2,112636.9,123.6685667
2025-08-22 01:00:00,112636.9,112945.0,112329.8,112839.9,183.42680796
2025-08-22 02:00:00,112839.9,113533.3,112785.2,113145.2,270.81005885
2025-08-22 03:00:00,113145.2,113484.0,112865.5,112938.7,291.91023612
2025-08-22 04:00:00,112938.7,113291.9,112714.5,112846.4,192.22145232
2025-08-22 05:00:00,112846.4,113290.3,112846.4,113247.4,129.21448714
2025-08-22 06:00:00,113247.4,113400.0,112843.4,112995.1,190.91432814
2025-08-22 07:00:00,112994.0,113265.4,112946.4,113097.3,352.50592701
2025-08-22 08:00:00,113097.2,113316.3,112943.0,112974.5,164.13210799
2025-08-22 09:00:00,112974.5,113122.4,112807.8,113044.4,99.5073348
2025-08-22 10:00:00,113044.4,113054.8,112510.0,112530.8,153.22441646
2025-08-22 11:00:00,112530.9,112622.0,112162.2,112312.0,121.85402489
2025-08-22 12:00:00,112312.1,112735.4,111684.0,112333.0,457.2603743
2025-08-22 13:00:00,112333.0,112673.0,111938.9,112486.0,328.79319236
2025-08-22 14:00:00,112485.9,116110.0,112471.1,115808.9,1714.98039871
2025-08-22 15:00:00,115809.0,117302.3,115809.0,116374.4,654.10991515
2025-08-22 16:00:00,116374.4,116797.8,116109.3,116139.0,474.56295023
2025-08-22 17:00:00,116139.0,117011.0,116139.0,117009.2,567.73647443
2025-08-22 18:00:00,117009.2,117420.0,116741.0,116804.7,330.38369167
2025-08-22 19:00:00,116804.6,116925.1,116506.0,116646.0,177.67795428
2025-08-22 20:00:00,116648.0,117136.4,116568.0,117058.9,165.70641479
2025-08-22 21:00:00,117058.5,117181.0,116823.0,117027.9,141.48588366
2025-08-22 22:00:00,117028.0,117050.0,116561.6,116757.6,139.55719319
2025-08-22 23:00:00,116757.5,116949.8,116677.8,116943.7,87.04595125
2025-08-23 00:00:00,116943.8,117031.5,116726.2,116865.5,143.73261233
2025-08-23 01:00:00,116865.5,116878.9,116285.5,116447.3,172.8493792
2025-08-23 02:00:00,116447.3,116545.2,115461.1,115928.5,455.684154
2025-08-23 03:00:00,115929.5,116040.7,115456.5,115568.1,184.98528067
2025-08-23 04:00:00,115568.2,115976.0,115545.6,115932.0,120.01007271
2025-08-23 05:00:00,115932.0,116047.8,115800.0,115952.1,119.36863638
2025-08-23 06:00:00,115952.1,116044.3,115679.1,115779.9,286.62400209
2025-08-23 07:00:00,115776.0,115929.5,115656.1,115804.0,351.92493993
2025-08-23 08:00:00,115803.9,115868.5,115606.7,115744.8,117.52047306
2025-08-23 09:00:00,115744.9,115778.8,115608.8,115759.9,45.99026566
2025-08-23 10:00:00,115760.0,115775.4,115569.0,115569.1,101.5833766
2025-08-23 11:00:00,115569.1,115631.2,115213.4,115307.2,181.37254015
2025-08-23 12:00:00,115308.8,115490.9,115153.0,115217.4,94.89364059
2025-08-23 13:00:00,115217.4,115217.4,114748.0,114865.8,215.59982205
2025-08-23 14:00:00,114865.8,115097.4,114617.0,114621.2,168.59290237
2025-08-23 15:00:00,114621.2,114955.9,114540.4,114819.3,151.6652835
2025-08-23 16:00:00,114819.4,115100.0,114679.0,115017.2,127.949469
2025-08-23 17:00:00,115017.3,115170.0,114945.9,115093.1,86.26361606
2025-08-23 18:00:00,115093.1,115200.0,115042.5,115154.2,26.95884157
2025-08-23 19:00:00,115154.2,115182.5,115038.0,115138.5,47.01278636
2025-08-23 20:00:00,115138.6,115333.0,115105.7,115325.4,40.38479463
2025-08-23 21:00:00,115325.4,115325.5,115000.0,115019.5,85.48383312
2025-08-23 22:00:00,115019.4,115317.0,115019.4,115316.9,33.82949595
2025-08-23 23:00:00,115317.0,115429.7,115243.9,115424.1,40.04270295
2025-08-24 00:00:00,115424.1,115544.2,115308.1,115379.3,99.44062855
2025-08-24 01:00:00,115379.3,115579.2,115178.8,115473.0,84.22038198
2025-08-24 02:00:00,115473.0,115666.6,114999.9,115010.0,109.26454337
2025-08-24 03:00:00,115010.1,115170.0,114944.1,115035.5,93.22327956
2025-08-24 04:00:00,115035.6,115290.0,115035.6,115177.7,43.54203562
2025-08-24 05:00:00,115177.8,115209.1,114930.2,115010.0,213.28998678
2025-08-24 06:00:00,115009.9,115072.2,114841.9,114862.7,116.7890817
2025-08-24 07:00:00,114862.7,115130.8,114854.3,114890.0,199.57237272
2025-08-24 08:00:00,114890.1,114989.3,114751.9,114841.2,90.21250725
2025-08-24 09:00:00,114841.2,115059.8,114674.7,114848.0,108.36492903
2025-08-24 10:00:00,114848.1,114961.9,114600.1,114791.6,114.49872439
2025-08-24 11:00:00,114791.7,114899.6,114628.0,114735.9,52.51433109
2025-08-24 12:00:00,114735.9,114839.7,114600.0,114676.0,73.17278549
2025-08-24 13:00:00,114674.0,114893.7,114559.8,114560.0,462.10611195
2025-08-24 14:00:00,114560.0,114674.4,114350.7,114518.1,182.65126272
2025-08-24 15:00:00,114518.0,114860.0,114406.6,114406.6,344.00468919
2025-08-24 16:00:00,114406.7,114554.0,114242.5,114271.5,164.08574729
2025-08-24 17:00:00,114271.5,114603.0,114233.9,114426.3,201.10059414
2025-08-24 18:00:00,114426.3,114916.0,114305.4,114630.6,224.13207944
2025-08-24 19:00:00,114628.6,114777.0,110481.8,112608.0,2526.22896992
2025-08-24 20:00:00,112607.9,112999.9,111657.0,112781.1,532.96772249
2025-08-24 21:00:00,112782.6,113410.0,112385.0,112991.9,216.27828072
2025-08-24 22:00:00,112992.0,113499.2,112614.1,113446.0,206.85796756
2025-08-24 23:00:00,113446.0,113701.2,113350.8,113490.0,129.04672342
2025-08-25 00:00:00,113491.9,113527.4,112150.0,112646.7,497.34386109
2025-08-25 01:00:00,112646.7,113141.3,112601.8,113073.3,264.74583359
2025-08-25 02:00:00,113073.3,113630.1,113069.6,113414.3,249.13613357
2025-08-25 03:00:00,113412.9,113662.8,112880.8,112901.7,191.58997387
2025-08-25 04:00:00,112901.7,113055.3,112605.9,112766.8,139.12680292
2025-08-25 05:00:00,112766.8,112860.0,112320.7,112326.1,188.16075778
2025-08-25 06:00:00,112326.0,112460.6,111750.1,111928.3,227.44087875
2025-08-25 07:00:00,111929.6,112157.6,111284.5,111510.3,460.40364897
2025-08-25 08:00:00,111510.3,111828.0,110974.8,111422.5,352.33986005
2025-08-25 09:00:00,111422.5,111857.3,111272.0,111804.1,278.59227249
2025-08-25 10:00:00,111804.0,111816.0,110912.9,110993.6,763.01415474
2025-08-25 11:00:00,110993.6,111292.5,110927.0,111216.0,358.98979835
2025-08-25 12:00:00,111216.0,111688.0,111072.0,111590.7,214.23666811
2025-08-25 13:00:00,111588.1,111771.8,110589.0,111498.7,487.58396553
2025-08-25 14:00:00,111499.6,112333.3,111324.1,112262.6,415.62750144
2025-08-25 15:00:00,112264.1,112580.1,111840.0,112204.0,365.89044355
2025-08-25 16:00:00,112204.0,112943.9,112030.4,112508.0,173.33585964
2025-08-25 17:00:00,112508.1,112802.5,112168.0,112431.9,140.82051882
2025-08-25 18:00:00,112432.0,112626.4,112245.1,112400.0,192.11708881
2025-08-25 19:00:00,112400.0,112428.0,110658.0,110704.0,372.12948829
2025-08-25 20:00:00,110704.3,111094.0,109383.2,109572.5,1123.16451274
2025-08-25 21:00:00,109572.5,110290.4,109284.7,109896.0,422.59681433
2025-08-25 22:00:00,109896.0,110600.0,109896.0,110152.0,206.4845335
2025-08-25 23:00:00,110151.9,110274.0,109788.0,110119.0,154.89888395
2025-08-26 00:00:00,110119.0,110122.0,108900.1,109100.1,623.10582573
2025-08-26 01:00:00,109101.7,109939.0,108680.6,109906.1,536.34713846
2025-08-26 02:00:00,109906.1,110027.0,109500.6,109724.1,930.27103382
2025-08-26 03:00:00,109724.1,109938.0,109436.9,109884.0,139.82718526
2025-08-26 04:00:00,109884.0,110268.1,109884.0,110096.0,743.86969774
2025-08-26 05:00:00,110096.1,110376.0,110088.0,110200.0,167.91061207
2025-08-26 06:00:00,110200.1,110345.6,109900.0,109991.9,118.24419849
2025-08-26 07:00:00,109991.9,110554.9,109770.0,110300.1,288.70560756
2025-08-26 08:00:00,110300.0,110459.4,110000.0,110094.1,239.28716979
2025-08-26 09:00:00,110094.1,110410.0,110025.9,110152.0,191.04391712
2025-08-26 10:00:00,110152.0,110413.0,110057.0,110216.0,175.1138244
2025-08-26 11:00:00,110216.0,110228.0,109563.0,109880.0,156.81137665
2025-08-26 12:00:00,109880.0,110824.8,109611.8,110220.1,327.21780462
2025-08-26 13:00:00,110220.1,110269.7,109390.3,110082.4,290.31241636
2025-08-26 14:00:00,110083.9,110556.3,109804.0,110360.0,268.24932053
2025-08-26 15:00:00,110359.9,110564.0,109550.0,109672.0,233.52853824
2025-08-26 16:00:00,109672.1,110152.8,109446.0,110152.7,192.00008716
2025-08-26 17:00:00,110152.8,110212.0,109564.3,109994.9,140.82849565
2025-08-26 18:00:00,109995.0,110978.5,109974.0,110696.1,144.81144778
2025-08-26 19:00:00,110700.2,111159.4,110496.2,111112.0,186.50550438
2025-08-26 20:00:00,111112.0,111375.8,110908.8,111321.2,107.73867176
2025-08-26 21:00:00,111321.2,111588.0,111114.0,111587.9,102.54695776
2025-08-26 22:00:00,111587.9,111965.7,111552.1,111905.6,134.71710045
2025-08-26 23:00:00,111905.6,112373.0,111732.0,111771.8,167.81006722
2025-08-27 00:00:00,111771.9,111833.6,111339.8,111356.7,179.1728021
2025-08-27 01:00:00,111356.8,111468.0,111088.2,111303.9,82.55713655
2025-08-27 02:00:00,111304.0,111483.9,111112.1,111148.1,120.56916634
2025-08-27 03:00:00,111148.1,111731.9,110920.0,111428.1,90.7270273
2025-08-27 04:00:00,111428.1,111752.9,111416.0,111582.0,146.48348316
2025-08-27 05:00:00,111582.1,111678.8,111333.3,111361.2,162.28639035
2025-08-27 06:00:00,111360.1,111369.6,111024.0,111037.0,83.13184631
2025-08-27 07:00:00,111038.0,111124.0,110638.7,110736.0,234.32872617
2025-08-27 08:00:00,110736.0,110840.0,110355.8,110751.0,123.6492495
2025-08-27 09:00:00,110750.9,111131.2,110719.2,110810.0,108.79182417
2025-08-27 10:00:00,110810.1,111266.4,110810.1,110973.5,150.13015931
2025-08-27 11:00:00,110973.6,111374.4,110973.6,111316.9,90.53322294
2025-08-27 12:00:00,111316.9,111397.9,111021.7,111343.3,102.39529841
2025-08-27 13:00:00,111343.3,111911.2,111012.2,111488.0,258.25093455
2025-08-27 14:00:00,111489.6,112625.3,111283.2,111805.1,450.01439877
2025-08-27 15:00:00,111805.2,112094.5,111500.0,112008.2,224.21762874
2025-08-27 16:00:00,112008.3,112250.0,111548.0,112116.4,146.51536857
2025-08-27 17:00:00,112116.5,112450.0,111900.8,112348.1,99.74588387
2025-08-27 18:00:00,112348.0,112600.0,111926.0,111943.6,91.76565509
2025-08-27 19:00:00,111943.6,112214.0,111566.7,112088.0,204.41237612
2025-08-27 20:00:00,112086.1,112415.4,110920.0,112415.3,567.34657824
2025-08-27 21:00:00,112415.4,112455.0,111366.1,111527.5,136.49585008
2025-08-27 22:00:00,111528.0,111599.5,111045.0,111417.0,96.68159784
2025-08-27 23:00:00,111417.0,111540.0,111097.9,111254.1,63.88509697
2025-08-28 00:00:00,111254.1,111537.0,110869.6,111342.0,126.93550314
2025-08-28 01:00:00,111342.0,111717.0,111339.1,111650.1,75.19369828
2025-08-28 02:00:00,111650.1,111764.3,111434.4,111495.7,83.97875467
2025-08-28 03:00:00,111495.8,112059.9,111408.0,112007.9,129.42439804
2025-08-28 04:00:00,112007.9,113090.6,111951.0,112984.0,360.67342725
2025-08-28 05:00:00,112984.0,113190.1,112699.9,112860.1,216.38397253
2025-08-28 06:00:00,112860.1,113300.0,112725.0,113223.6,243.3281536
2025-08-28 07:00:00,113223.6,113368.8,113008.8,113126.5,320.98127291
2025-08-28 08:00:00,113126.4,113358.9,113005.0,113128.1,495.05840553
2025-08-28 09:00:00,113128.0,113144.0,112849.9,112867.9,109.96754129
2025-08-28 10:00:00,112868.0,113138.2,112826.4,113138.2,336.55839397
2025-08-28 11:00:00,113138.2,113163.4,112856.7,112924.8,166.31986124
2025-08-28 12:00:00,112924.7,113351.9,112788.1,113254.6,286.19233097
2025-08-28 13:00:00,113254.6,113484.9,112586.5,112833.5,324.75178974
2025-08-28 14:00:00,112833.5,113301.6,112507.1,113150.4,308.24058012
2025-08-28 15:00:00,113150.5,113251.2,112374.1,112675.1,213.42569881
2025-08-28 16:00:00,112675.2,113182.7,112332.0,112332.0,247.39474328
2025-08-28 17:00:00,112332.0,112629.6,112219.2,112392.0,141.87888674
2025-08-28 18:00:00,112392.0,112711.2,112233.6,112382.4,68.81134733
2025-08-28 19:00:00,112382.4,112579.2,111890.7,111896.3,590.0900867
2025-08-28 20:00:00,111896.4,112120.0,111858.2,111906.0,84.66747658
2025-08-28 21:00:00,111904.1,112135.9,111894.0,112022.1,64.45599812
2025-08-28 22:00:00,112022.1,112505.9,112020.4,112357.9,78.41375701
2025-08-28 23:00:00,112354.3,112578.0,112299.0,112564.0,45.8708041
2025-08-29 00:00:00,112564.1,112642.0,112134.0,112202.0,88.85437075
2025-08-29 01:00:00,112202.0,112270.0,111423.9,111480.1,168.36966888
2025-08-29 02:00:00,111480.1,111780.0,111366.1,111420.2,105.86733535
2025-08-29 03:00:00,111420.1,111824.0,111303.4,111714.0,84.92187137
2025-08-29 04:00:00,111714.1,111883.1,111410.9,111499.1,566.17533268
2025-08-29 05:00:00,111499.2,111580.7,111134.5,111312.1,313.96303715
2025-08-29 06:00:00,111312.1,111404.0,110964.0,111279.6,307.58214218
2025-08-29 07:00:00,111279.7,111283.3,109900.8,110016.1,849.00303945
2025-08-29 08:00:00,110016.1,110273.5,109602.0,109611.9,475.08925156
2025-08-29 09:00:00,109611.9,109935.7,109400.0,109764.7,395.36277314
2025-08-29 10:00:00,109764.8,110033.1,109742.8,110002.3,107.87646227
2025-08-29 11:00:00,110002.2,110159.9,109829.6,110093.2,119.61029066
2025-08-29 12:00:00,110093.2,111510.5,110064.0,110713.9,623.01852391
2025-08-29 13:00:00,110714.0,110776.0,108904.0,109104.4,670.48805316
2025-08-29 14:00:00,109104.4,109529.3,108092.1,108200.9,755.55700846
2025-08-29 15:00:00,108200.9,108720.7,108175.1,108390.1,326.25374429
2025-08-29 16:00:00,108390.0,108843.0,108136.3,108704.6,227.46860892
2025-08-29 17:00:00,108704.0,108727.6,108165.0,108468.4,241.30931409
2025-08-29 18:00:00,108468.1,108518.0,108081.6,108144.0,113.54235788
2025-08-29 19:00:00,108142.5,108741.4,107929.9,108215.9,256.62887986
2025-08-29 20:00:00,108212.9,108276.7,107522.8,107790.8,291.32543978
2025-08-29 21:00:00,107791.2,108477.3,107474.9,108440.1,131.37541922
2025-08-29 22:00:00,108440.1,108486.0,108206.0,108387.4,51.58826332
2025-08-29 23:00:00,108387.4,108556.3,108330.0,108385.7,52.60576744
2025-08-30 00:00:00,108385.8,108426.5,108143.7,108295.7,125.55605147
2025-08-30 01:00:00,108295.8,108361.5,107343.7,107449.2,188.87738698
2025-08-30 02:00:00,107449.3,107953.6,107372.1,107784.1,202.3694894
2025-08-30 03:00:00,107784.1,108448.1,107774.0,108438.0,755.91991193
2025-08-30 04:00:00,108438.0,108691.2,108376.0,108427.0,647.82499883
2025-08-30 05:00:00,108427.1,108472.0,108131.9,108348.0,233.70872627
2025-08-30 06:00:00,108348.1,108564.4,108207.6,108336.0,221.66284548
2025-08-30 07:00:00,108336.0,108539.6,108114.2,108539.6,749.95376913
2025-08-30 08:00:00,108539.9,108783.9,108495.1,108580.5,221.82344777
2025-08-30 09:00:00,108580.5,108618.0,108467.1,108525.6,49.09729211
2025-08-30 10:00:00,108525.6,108714.9,108408.2,108436.7,92.53872084
2025-08-30 11:00:00,108436.8,108747.1,108424.0,108714.0,298.30254092
2025-08-30 12:00:00,108714.1,108714.1,108340.8,108618.1,471.74096702
2025-08-30 13:00:00,108618.1,108618.1,108200.0,108537.5,155.02992177
2025-08-30 14:00:00,108537.6,108726.8,108407.3,108657.9,97.44246256
2025-08-30 15:00:00,108658.0,108922.9,108542.0,108871.7,85.45323491
2025-08-30 16:00:00,108868.9,108883.0,108672.0,108818.8,73.30653967
2025-08-30 17:00:00,108818.9,108906.5,108618.7,108784.0,80.24201256
2025-08-30 18:00:00,108783.9,108840.0,108604.9,108738.1,40.99314674
2025-08-30 19:00:00,108738.2,108899.0,108644.0,108835.9,25.54832158
2025-08-30 20:00:00,108836.0,108841.4,108570.5,108652.0,27.8713802
2025-08-30 21:00:00,108651.9,108692.0,108504.2,108588.0,73.50638993
2025-08-30 22:00:00,108588.1,108598.9,108474.1,108533.0,28.48652396
2025-08-30 23:00:00,108533.0,108815.1,108531.9,108815.0,40.40812768
2025-08-31 00:00:00,108815.1,109408.3,108798.0,109398.0,147.07106413
2025-08-31 01:00:00,109398.0,109486.0,109138.0,109431.3,102.79619708
2025-08-31 02:00:00,109431.3,109448.6,109176.0,109228.1,84.5141742
2025-08-31 03:00:00,109228.1,109382.9,109151.2,109226.0,71.22036161
2025-08-31 04:00:00,109226.0,109240.0,108675.1,108815.6,86.99970662
2025-08-31 05:00:00,108815.7,108815.7,108567.0,108760.2,82.60167406
2025-08-31 06:00:00,108760.2,108778.9,108520.0,108714.1,59.71761183
2025-08-31 07:00:00,108714.0,108830.0,108652.9,108709.8,70.58041975
2025-08-31 08:00:00,108709.7,109026.0,108706.1,109013.9,46.65087036
2025-08-31 09:00:00,109014.0,109100.3,108450.0,108516.0,116.41606804
2025-08-31 10:00:00,108516.0,108627.6,108308.2,108564.0,116.5769549
2025-08-31 11:00:00,108565.0,108600.0,108316.7,108384.6,62.91740064
2025-08-31 12:00:00,108384.6,108485.8,108316.0,108328.1,78.13337432
2025-08-31 13:00:00,108328.1,108448.4,108193.5,108417.6,110.86217709
2025-08-31 14:00:00,108417.6,108521.4,108253.2,108455.3,116.47951613
2025-08-31 15:00:00,108455.4,108844.6,108455.3,108801.7,143.70965939
2025-08-31 16:00:00,108801.7,108978.2,108549.7,108921.6,151.55360645
2025-08-31 17:00:00,108921.7,108998.3,108852.0,108993.6,53.10664206
2025-08-31 18:00:00,108993.7,109235.9,108924.0,109147.2,73.87985002
2025-08-31 19:00:00,109147.2,109166.4,108909.6,108931.1,52.71462802
2025-08-31 20:00:00,108931.0,109120.8,108871.2,109120.7,76.71884301
2025-08-31 21:00:00,109120.8,109120.8,108949.4,109037.1,57.26988453
2025-08-31 22:00:00,109039.2,109231.2,108751.3,108887.9,57.80500544
2025-08-31 23:00:00,108888.0,108911.9,108064.9,108248.3,284.93659233
2025-09-01 00:00:00,108248.0,108407.9,107630.5,108220.0,272.52239214
2025-09-01 01:00:00,108220.1,108480.0,107970.0,108150.1,87.36989106
2025-09-01 02:00:00,108150.1,108200.0,107425.8,107625.2,210.36858543
2025-09-01 03:00:00,107625.2,107770.8,107400.0,107652.6,134.34852308
2025-09-01 04:00:00,107652.0,107763.9,107278.7,107412.7,128.56534034
2025-09-01 05:00:00,107414.2,107990.4,107250.0,107858.4,105.11863944
2025-09-01 06:00:00,107858.6,108132.5,107600.0,108070.2,130.90742648
2025-09-01 07:00:00,108070.1,109435.2,107983.2,109435.1,479.19125304
2025-09-01 08:00:00,109435.1,109821.0,109420.9,109593.4,262.37377014
2025-09-01 09:00:00,109593.4,109911.0,109482.0,109523.1,207.50840228
2025-09-01 10:00:00,109523.2,109545.2,108187.4,108577.7,320.91143319
2025-09-01 11:00:00,108576.4,108859.2,108460.8,108779.6,121.11019377
2025-09-01 12:00:00,108777.5,109173.4,108643.2,109108.7,128.00488816
2025-09-01 13:00:00,109108.8,109522.0,108914.5,109024.0,287.44940557
2025-09-01 14:00:00,109022.6,109362.9,108818.5,109147.9,143.9180294
2025-09-01 15:00:00,109147.9,109371.1,108567.0,108787.1,183.8911547
2025-09-01 16:00:00,108787.1,109099.2,108652.8,108775.2,114.77325444
2025-09-01 17:00:00,108775.2,108955.2,108386.4,108928.8,185.41363762
2025-09-01 18:00:00,108928.8,109268.2,108921.7,109233.6,85.99929113
2025-09-01 19:00:00,109233.7,109326.9,109165.9,109220.0,56.85158561
2025-09-01 20:00:00,109220.0,109220.0,108281.8,108872.7,200.29596146
2025-09-01 21:00:00,108872.7,108936.0,107458.0,107790.5,226.01523332
2025-09-01 22:00:00,107790.4,108499.2,107589.4,108441.6,126.86878469
2025-09-01 23:00:00,108441.6,109454.0,108427.2,109235.9,141.93539998
2025-09-02 00:00:00,109236.0,109329.6,108888.9,109021.6,125.90308084
2025-09-02 01:00:00,109021.7,109617.5,108991.2,109305.5,169.70849316
2025-09-02 02:00:00,109305.6,110276.0,109173.4,110252.9,220.46063806
2025-09-02 03:00:00,110252.8,110622.6,110062.0,110331.4,269.54078113
2025-09-02 04:00:00,110331.4,110426.7,110152.1,110312.1,84.69981199
2025-09-02 05:00:00,110312.1,110343.7,110042.2,110208.0,136.04895644
2025-09-02 06:00:00,110208.1,110618.7,110170.0,110383.3,439.08882292
2025-09-02 07:00:00,110383.3,110408.0,110000.0,110235.9,218.22809029
2025-09-02 08:00:00,110236.0,110699.9,110052.0,110350.7,605.05408434
2025-09-02 09:00:00,110352.0,110691.2,110256.0,110447.8,126.66462195
2025-09-02 10:00:00,110447.9,110482.0,110124.1,110251.1,79.69424921
2025-09-02 11:00:00,110251.1,110252.0,109569.8,109748.0,200.39150713
2025-09-02 12:00:00,109748.0,109865.0,108386.5,108799.9,1055.11399806
2025-09-02 13:00:00,108798.4,111290.3,108732.1,111156.1,854.23003076
2025-09-02 14:00:00,111156.0,111773.1,110799.4,111352.0,521.84215731
2025-09-02 15:00:00,111352.0,111536.5,110632.6,110837.9,317.88125043
2025-09-02 16:00:00,110837.9,111124.0,110460.0,110779.7,419.86982584
2025-09-02 17:00:00,110780.0,111052.0,110612.4,110911.8,174.20742713
2025-09-02 18:00:00,110911.6,110940.0,110178.0,110636.8,278.28276984
2025-09-02 19:00:00,110636.1,110839.0,110448.1,110808.1,146.99408558
2025-09-02 20:00:00,110808.1,111421.0,110720.1,111412.0,96.22648006
2025-09-02 21:00:00,111411.5,111537.8,111131.0,111131.1,76.47912279
2025-09-02 22:00:00,111131.1,111263.9,110874.1,111263.9,89.76129744
2025-09-02 23:00:00,111264.0,111272.0,111014.0,111233.7,44.14962248
2025-09-03 00:00:00,111234.0,111780.0,111234.0,111329.9,190.67136615
2025-09-03 01:00:00,111330.0,111400.0,110900.0,111180.1,116.90605428
2025-09-03 02:00:00,111180.0,111480.0,111020.0,111370.0,207.26550292
2025-09-03 03:00:00,111370.1,111402.0,110886.0,111042.2,147.2134626
2025-09-03 04:00:00,111042.2,111149.9,110800.0,111015.5,137.59107175
2025-09-03 05:00:00,111015.6,111068.0,110669.0,110694.0,125.48595961
2025-09-03 06:00:00,110694.0,110876.0,110558.0,110717.0,193.3639359
2025-09-03 07:00:00,110717.0,111122.0,110530.0,111094.8,585.63021744
2025-09-03 08:00:00,111094.8,111277.2,110960.1,111015.9,205.22985061
2025-09-03 09:00:00,111016.0,111323.6,110882.0,111310.1,107.08921729
2025-09-03 10:00:00,111310.1,111484.0,111160.0,111444.2,115.09682544
2025-09-03 11:00:00,111444.9,111710.9,111386.0,111440.0,78.67970247
2025-09-03 12:00:00,111440.1,111859.9,111032.0,111108.1,110.56183038
2025-09-03 13:00:00,111108.0,111912.1,111068.1,111472.1,236.06210201
2025-09-03 14:00:00,111472.1,112519.2,111122.2,112265.2,330.55770592
2025-09-03 15:00:00,112265.2,112376.2,111904.2,112215.5,274.44377733
2025-09-03 16:00:00,112215.5,112337.5,111681.7,111860.3,153.59381659
2025-09-03 17:00:00,111860.4,112571.3,111854.6,112308.1,108.18587029
2025-09-03 18:00:00,112310.0,112527.7,111795.1,111996.0,103.81994561
2025-09-03 19:00:00,111995.9,112258.9,111777.3,112196.0,82.10169485
2025-09-03 20:00:00,112197.0,112257.0,112050.0,112209.0,74.06366007
2025-09-03 21:00:00,112209.0,112252.8,111756.0,111980.1,51.68112251
2025-09-03 22:00:00,111980.0,112162.3,111838.0,111949.9,36.97560436
2025-09-03 23:00:00,111950.0,111984.0,111620.3,111700.0,64.4101348
2025-09-04 00:00:00,111700.0,112180.0,111615.6,112070.0,88.89112036
2025-09-04 01:00:00,112070.1,112074.0,111642.9,111955.5,65.35062128
2025-09-04 02:00:00,111955.6,111984.0,111402.5,111453.5,105.44809093
2025-09-04 03:00:00,111453.6,111722.0,111130.4,111156.0,129.71269612
2025-09-04 04:00:00,111157.7,111323.1,110920.1,110930.1,104.86009923
2025-09-04 05:00:00,110930.1,110933.5,110590.0,110658.9,162.90408833
2025-09-04 06:00:00,110659.0,110737.2,110292.1,110396.1,87.42150589
2025-09-04 07:00:00,110396.1,110646.0,110366.0,110468.1,130.39722916
2025-09-04 08:00:00,110468.0,110859.3,110428.0,110647.0,158.65110839
2025-09-04 09:00:00,110647.0,110857.5,110647.0,110813.9,97.87007033
2025-09-04 10:00:00,110814.0,111142.8,110628.1,110628.1,103.40947356
2025-09-04 11:00:00,110628.1,111058.2,110546.0,110809.9,102.69384643
2025-09-04 12:00:00,110810.0,111124.9,110532.1,110933.5,147.21983495
2025-09-04 13:00:00,110933.5,110970.0,110214.1,110457.4,184.55871103
2025-09-04 14:00:00,110456.0,110517.9,109689.1,109832.6,524.34085952
2025-09-04 15:00:00,109832.7,109864.0,109312.3,109496.1,384.89861678
2025-09-04 16:00:00,109495.8,109684.0,109344.5,109425.7,254.33283093
2025-09-04 17:00:00,109425.8,109906.8,109411.3,109775.9,97.33156559
2025-09-04 18:00:00,109775.9,110194.0,109687.8,109967.9,114.44133165
2025-09-04 19:00:00,109968.0,110104.0,109712.5,109794.6,68.75577807
2025-09-04 20:00:00,109794.6,110410.0,109741.6,110400.0,77.48537065
2025-09-04 21:00:00,110400.0,110547.8,110316.1,110486.0,75.3441073
2025-09-04 22:00:00,110486.1,111588.0,110470.0,111486.5,236.35308114
2025-09-04 23:00:00,111487.9,111763.5,110585.6,110721.1,159.66330876
2025-09-05 00:00:00,110720.1,110930.0,110435.6,110456.1,85.09149853
2025-09-05 01:00:00,110456.1,111142.7,110454.1,111127.9,97.95003224
2025-09-05 02:00:00,111128.0,111490.7,111040.5,111340.7,148.22977119
2025-09-05 03:00:00,111340.8,111340.8,111091.4,111315.9,65.96419419
2025-09-05 04:00:00,111316.0,111477.1,111144.4,111440.0,86.77458509
2025-09-05 05:00:00,111440.0,111737.0,111404.2,111596.1,283.99924152
2025-09-05 06:00:00,111596.1,111910.4,111508.3,111905.0,119.5895747
2025-09-05 07:00:00,111904.0,113015.6,111880.7,112956.0,743.48118688
2025-09-05 08:00:00,112956.0,112995.9,112604.0,112622.1,162.57975186
2025-09-05 09:00:00,112622.1,112624.0,112132.0,112302.0,262.00945822
2025-09-05 10:00:00,112302.0,112588.2,112194.4,112244.8,155.72497899
2025-09-05 11:00:00,112244.9,112432.0,112134.0,112364.1,286.89728981
2025-09-05 12:00:00,112364.1,113400.0,112040.1,113220.1,1145.94190363
2025-09-05 13:00:00,113220.0,113300.0,112702.0,113069.6,362.34467422
2025-09-05 14:00:00,113069.5,113069.5,110465.0,110564.1,972.46739685
2025-09-05 15:00:00,110564.0,111021.6,110280.9,110712.3,233.0066068
2025-09-05 16:00:00,110712.4,110927.7,110530.9,110818.8,65.29095219
2025-09-05 17:00:00,110818.9,110818.9,110215.8,110606.4,83.68334486
2025-09-05 18:00:00,110606.5,111291.3,110570.8,111199.9,96.59560702
2025-09-05 19:00:00,111200.0,111615.4,111123.0,111609.5,184.74538404
2025-09-05 20:00:00,111609.5,111653.3,111271.9,111639.1,124.59205574
2025-09-05 21:00:00,111639.6,111700.0,110362.0,110602.1,330.1884115
2025-09-05 22:00:00,110602.1,110928.4,110510.2,110806.1,49.50810678
2025-09-05 23:00:00,110806.1,110872.3,110596.0,110673.3,71.61839464
2025-09-06 00:00:00,110673.4,110845.2,110561.2,110794.1,71.35701962
2025-09-06 01:00:00,110794.1,110936.0,110752.0,110879.7,71.60247291
2025-09-06 02:00:00,110879.8,111229.3,110728.6,111229.3,96.78565768
2025-09-06 03:00:00,111229.2,111356.1,110989.6,111085.9,812.15766554
2025-09-06 04:00:00,111086.0,111086.0,110765.9,110872.3,73.25347712
2025-09-06 05:00:00,110872.4,110877.4,110700.0,110722.0,75.56779255
2025-09-06 06:00:00,110721.9,110829.3,110710.1,110761.6,46.13828038
2025-09-06 07:00:00,110761.6,110849.4,110749.9,110841.1,69.79289829
2025-09-06 08:00:00,110841.0,110974.3,110780.5,110945.5,23.8017522
2025-09-06 09:00:00,110945.2,110945.2,110693.4,110704.1,45.92475877
2025-09-06 10:00:00,110704.1,110816.2,110679.0,110788.7,26.95809477
2025-09-06 11:00:00,110788.7,110891.0,110675.5,110790.7,78.18787483
2025-09-06 12:00:00,110790.8,110908.0,110756.0,110837.8,39.40704347
2025-09-06 13:00:00,110837.8,110950.0,110822.7,110934.3,44.20163977
2025-09-06 14:00:00,110934.3,111004.4,110781.0,110818.8,46.0576306
2025-09-06 15:00:00,110818.9,110851.7,110345.8,110384.1,177.64635641
2025-09-06 16:00:00,110384.1,110412.4,109967.1,110275.0,1046.08184379
2025-09-06 17:00:00,110275.1,110290.6,109982.1,110154.2,129.09183825
2025-09-06 18:00:00,110154.2,110295.0,110055.1,110234.1,85.07972108
2025-09-06 19:00:00,110234.1,110269.2,110002.4,110049.9,31.06516008
2025-09-06 20:00:00,110049.9,110179.1,110038.1,110179.0,18.87111165
2025-09-06 21:00:00,110179.1,110231.4,110093.5,110214.0,30.77529467
2025-09-06 22:00:00,110214.1,110254.8,110080.8,110180.9,31.70064538
2025-09-06 23:00:00,110181.0,110293.3,110111.9,110192.1,34.22260768
2025-09-07 00:00:00,110192.1,110380.0,110181.0,110362.0,40.14127236
2025-09-07 01:00:00,110362.1,110599.3,110332.0,110561.2,47.24513582
2025-09-07 02:00:00,110561.3,110704.0,110440.7,110664.1,54.35939868
2025-09-07 03:00:00,110664.1,110741.1,110594.0,110637.8,33.44395595
2025-09-07 04:00:00,110637.8,110640.8,110492.0,110569.1,22.34849499
2025-09-07 05:00:00,110569.2,110729.1,110556.8,110651.9,560.12599046
2025-09-07 06:00:00,110652.0,110663.2,110473.6,110514.0,139.38640217
2025-09-07 07:00:00,110513.9,110956.3,110473.5,110770.3,619.05622988
2025-09-07 08:00:00,110770.2,111379.9,110722.0,111066.2,885.14793875
2025-09-07 09:00:00,111066.2,111245.2,110868.0,111125.8,404.95226425
2025-09-07 10:00:00,111125.8,111244.3,111038.0,111219.9,85.30565336
2025-09-07 11:00:00,111219.9,111300.0,111182.2,111299.9,44.24049459
2025-09-07 12:00:00,111300.0,111300.0,111071.2,111125.1,47.0390896
2025-09-07 13:00:00,111125.2,111248.0,111045.8,111218.0,53.84604103
2025-09-07 14:00:00,111219.1,111415.1,111058.2,111145.6,108.01031362
2025-09-07 15:00:00,111145.7,111387.6,111117.1,111336.4,49.67523296
2025-09-07 16:00:00,111336.4,111372.9,111158.0,111200.0,22.65401162
2025-09-07 17:00:00,111200.1,111243.0,110884.7,110968.0,68.41838265
2025-09-07 18:00:00,110968.0,111070.0,110866.9,111052.0,22.06095194
2025-09-07 19:00:00,111052.1,111305.5,111040.6,111257.9,34.14800575
2025-09-07 20:00:00,111257.9,111368.0,111143.5,111326.9,35.66819172
2025-09-07 21:00:00,111326.9,111328.0,111044.4,111044.4,32.50992404
2025-09-07 22:00:00,111044.4,111350.0,111002.0,111249.9,41.48057111
2025-09-07 23:00:00,111250.0,111610.2,111061.0,111137.6,92.86968893
2025-09-08 00:00:00,111137.6,111290.4,110723.7,110831.6,103.40083453
2025-09-08 01:00:00,110831.5,110999.8,110729.5,110898.3,109.36419406
2025-09-08 02:00:00,110898.3,111370.0,110608.8,111243.0,204.30634216
2025-09-08 03:00:00,111243.1,111350.0,111003.0,111048.0,573.57081946
2025-09-08 04:00:00,111048.0,111222.0,110923.5,110986.0,140.1719212
2025-09-08 05:00:00,110986.0,111068.1,110904.7,111032.0,69.00937706
2025-09-08 06:00:00,111032.0,111200.0,110909.4,111121.1,51.89696402
2025-09-08 07:00:00,111121.2,111602.0,111115.5,111267.9,231.68014796
2025-09-08 08:00:00,111268.0,111900.0,111241.8,111678.0,146.57830305
2025-09-08 09:00:00,111678.1,112090.0,111583.3,112088.0,318.57686119
2025-09-08 10:00:00,112090.0,112231.8,111898.4,112046.9,147.7795403
2025-09-08 11:00:00,112047.0,112120.9,111762.0,112056.0,141.86339868
2025-09-08 12:00:00,112056.1,112165.8,111927.8,112036.0,82.00052573
2025-09-08 13:00:00,112036.0,112368.4,111869.2,111910.3,283.68507285
2025-09-08 14:00:00,111910.3,112784.7,111880.1,112647.1,290.4067839
2025-09-08 15:00:00,112647.1,112920.4,112529.8,112638.2,173.54149433
2025-09-08 16:00:00,112638.5,112678.0,112307.5,112397.1,141.38818979
2025-09-08 17:00:00,112397.2,112545.1,112080.9,112216.4,167.31569653
2025-09-08 18:00:00,112216.4,112523.0,112185.8,112476.1,76.7372863
2025-09-08 19:00:00,112476.1,112480.4,111981.7,112110.7,91.90666717
2025-09-08 20:00:00,112110.7,112154.1,111900.0,111971.0,74.48241125
2025-09-08 21:00:00,111971.1,112340.0,111934.0,112333.6,49.45737042
2025-09-08 22:00:00,112333.9,112510.0,112213.0,112240.9,69.56909602
2025-09-08 23:00:00,112240.9,112302.9,111983.6,112063.4,49.71827425
2025-09-09 00:00:00,112063.5,112106.0,111461.6,111653.0,157.70170826
2025-09-09 01:00:00,111653.1,111754.2,111270.1,111370.1,115.27886894
2025-09-09 02:00:00,111370.2,111444.4,111117.9,111332.1,135.5066556
2025-09-09 03:00:00,111332.1,111742.0,111228.5,111702.7,167.89066922
2025-09-09 04:00:00,111702.8,112112.5,111622.9,112016.3,242.49276008
2025-09-09 05:00:00,112016.3,112239.6,111850.0,112191.2,121.74145852
2025-09-09 06:00:00,112191.2,113153.9,112148.6,113027.9,401.8205087
2025-09-09 07:00:00,113028.0,113277.5,112741.4,112981.7,1161.82213757
2025-09-09 08:00:00,112981.7,113170.0,112885.7,112993.5,140.78988166
2025-09-09 09:00:00,112993.6,113058.2,112900.0,112961.4,71.89548222
2025-09-09 10:00:00,112961.5,113034.5,112629.2,112728.1,98.77105883
2025-09-09 11:00:00,112728.1,112798.9,112411.4,112433.0,156.61154593
2025-09-09 12:00:00,112433.1,112826.8,112399.8,112670.8,123.37328665
2025-09-09 13:00:00,112669.9,112961.3,112477.4,112758.5,322.96438631
2025-09-09 14:00:00,112758.6,112960.0,111512.4,111763.5,771.83680472
2025-09-09 15:00:00,111763.4,111850.3,110762.0,110869.9,952.87119606
2025-09-09 16:00:00,110869.9,111145.5,110772.1,110958.1,229.31456327
2025-09-09 17:00:00,110958.1,111187.4,110876.4,111027.9,152.52496146
2025-09-09 18:00:00,111028.0,111311.1,110923.8,111142.4,95.6570088
2025-09-09 19:00:00,111142.5,111396.2,111120.3,111302.3,53.32181107
2025-09-09 20:00:00,111302.4,111534.0,111092.4,111530.0,85.31756686
2025-09-09 21:00:00,111530.0,111730.0,111260.4,111301.2,103.50959024
2025-09-09 22:00:00,111301.2,111634.0,111256.8,111558.1,60.51341152
2025-09-09 23:00:00,111559.1,111578.0,111358.1,111541.9,46.49690235
2025-09-10 00:00:00,111542.0,111563.5,110938.1,111012.0,141.28140303
2025-09-10 01:00:00,111012.0,111222.0,110923.1,111016.3,88.12143581
2025-09-10 02:00:00,111016.3,111558.4,111016.3,111413.9,113.8938258
2025-09-10 03:00:00,111414.0,111579.3,111360.7,111549.9,85.83336712
2025-09-10 04:00:00,111550.0,111658.5,111408.0,111526.1,99.77775386
2025-09-10 05:00:00,111526.1,111729.6,111370.3,111582.0,781.76679426
2025-09-10 06:00:00,111582.0,111984.1,111398.1,111801.9,631.7533147
2025-09-10 07:00:00,111802.0,112590.1,111770.0,112549.9,325.54934739
2025-09-10 08:00:00,112549.9,112852.6,112330.5,112374.1,354.02295908
2025-09-10 09:00:00,112374.1,112430.0,112102.1,112274.0,114.20788683
2025-09-10 10:00:00,112274.1,112426.0,112202.0,112270.0,95.67337543
2025-09-10 11:00:00,112270.1,112419.8,112166.0,112308.0,75.34833231
2025-09-10 12:00:00,112308.4,113550.0,112308.4,113419.9,986.19390172
2025-09-10 13:00:00,113419.9,114318.0,113393.2,113954.5,626.33254215
2025-09-10 14:00:00,113954.5,114285.7,113804.0,113900.3,466.77176159
2025-09-10 15:00:00,113900.4,114096.4,113676.0,113850.1,200.70399712
2025-09-10 16:00:00,113852.1,113934.0,113574.2,113768.8,168.83586318
2025-09-10 17:00:00,113768.9,114088.0,113409.0,113740.8,149.0200877
2025-09-10 18:00:00,113740.7,113893.3,113352.9,113589.6,295.16609743
2025-09-10 19:00:00,113588.3,113612.2,113154.1,113568.0,175.25268841
2025-09-10 20:00:00,113569.0,113932.9,113545.6,113565.3,175.47566133
2025-09-10 21:00:00,113565.4,113851.6,113516.8,113831.8,77.38604504
2025-09-10 22:00:00,113831.9,113991.2,113711.2,113877.6,124.97904654
2025-09-10 23:00:00,113877.6,114028.0,113779.6,113957.7,185.54443668
2025-09-11 00:00:00,113957.7,114002.3,113657.9,113888.7,225.48867061
2025-09-11 01:00:00,113888.7,114182.1,113833.1,113903.9,373.80844553
2025-09-11 02:00:00,113904.0,113967.2,113726.7,113826.5,254.70750343
2025-09-11 03:00:00,113826.6,114450.1,113826.5,114417.0,403.07987558
2025-09-11 04:00:00,114417.1,114417.1,114080.1,114165.8,132.7593735
2025-09-11 05:00:00,114166.0,114333.3,113948.8,114264.6,95.65318342
2025-09-11 06:00:00,114264.5,114462.0,114066.3,114316.0,96.5961023
2025-09-11 07:00:00,114317.9,114325.5,113935.3,114082.4,244.20576996
2025-09-11 08:00:00,114082.5,114200.0,113962.0,114041.9,123.62245327
2025-09-11 09:00:00,114042.0,114070.0,113775.0,113900.0,209.60368254
2025-09-11 10:00:00,113899.9,114117.1,113888.0,114057.0,82.84504895
2025-09-11 11:00:00,114057.1,114131.7,113904.0,114015.9,217.92104121
2025-09-11 12:00:00,114016.0,114546.0,113480.0,113972.0,800.95291527
2025-09-11 13:00:00,113974.0,114731.4,113417.5,114635.6,572.01066646
2025-09-11 14:00:00,114635.8,114683.6,113936.0,114468.7,258.08894558
2025-09-11 15:00:00,114468.1,114698.6,114000.0,114186.0,163.94361713
2025-09-11 16:00:00,114186.1,114597.6,114186.1,114492.1,88.84825643
2025-09-11 17:00:00,114492.0,114603.0,114338.0,114602.5,101.14521151
2025-09-11 18:00:00,114602.5,114629.9,114092.0,114312.0,105.72953544
2025-09-11 19:00:00,114312.0,114539.9,114190.0,114425.9,70.25205359
2025-09-11 20:00:00,114425.9,114496.0,114264.0,114402.0,35.21445058
2025-09-11 21:00:00,114400.1,114520.0,114394.2,114488.4,31.20065856
2025-09-11 22:00:00,114488.5,115256.0,114442.6,115084.8,295.9077014
2025-09-11 23:00:00,115084.9,115480.0,115084.9,115477.9,136.08453995
2025-09-12 00:00:00,115477.9,116325.2,115411.4,115838.0,468.44651031
2025-09-12 01:00:00,115838.1,116014.9,115376.0,115386.6,262.94582842
2025-09-12 02:00:00,115386.6,115671.8,115250.2,115404.0,182.76915199
2025-09-12 03:00:00,115404.0,115442.0,115050.2,115200.1,137.07352884
2025-09-12 04:00:00,115200.0,115531.1,115087.3,115370.9,511.59239325
2025-09-12 05:00:00,115370.9,115666.6,115323.4,115615.1,198.96840587
2025-09-12 06:00:00,115615.2,115615.2,115255.8,115314.8,138.76445718
2025-09-12 07:00:00,115314.8,115415.9,115082.0,115089.5,153.21326156
2025-09-12 08:00:00,115089.5,115276.8,114955.2,115059.8,207.87412261
2025-09-12 09:00:00,115059.9,115131.4,114880.1,115056.1,156.20880457
2025-09-12 10:00:00,115056.1,115101.6,114934.1,114992.1,95.3009525
2025-09-12 11:00:00,114992.0,115157.8,114904.8,114933.5,78.65360856
2025-09-12 12:00:00,114933.6,115176.0,114750.1,115087.2,171.08585862
2025-09-12 13:00:00,115087.3,115216.8,114826.0,115161.6,132.97757902
2025-09-12 14:00:00,115161.6,115476.0,114860.6,115263.9,206.06567472
2025-09-12 15:00:00,115263.9,115295.0,114942.0,115120.8,122.1113826
2025-09-12 16:00:00,115120.8,115567.1,115038.5,115495.1,199.25544633
2025-09-12 17:00:00,115495.2,115957.9,115395.6,115816.9,270.88201784
2025-09-12 18:00:00,115817.0,116498.0,115772.0,116487.9,325.27139298
2025-09-12 19:00:00,116488.0,116666.0,116238.0,116643.6,330.65300331
2025-09-12 20:00:00,116643.6,116643.6,115981.8,116155.5,129.38698216
2025-09-12 21:00:00,116155.6,116155.6,115753.6,115860.1,120.98869008
2025-09-12 22:00:00,115860.1,116366.8,115860.0,116022.0,142.51483691
2025-09-12 23:00:00,116022.0,116173.2,115929.0,116030.1,160.53132747
2025-09-13 00:00:00,116030.1,116285.3,115956.9,116203.5,225.94961857
2025-09-13 01:00:00,116203.5,116276.0,115588.0,115759.8,241.64193683
2025-09-13 02:00:00,115759.9,115999.9,115689.3,115893.9,83.04259845
2025-09-13 03:00:00,115893.9,116026.0,115858.5,115977.8,109.79186834
2025-09-13 04:00:00,115977.8,115977.9,115671.4,115696.0,415.80582847
2025-09-13 05:00:00,115696.0,115849.9,115657.8,115718.8,89.01619401
2025-09-13 06:00:00,115718.8,115824.8,115660.6,115749.5,158.75000613
2025-09-13 07:00:00,115749.5,115871.5,115702.7,115780.5,58.08473693
2025-09-13 08:00:00,115780.5,116067.3,115780.5,115980.0,73.43127983
2025-09-13 09:00:00,115980.0,116054.0,115866.5,116037.0,120.15300762
2025-09-13 10:00:00,116036.9,116194.0,115906.2,115939.0,100.55103641
2025-09-13 11:00:00,115939.0,116023.6,115880.6,115976.7,40.49429313
2025-09-13 12:00:00,115976.7,116065.4,115865.9,115995.8,49.04436296
2025-09-13 13:00:00,115995.9,115995.9,115629.8,115765.0,107.14698239
2025-09-13 14:00:00,115765.0,115957.0,115600.1,115803.7,121.01777902
2025-09-13 15:00:00,115803.7,115935.0,115626.0,115782.5,81.89305383
2025-09-13 16:00:00,115782.5,115823.1,115116.5,115344.8,259.50523404
2025-09-13 17:00:00,115342.5,115586.8,115167.6,115566.1,110.68586853
2025-09-13 18:00:00,115566.0,115658.4,115429.4,115640.0,48.21397801
2025-09-13 19:00:00,115640.0,115800.0,115570.0,115792.6,60.13225202
2025-09-13 20:00:00,115793.2,115995.0,115793.2,115898.3,36.23561922
2025-09-13 21:00:00,115898.2,115979.6,115840.0,115902.6,34.84535011
2025-09-13 22:00:00,115904.0,115942.1,115811.6,115879.9,20.18150638
2025-09-13 23:00:00,115879.9,115995.0,115866.2,115924.4,24.09532831
2025-09-14 00:00:00,115924.5,116011.6,115814.6,115937.0,58.13321387
2025-09-14 01:00:00,115937.1,115999.0,115744.9,115959.3,64.768216
2025-09-14 02:00:00,115959.4,116122.0,115759.6,115860.8,73.5654035
2025-09-14 03:00:00,115860.8,115878.2,115648.5,115676.0,129.03366283
2025-09-14 04:00:00,115676.0,115772.8,115464.7,115750.8,56.45989573
2025-09-14 05:00:00,115750.9,115920.8,115739.4,115862.0,41.72446608
2025-09-14 06:00:00,115862.0,115939.3,115693.6,115737.0,69.94794039
2025-09-14 07:00:00,115737.1,115830.0,115735.0,115802.0,48.84043696
2025-09-14 08:00:00,115802.0,115988.4,115753.3,115935.6,76.30613384
2025-09-14 09:00:00,115935.8,116164.4,115893.8,116045.0,136.89821852
2025-09-14 10:00:00,116045.0,116138.0,115946.6,116024.9,38.09622934
2025-09-14 11:00:00,116025.0,116105.0,115753.0,115801.2,94.21145255
2025-09-14 12:00:00,115801.3,115879.3,115666.6,115784.1,57.99167809
2025-09-14 13:00:00,115784.1,115804.0,115219.3,115347.3,186.98110002
2025-09-14 14:00:00,115347.3,115710.0,115167.0,115405.0,130.45796568
2025-09-14 15:00:00,115405.1,115429.8,115200.1,115224.0,115.08589364
2025-09-14 16:00:00,115224.1,115544.4,115200.0,115482.0,109.00146602
2025-09-14 17:00:00,115482.0,115670.4,115411.8,115560.1,121.58563745
2025-09-14 18:00:00,115560.1,115562.6,115379.0,115399.7,78.7808816
2025-09-14 19:00:00,115399.7,115640.6,115330.0,115635.3,43.6844202
2025-09-14 20:00:00,115635.4,115861.4,115635.3,115799.3,33.17459513
2025-09-14 21:00:00,115799.3,116082.6,115604.2,116065.9,102.52888778
2025-09-14 22:00:00,116066.5,116083.0,115804.0,116008.0,137.73523618
2025-09-14 23:00:00,116009.0,116009.0,115131.3,115268.3,125.29411931
2025-09-15 00:00:00,115268.4,115276.9,114970.0,115073.1,122.1304103
2025-09-15 01:00:00,115073.1,115281.9,114822.5,115232.7,135.91267555
2025-09-15 02:00:00,115232.7,115443.8,115207.8,115364.9,65.74234457
2025-09-15 03:00:00,115365.0,115580.8,115349.4,115442.0,96.19778903
2025-09-15 04:00:00,115442.1,116193.7,115397.0,116048.8,697.99509308
2025-09-15 05:00:00,116048.8,116576.6,115998.6,116512.5,255.18151591
2025-09-15 06:00:00,116511.7,116773.1,116046.0,116124.0,169.9096656
2025-09-15 07:00:00,116124.0,116412.5,115631.4,115809.9,729.09472465
2025-09-15 08:00:00,115810.0,115814.0,114694.8,114742.7,455.75572229
2025-09-15 09:00:00,114742.7,115189.4,114623.3,114866.5,453.16481397
2025-09-15 10:00:00,114866.5,114953.8,114701.4,114771.4,154.1826334
2025-09-15 11:00:00,114771.5,115199.8,114750.0,115054.6,126.12650131
2025-09-15 12:00:00,115054.7,115075.0,114666.6,114722.9,92.94310234
2025-09-15 13:00:00,114722.9,115094.0,114370.0,114657.0,305.16109054
2025-09-15 14:00:00,114660.5,115031.6,114437.4,114662.0,270.63238261
2025-09-15 15:00:00,114661.9,114916.5,114385.4,114841.1,362.19495692
2025-09-15 16:00:00,114841.1,114925.0,114601.1,114663.8,148.79872178
2025-09-15 17:00:00,114663.8,115141.2,114601.2,115131.7,169.56264014
2025-09-15 18:00:00,115130.9,115362.0,114895.4,115314.0,287.72787304
2025-09-15 19:00:00,115314.7,115575.9,114975.3,115304.0,242.60513087
2025-09-15 20:00:00,115304.3,115507.2,115208.0,115382.4,80.1545669
2025-09-15 21:00:00,115382.4,115531.2,115281.0,115519.2,52.09224951
2025-09-15 22:00:00,115519.2,115607.9,115209.9,115286.2,63.79451539
2025-09-15 23:00:00,115286.9,115483.2,115232.9,115350.6,45.02482211
2025-09-16 00:00:00,115350.6,115351.0,114952.0,115082.1,84.64695067
2025-09-16 01:00:00,115081.9,115526.4,115005.0,115025.0,93.25026065
2025-09-16 02:00:00,115025.1,115241.0,115004.0,115026.9,76.80244999
2025-09-16 03:00:00,115026.9,115434.0,115026.9,115300.5,68.38845191
2025-09-16 04:00:00,115300.5,115555.0,114937.5,115504.9,113.4118853
2025-09-16 05:00:00,115505.0,115973.1,115442.0,115946.3,450.58961926
2025-09-16 06:00:00,115946.4,116016.0,115588.8,115771.1,794.64360987
2025-09-16 07:00:00,115771.1,115903.5,115727.0,115833.5,111.69688424
2025-09-16 08:00:00,115833.6,115983.0,115525.0,115666.0,103.05487093
2025-09-16 09:00:00,115666.0,115769.0,115453.8,115483.0,327.7242386
2025-09-16 10:00:00,115483.1,115610.4,115372.0,115382.7,106.95149182
2025-09-16 11:00:00,115382.1,115455.0,115203.4,115291.0,92.57712524
2025-09-16 12:00:00,115291.1,115470.0,115271.0,115442.4,103.93339232
2025-09-16 13:00:00,115442.5,115564.8,114708.0,115206.6,276.46232
2025-09-16 14:00:00,115206.6,115308.5,114815.7,115291.0,179.40434304
2025-09-16 15:00:00,115291.1,115920.0,115019.2,115919.9,205.76126782
2025-09-16 16:00:00,115920.0,116085.9,115610.8,116073.0,222.84155193
2025-09-16 17:00:00,116073.1,116893.5,116059.2,116465.0,536.45116786
2025-09-16 18:00:00,116465.0,116794.5,116236.1,116426.3,178.2633233
2025-09-16 19:00:00,116426.4,116827.5,116400.0,116814.8,168.22345202
2025-09-16 20:00:00,116814.8,116913.8,116724.1,116841.0,106.05204676
2025-09-16 21:00:00,116841.0,116955.0,116600.0,116806.8,74.99771179
2025-09-16 22:00:00,116806.8,116969.3,116700.0,116854.0,79.36360376
2025-09-16 23:00:00,116854.0,116914.0,116626.0,116797.7,75.32344811
2025-09-17 00:00:00,116797.8,116834.0,116554.4,116564.0,82.59643465
2025-09-17 01:00:00,116564.0,116765.4,116507.3,116666.0,109.73216863
2025-09-17 02:00:00,116666.0,117080.0,116560.0,116686.5,139.27274206
2025-09-17 03:00:00,116686.5,116758.0,116370.0,116370.1,114.94329551
2025-09-17 04:00:00,116370.2,116491.0,116159.6,116313.0,69.98295676
2025-09-17 05:00:00,116312.9,117200.0,116312.9,117115.9,325.41697177
2025-09-17 06:00:00,117116.0,117278.0,116981.6,117227.1,144.37727988
2025-09-17 07:00:00,117227.0,117282.0,117125.4,117159.0,182.38918679
2025-09-17 08:00:00,117159.0,117220.3,116691.2,116859.2,173.77000381
2025-09-17 09:00:00,116859.2,116859.2,116562.7,116562.8,71.90889138
2025-09-17 10:00:00,116562.8,116616.7,116267.5,116377.1,159.38972204
2025-09-17 11:00:00,116377.1,116389.1,116242.5,116257.4,136.25364485
2025-09-17 12:00:00,116257.6,116532.5,116100.0,116209.1,178.12223835
2025-09-17 13:00:00,116209.1,116335.8,115909.4,116112.1,305.43409487
2025-09-17 14:00:00,116112.1,116244.0,115458.0,115618.1,276.14177627
2025-09-17 15:00:00,115618.0,115899.5,115535.7,115884.7,327.28726829
2025-09-17 16:00:00,115884.7,115884.8,115390.1,115651.0,148.9057668
2025-09-17 17:00:00,115651.0,116295.5,115480.7,115505.5,392.77114207
2025-09-17 18:00:00,115505.5,116320.0,114722.0,115228.9,1245.81882906
2025-09-17 19:00:00,115229.0,115985.0,115084.0,115638.0,568.29190864
2025-09-17 20:00:00,115638.9,116138.6,115500.0,115621.9,110.33734299
2025-09-17 21:00:00,115622.0,116130.0,115318.3,116044.5,130.33090997
2025-09-17 22:00:00,116044.5,116826.9,116038.7,116562.7,895.921866
2025-09-17 23:00:00,116562.8,116999.9,116333.5,116451.3,305.07287397
2025-09-18 00:00:00,116451.3,116474.8,116095.4,116347.0,181.37339559
2025-09-18 01:00:00,116345.0,116874.9,116334.6,116649.1,111.12071102
2025-09-18 02:00:00,116649.1,116961.0,116443.0,116950.6,136.00441668
2025-09-18 03:00:00,116950.6,117900.0,116909.1,117591.0,626.28839901
2025-09-18 04:00:00,117590.9,117767.4,117233.2,117639.1,593.38472545
2025-09-18 05:00:00,117639.2,117640.3,117189.7,117286.0,202.26065026
2025-09-18 06:00:00,117287.9,117350.0,116893.2,117106.8,213.67444712
2025-09-18 07:00:00,117106.8,117280.0,117052.5,117085.6,171.77488979
2025-09-18 08:00:00,117085.7,117420.7,117013.5,117246.2,139.27616914
2025-09-18 09:00:00,117246.2,117371.4,117114.0,117314.0,117.46721822
2025-09-18 10:00:00,117314.1,117324.0,117081.0,117198.9,75.73102942
2025-09-18 11:00:00,117199.0,117316.9,117011.1,117076.6,90.32590052
2025-09-18 12:00:00,117076.6,117292.0,116946.9,117122.0,375.48483579
2025-09-18 13:00:00,117122.0,117666.6,117000.0,117428.9,318.67466448
2025-09-18 14:00:00,117428.9,117850.0,117394.6,117646.0,380.1881302
2025-09-18 15:00:00,117646.1,117724.2,117334.6,117596.6,257.36451924
2025-09-18 16:00:00,117596.6,117806.5,117503.1,117568.2,125.60137807
2025-09-18 17:00:00,117568.0,117775.0,117399.9,117584.6,165.04084478
2025-09-18 18:00:00,117584.6,117910.0,117510.0,117819.8,127.65403157
2025-09-18 19:00:00,117819.8,117819.8,117198.4,117466.1,133.30103366
2025-09-18 20:00:00,117466.1,117666.4,117332.1,117520.0,61.2729346
2025-09-18 21:00:00,117520.0,117520.7,117287.0,117288.0,78.68560595
2025-09-18 22:00:00,117288.0,117343.9,117050.0,117071.7,114.24183083
2025-09-18 23:00:00,117071.8,117181.9,116647.0,117081.1,190.41637888
2025-09-19 00:00:00,117081.0,117443.9,117018.4,117431.7,130.22219859
2025-09-19 01:00:00,117431.7,117469.0,117127.6,117240.1,118.5759484
2025-09-19 02:00:00,117240.0,117291.4,117053.0,117113.9,93.469176
2025-09-19 03:00:00,117114.0,117292.0,116875.0,116980.0,94.08685409
2025-09-19 04:00:00,116979.9,117104.0,116706.3,116995.8,122.77140702
2025-09-19 05:00:00,116995.8,117025.0,116791.7,116902.0,64.57104025
2025-09-19 06:00:00,116902.0,116902.1,116640.0,116682.1,94.44148524
2025-09-19 07:00:00,116682.1,116992.0,116682.0,116914.9,138.67447014
2025-09-19 08:00:00,116914.9,117100.0,116888.0,116917.7,123.76062634
2025-09-19 09:00:00,116917.8,116983.0,116469.5,116481.4,205.76406848
2025-09-19 10:00:00,116481.4,116558.9,116424.0,116527.9,217.77485226
2025-09-19 11:00:00,116527.9,116561.0,116303.7,116396.1,124.69277611
2025-09-19 12:00:00,116396.1,116537.6,116119.6,116169.5,130.52591968
2025-09-19 13:00:00,116169.6,116470.4,116064.7,116287.9,160.31102046
2025-09-19 14:00:00,116288.0,116485.6,115783.0,115907.9,312.16373697
2025-09-19 15:00:00,115908.0,115951.9,115466.1,115880.1,288.76246196
2025-09-19 16:00:00,115880.0,116142.0,115796.9,116089.9,174.02926386
2025-09-19 17:00:00,116090.0,116094.0,115546.0,115546.1,116.20458872
2025-09-19 18:00:00,115546.0,115656.9,115384.6,115417.0,149.1270131
2025-09-19 19:00:00,115417.0,115485.7,115100.0,115123.2,159.3812465
2025-09-19 20:00:00,115123.2,115440.0,115088.0,115340.9,64.29709569
2025-09-19 21:00:00,115343.2,115547.7,115305.9,115469.9,55.91426764
2025-09-19 22:00:00,115470.0,115659.9,115469.9,115611.4,52.52364438
2025-09-19 23:00:00,115611.4,115652.6,115447.1,115630.1,65.75996564
2025-09-20 00:00:00,115630.1,115729.6,115550.0,115729.4,43.33122759
2025-09-20 01:00:00,115729.3,115729.4,115607.0,115625.0,55.61182854
2025-09-20 02:00:00,115625.1,115625.1,115438.0,115600.0,32.43543453
2025-09-20 03:00:00,115600.0,115600.0,115416.0,115454.0,35.51477488
2025-09-20 04:00:00,115454.0,115596.0,115408.0,115570.0,38.41313059
2025-09-20 05:00:00,115570.1,115720.6,115514.0,115720.5,68.67620345
2025-09-20 06:00:00,115720.6,115724.9,115622.0,115698.5,37.6225801
2025-09-20 07:00:00,115698.5,115985.0,115687.7,115962.0,288.19356581
2025-09-20 08:00:00,115962.0,115962.0,115697.0,115700.0,76.06267183
2025-09-20 09:00:00,115700.0,115798.0,115652.5,115660.9,36.98237643
2025-09-20 10:00:00,115660.9,115797.0,115660.9,115745.9,26.4818695
2025-09-20 11:00:00,115746.0,115910.9,115745.9,115892.1,43.95723048
2025-09-20 12:00:00,115892.0,115952.0,115806.1,115888.0,34.04946925
2025-09-20 13:00:00,115888.0,115954.4,115863.0,115917.9,45.54390418
2025-09-20 14:00:00,115918.0,116040.0,115884.2,115974.0,44.93842497
2025-09-20 15:00:00,115974.1,116136.9,115939.0,115989.9,65.93674722
2025-09-20 16:00:00,115990.0,116061.6,115877.0,116032.0,40.13024285
2025-09-20 17:00:00,116032.0,116096.1,115819.9,115826.0,35.34749525
2025-09-20 18:00:00,115826.1,115826.1,115700.0,115712.4,39.29298163
2025-09-20 19:00:00,115712.3,115805.6,115680.8,115681.0,45.95444212
2025-09-20 20:00:00,115682.0,115790.0,115676.9,115714.0,59.26744907
2025-09-20 21:00:00,115714.0,115940.0,115713.9,115785.1,106.78054342
2025-09-20 22:00:00,115785.2,115796.3,115724.1,115763.6,101.66923674
2025-09-20 23:00:00,115763.9,115767.2,115586.2,115685.9,69.12747665
2025-09-21 00:00:00,115686.0,115730.1,115551.9,115649.9,47.77692899
2025-09-21 01:00:00,115650.0,115651.0,115500.0,115500.9,70.69906103
2025-09-21 02:00:00,115501.0,115713.2,115446.0,115694.0,75.69576461
2025-09-21 03:00:00,115694.1,115714.2,115614.8,115668.6,34.78665778
2025-09-21 04:00:00,115668.7,115668.7,115477.9,115506.3,46.40169916
2025-09-21 05:00:00,115506.3,115674.0,115495.6,115674.0,53.24206617
2025-09-21 06:00:00,115674.8,115792.4,115674.8,115691.5,35.27056628
2025-09-21 07:00:00,115691.6,115820.0,115618.3,115820.0,64.0254004
2025-09-21 08:00:00,115819.9,115826.0,115570.0,115636.0,24.37506556
2025-09-21 09:00:00,115636.0,115713.2,115340.0,115691.1,189.70780834
2025-09-21 10:00:00,115691.1,115718.0,115510.0,115530.8,31.15457921
2025-09-21 11:00:00,115530.9,115704.0,115520.0,115617.9,39.60735829
2025-09-21 12:00:00,115617.9,115756.0,115617.9,115682.1,29.31079696
2025-09-21 13:00:00,115682.1,115756.0,115638.0,115670.0,45.74187043
2025-09-21 14:00:00,115670.1,115692.0,115504.3,115504.4,42.35544957
2025-09-21 15:00:00,115504.0,115612.4,115475.0,115534.1,56.542306
2025-09-21 16:00:00,115534.0,115562.0,115212.0,115329.7,83.45539583
2025-09-21 17:00:00,115329.7,115636.0,115252.7,115630.1,59.92115353
2025-09-21 18:00:00,115630.0,115671.2,115520.0,115537.8,20.91500555
2025-09-21 19:00:00,115537.9,115537.9,115324.0,115487.9,27.29404282
2025-09-21 20:00:00,115488.0,115510.0,115310.9,115310.9,18.08548431
2025-09-21 21:00:00,115311.0,115428.0,115250.1,115406.0,29.05987662
2025-09-21 22:00:00,115406.0,115550.0,115162.2,115532.1,52.2841405
2025-09-21 23:00:00,115532.1,115532.1,115201.0,115236.0,56.35173374
2025-09-22 00:00:00,115236.0,115382.8,114288.0,114400.0,496.07147507
2025-09-22 01:00:00,114400.0,114750.0,114250.0,114266.5,201.19724743
2025-09-22 02:00:00,114266.5,114619.0,114152.0,114179.8,398.77397596
2025-09-22 03:00:00,114179.8,114655.5,114178.3,114655.0,272.10842993
2025-09-22 04:00:00,114655.0,114655.1,114397.2,114434.2,66.68750033
2025-09-22 05:00:00,114434.2,114552.9,113589.9,113667.8,339.26840134
2025-09-22 06:00:00,113667.8,113694.4,111514.3,112811.0,1990.03062754
2025-09-22 07:00:00,112811.1,113019.4,112469.4,112523.1,906.57405708
2025-09-22 08:00:00,112523.9,112790.2,112445.7,112627.5,182.74880186
2025-09-22 09:00:00,112627.5,112674.0,112166.8,112343.0,318.02562906
2025-09-22 10:00:00,112342.9,112859.5,112258.0,112788.9,104.55711129
2025-09-22 11:00:00,112788.9,112974.2,112684.2,112879.2,110.43559794
2025-09-22 12:00:00,112879.2,112880.0,112501.7,112734.9,177.82317884
2025-09-22 13:00:00,112735.0,113150.0,112382.1,113128.5,162.94404788
2025-09-22 14:00:00,113128.6,113442.4,112760.3,112930.4,469.88960091
2025-09-22 15:00:00,112930.5,113029.0,112576.0,112828.9,190.80927875
2025-09-22 16:00:00,112829.0,112897.9,112583.1,112614.9,69.32738008
2025-09-22 17:00:00,112615.0,112634.0,112224.6,112386.1,180.12603589
2025-09-22 18:00:00,112386.0,112824.9,112340.1,112434.1,57.28339438
2025-09-22 19:00:00,112434.1,112610.9,111936.0,112120.0,302.86967728
2025-09-22 20:00:00,112120.0,112984.7,111979.8,112785.5,148.482334
2025-09-22 21:00:00,112785.6,112986.0,112609.2,112976.1,97.10047489
2025-09-22 22:00:00,112976.0,112976.0,112600.0,112644.0,55.42719195
2025-09-22 23:00:00,112644.0,112752.1,112582.4,112656.0,78.57901358
2025-09-23 00:00:00,112656.1,112840.0,112380.0,112398.1,136.9783123
2025-09-23 01:00:00,112398.1,112523.0,112144.1,112157.9,95.2037102
2025-09-23 02:00:00,112158.0,112491.9,111666.0,111799.8,231.30069832
2025-09-23 03:00:00,111799.9,112449.9,111481.5,112333.9,212.3951767
2025-09-23 04:00:00,112334.0,112465.0,111866.3,112438.0,110.00191151
2025-09-23 05:00:00,112438.0,112897.1,112421.0,112666.0,133.11259246
2025-09-23 06:00:00,112666.0,113119.6,112612.0,112980.0,98.78038229
2025-09-23 07:00:00,112980.0,113114.3,112882.0,113093.9,166.12687303
2025-09-23 08:00:00,113093.9,113181.5,112938.9,113130.2,105.0751496
2025-09-23 09:00:00,113130.1,113275.0,112869.0,112936.6,91.06215833
2025-09-23 10:00:00,112936.6,113011.0,112818.9,112970.1,57.54128482
2025-09-23 11:00:00,112970.1,113075.0,112689.1,112979.0,63.36012869
2025-09-23 12:00:00,112977.8,113050.0,112804.0,112930.1,103.55041906
2025-09-23 13:00:00,112930.1,113022.0,112713.0,112944.0,68.45771074
2025-09-23 14:00:00,112944.1,113290.8,112562.6,112650.0,106.21568459
2025-09-23 15:00:00,112649.9,113060.1,112484.2,112872.0,102.57390051
2025-09-23 16:00:00,112872.0,112966.0,112480.0,112817.5,157.67517977
2025-09-23 17:00:00,112817.4,112828.7,111877.0,111954.2,268.6877218
2025-09-23 18:00:00,111954.3,112197.2,111686.0,111777.0,160.52746811
2025-09-23 19:00:00,111777.0,111984.1,111538.8,111658.0,95.9385133
2025-09-23 20:00:00,111658.0,111990.5,111466.0,111982.0,74.48236831
2025-09-23 21:00:00,111981.0,112200.0,111886.9,112164.0,45.84239592
2025-09-23 22:00:00,112164.1,112222.2,112010.0,112166.1,44.04372624
2025-09-23 23:00:00,112166.2,112232.4,111876.0,112004.6,41.77700141
2025-09-24 00:00:00,112004.6,112392.8,111820.5,112224.0,80.67347495
2025-09-24 01:00:00,112224.1,112504.5,112132.9,112447.7,85.82767706
2025-09-24 02:00:00,112447.7,112502.9,111900.0,112120.1,215.49948679
2025-09-24 03:00:00,112119.5,112224.0,111678.0,111687.5,122.61552354
2025-09-24 04:00:00,111687.5,112388.0,111020.0,112173.6,445.2343504
2025-09-24 05:00:00,112173.6,112682.2,112133.6,112645.3,126.8654813
2025-09-24 06:00:00,112645.4,112794.9,112522.6,112601.9,128.11753461
2025-09-24 07:00:00,112601.9,112750.0,112452.8,112594.4,84.19448248
2025-09-24 08:00:00,112594.7,112646.4,112389.1,112619.1,97.61123735
2025-09-24 09:00:00,112619.1,112833.3,112498.0,112752.3,86.39906197
2025-09-24 10:00:00,112752.3,112978.0,112670.1,112951.6,363.01667251
2025-09-24 11:00:00,112951.7,113186.0,112876.5,113030.2,265.63007555
2025-09-24 12:00:00,113030.1,113109.0,112934.0,113068.1,85.69623511
2025-09-24 13:00:00,113068.1,113241.7,112805.4,112838.3,146.79069442
2025-09-24 14:00:00,112838.2,113894.9,112838.2,113715.7,340.53337448
2025-09-24 15:00:00,113715.6,113890.0,113254.9,113350.9,195.07490702
2025-09-24 16:00:00,113350.9,113750.0,113152.1,113726.0,85.17835344
2025-09-24 17:00:00,113726.0,113946.0,113602.3,113758.4,94.18740116
2025-09-24 18:00:00,113760.0,113834.9,113500.0,113645.9,62.28111948
2025-09-24 19:00:00,113646.0,113686.9,113278.7,113420.8,104.39691175
2025-09-24 20:00:00,113424.1,113612.9,113387.7,113497.4,105.5845883
2025-09-24 21:00:00,113497.3,113584.3,113271.3,113340.3,110.896555
2025-09-24 22:00:00,113342.0,113640.2,113241.6,113334.1,149.11141555
2025-09-24 23:00:00,113335.5,113434.3,113179.5,113303.1,54.47082197
2025-09-25 00:00:00,113303.1,113514.0,112973.0,113051.1,121.65137721
2025-09-25 01:00:00,113051.1,113374.9,112436.5,112673.0,307.34666729
2025-09-25 02:00:00,112674.3,113197.1,112503.8,112901.4,115.63591077
2025-09-25 03:00:00,112901.1,112906.0,112222.2,112541.5,181.92405472
2025-09-25 04:00:00,112541.5,112625.0,111586.5,111740.1,373.94573091
2025-09-25 05:00:00,111740.1,112043.6,111582.9,111739.0,454.00233793
2025-09-25 06:00:00,111739.0,111845.9,111500.0,111520.9,317.54861998
2025-09-25 07:00:00,111520.9,111888.9,111440.2,111770.8,189.81166225
2025-09-25 08:00:00,111770.8,112044.2,111688.9,111732.0,97.57404196
2025-09-25 09:00:00,111730.6,112250.0,111571.0,111571.0,150.60140585
2025-09-25 10:00:00,111571.1,111866.0,111528.9,111653.0,113.16687143
2025-09-25 11:00:00,111653.1,111732.8,111277.0,111361.6,123.52356347
2025-09-25 12:00:00,111361.6,111662.2,111010.0,111119.6,371.99141592
2025-09-25 13:00:00,111119.6,111721.5,110620.0,110995.2,460.8609831
2025-09-25 14:00:00,110995.8,111730.7,110983.9,111533.2,299.61230928
2025-09-25 15:00:00,111533.1,111610.4,110859.0,111586.9,232.59657744
2025-09-25 16:00:00,111587.0,111671.7,110900.0,110955.0,148.70823089
2025-09-25 17:00:00,110955.1,110969.4,108646.2,108829.9,931.43285812
2025-09-25 18:00:00,108836.0,109806.9,108625.1,109760.1,387.21342137
2025-09-25 19:00:00,109760.1,109981.4,109303.8,109374.1,322.96875332
2025-09-25 20:00:00,109374.1,109495.4,109057.0,109164.5,88.59714181
2025-09-25 21:00:00,109164.7,109666.6,109071.0,109411.1,84.04240918
2025-09-25 22:00:00,109411.2,109581.0,109252.5,109420.3,53.87585569
2025-09-25 23:00:00,109420.3,109681.4,108749.2,108990.8,186.3759276
2025-09-26 00:00:00,108990.9,109615.8,108809.9,109472.1,197.94948386
2025-09-26 01:00:00,109474.3,109767.9,109308.4,109682.6,149.9928602
2025-09-26 02:00:00,109683.9,109811.1,109489.0,109618.0,158.89346823
2025-09-26 03:00:00,109618.1,109644.0,109278.6,109573.0,252.78997029
2025-09-26 04:00:00,109573.1,109633.2,109242.8,109352.0,100.20676554
2025-09-26 05:00:00,109352.1,109583.6,109072.0,109240.0,161.6678683
2025-09-26 06:00:00,109240.1,109626.4,109005.0,109353.5,251.83721662
2025-09-26 07:00:00,109353.5,109600.0,108896.0,109308.0,1175.00762354
2025-09-26 08:00:00,109308.0,109615.6,109296.0,109567.2,156.97389687
2025-09-26 09:00:00,109567.2,109696.0,109388.9,109560.2,97.35894921
2025-09-26 10:00:00,109560.3,109575.0,108708.0,108899.8,314.83948849
2025-09-26 11:00:00,108899.9,109211.4,108617.3,109133.0,196.87697555
2025-09-26 12:00:00,109133.0,109599.3,108810.7,109375.9,216.6171656
2025-09-26 13:00:00,109375.9,109784.8,109001.0,109669.7,239.9010974
2025-09-26 14:00:00,109669.8,109775.9,108766.4,108833.4,364.90916493
2025-09-26 15:00:00,108833.5,109363.6,108801.5,109029.9,255.52038891
2025-09-26 16:00:00,109030.0,109620.8,109024.5,109452.4,139.29390285
2025-09-26 17:00:00,109452.3,109999.0,109377.6,109903.7,161.66864162
2025-09-26 18:00:00,109903.7,110294.3,109688.4,109719.3,210.9970343
2025-09-26 19:00:00,109719.2,109719.2,109020.7,109164.2,201.47187795
2025-09-26 20:00:00,109164.2,109345.8,109090.1,109289.9,55.4413438
2025-09-26 21:00:00,109286.4,109536.5,109179.0,109474.8,59.19031579
2025-09-26 22:00:00,109474.8,109612.0,109344.4,109562.0,57.02416437
2025-09-26 23:00:00,109562.0,109685.9,109424.0,109639.9,40.63474292
2025-09-27 00:00:00,109640.0,109662.5,109467.1,109652.0,56.22734103
2025-09-27 01:00:00,109652.1,109667.9,109321.1,109433.0,104.82867141
2025-09-27 02:00:00,109433.1,109478.0,109320.0,109408.5,46.30650444
2025-09-27 03:00:00,109408.5,109755.4,109372.9,109549.1,136.59553554
2025-09-27 04:00:00,109549.1,109732.8,109500.0,109648.5,103.53294128
2025-09-27 05:00:00,109648.6,109683.3,109579.1,109629.1,38.86649698
2025-09-27 06:00:00,109629.1,109630.3,109473.1,109537.0,79.6941767
2025-09-27 07:00:00,109537.3,109572.7,109333.3,109404.0,104.84097921
2025-09-27 08:00:00,109404.0,109404.0,109241.9,109254.1,89.3049545
2025-09-27 09:00:00,109254.1,109357.2,109064.9,109305.3,73.280528
2025-09-27 10:00:00,109305.3,109505.0,109261.2,109437.5,157.40204415
2025-09-27 11:00:00,109437.5,109465.9,109285.2,109313.9,80.92738306
2025-09-27 12:00:00,109314.0,109502.0,109240.2,109411.1,92.83448553
2025-09-27 13:00:00,109411.1,109420.0,109302.0,109315.0,54.6438865
2025-09-27 14:00:00,109315.0,109405.8,109252.0,109288.0,65.8701756
2025-09-27 15:00:00,109288.1,109431.7,109190.0,109392.1,94.98580178
2025-09-27 16:00:00,109392.1,109424.6,109309.1,109383.8,61.5153236
2025-09-27 17:00:00,109383.8,109417.0,109234.1,109373.8,66.98477083
2025-09-27 18:00:00,109373.2,109435.5,109333.1,109416.0,63.9359373
2025-09-27 19:00:00,109416.0,109438.7,109362.0,109413.7,25.87919071
2025-09-27 20:00:00,109413.8,109431.7,109349.0,109384.3,15.71785596
2025-09-27 21:00:00,109384.3,109473.9,109382.8,109473.9,41.64467871
2025-09-27 22:00:00,109473.9,109700.0,109469.2,109597.2,248.96193013
2025-09-27 23:00:00,109597.3,109671.8,109446.9,109630.7,52.6913273
2025-09-28 00:00:00,109630.8,109783.3,109535.0,109611.0,62.55904309
2025-09-28 01:00:00,109611.0,109657.8,109324.0,109354.0,128.64696937
2025-09-28 02:00:00,109353.9,109543.0,109337.1,109444.6,62.50866451
2025-09-28 03:00:00,109447.7,109537.2,109402.5,109447.1,35.08535102
2025-09-28 04:00:00,109447.2,109489.8,109358.0,109377.0,34.37743644
2025-09-28 05:00:00,109377.0,109407.4,109349.2,109355.6,36.38041429
2025-09-28 06:00:00,109355.7,109456.5,109260.1,109411.1,71.3663631
2025-09-28 07:00:00,109411.1,109542.6,109350.0,109515.0,55.50138836
2025-09-28 08:00:00,109515.0,109591.3,109421.8,109514.4,62.22808828
2025-09-28 09:00:00,109514.6,109564.8,109324.7,109516.8,92.79432619
2025-09-28 10:00:00,109516.9,109516.9,109357.0,109378.2,86.89149076
2025-09-28 11:00:00,109378.2,109471.8,109250.0,109382.0,93.14671978
2025-09-28 12:00:00,109382.1,109456.4,109200.0,109319.8,116.7988181
2025-09-28 13:00:00,109319.9,109675.0,109319.1,109627.9,161.95701652
2025-09-28 14:00:00,109628.0,109898.9,109499.8,109846.7,112.46472557
2025-09-28 15:00:00,109846.7,110035.6,109707.9,110035.6,132.62131288
2025-09-28 16:00:00,110035.5,110399.0,110007.1,110220.7,112.09937355
2025-09-28 17:00:00,110220.8,110376.7,110122.9,110204.7,79.20199806
2025-09-28 18:00:00,110204.2,110299.0,110062.0,110298.2,56.68779467
2025-09-28 19:00:00,110298.2,110388.0,110120.0,110338.7,45.13908889
2025-09-28 20:00:00,110338.7,110947.4,110290.0,110801.9,129.7875229
2025-09-28 21:00:00,110801.8,110900.5,110631.7,110834.0,78.63734095
2025-09-28 22:00:00,110834.0,112024.3,110827.5,111939.0,267.23645942
2025-09-28 23:00:00,111939.0,112354.8,111939.0,112172.1,256.95613923
2025-09-29 00:00:00,112171.0,112308.0,111979.3,112258.0,218.43032154
2025-09-29 01:00:00,112258.1,112314.9,111725.0,111861.9,198.13831812
2025-09-29 02:00:00,111861.9,112029.0,111627.5,111749.1,161.85898342
2025-09-29 03:00:00,111749.1,111878.6,111585.0,111878.5,173.40708956
2025-09-29 04:00:00,111878.6,111910.9,111757.0,111808.6,100.19174738
2025-09-29 05:00:00,111809.0,111824.0,111572.0,111757.1,104.22738062
2025-09-29 06:00:00,111757.1,111861.5,111628.0,111644.1,126.3817174
2025-09-29 07:00:00,111644.1,111870.8,111558.4,111868.3,217.93333999
2025-09-29 08:00:00,111868.2,112447.6,111864.1,112105.2,1712.69857617
2025-09-29 09:00:00,112105.3,112230.9,111984.1,112115.8,522.80209537
2025-09-29 10:00:00,112115.9,112256.7,112034.5,112097.1,190.25954635
2025-09-29 11:00:00,112097.1,112131.0,111920.6,112115.0,117.43976394
2025-09-29 12:00:00,112115.0,112525.9,111932.6,112017.8,170.4470032
2025-09-29 13:00:00,112017.3,113498.1,111908.1,113227.1,578.34138491
2025-09-29 14:00:00,113227.0,114239.2,113207.1,114035.3,567.65015699
2025-09-29 15:00:00,114035.3,114129.9,113692.0,113819.0,243.64842939
2025-09-29 16:00:00,113819.1,114078.7,113611.0,113622.0,172.94785777
2025-09-29 17:00:00,113622.0,114193.8,113442.5,114060.0,232.33995571
2025-09-29 18:00:00,114059.9,114170.0,113868.8,114026.9,111.84335361
2025-09-29 19:00:00,114027.0,114400.0,113849.8,114269.0,215.60773645
2025-09-29 20:00:00,114268.1,114425.7,114118.4,114260.0,186.69632022
2025-09-29 21:00:00,114259.0,114342.0,114088.0,114178.1,59.91546087
2025-09-29 22:00:00,114178.0,114219.3,114020.5,114188.1,50.0120819
2025-09-29 23:00:00,114188.1,114394.0,114188.0,114313.0,104.10951522
2025-09-30 00:00:00,114313.0,114800.0,114032.3,114521.0,243.11469918
2025-09-30 01:00:00,114520.9,114785.9,114275.0,114512.0,127.61098109
2025-09-30 02:00:00,114511.7,114600.7,114362.0,114462.0,146.54126143
2025-09-30 03:00:00,114462.0,114533.0,114298.1,114374.9,110.32168661
2025-09-30 04:00:00,114375.0,114375.0,114092.8,114092.9,363.56583265
2025-09-30 05:00:00,114092.9,114223.2,113828.6,113910.0,1049.44010945
2025-09-30 06:00:00,113908.8,114094.9,113838.0,113905.9,210.22788122
2025-09-30 07:00:00,113906.0,114000.0,113595.0,113717.0,389.48588566
2025-09-30 08:00:00,113717.0,113770.0,113361.0,113448.0,217.63502072
2025-09-30 09:00:00,113448.0,113468.2,112750.0,112794.3,227.86894119
2025-09-30 10:00:00,112794.3,113091.9,112666.9,112922.1,172.18315949
2025-09-30 11:00:00,112925.8,113136.4,112802.9,113046.8,83.05296128
2025-09-30 12:00:00,113046.8,113256.2,112980.0,113003.1,98.11329006
2025-09-30 13:00:00,113003.1,113681.0,112857.9,113399.6,286.06157839
2025-09-30 14:00:00,113399.6,113642.0,112907.0,113607.4,226.03488441
2025-09-30 15:00:00,113607.5,113609.9,112929.2,113120.3,147.82092117
2025-09-30 16:00:00,113120.4,113299.9,112787.2,112841.4,131.44350117
2025-09-30 17:00:00,112841.4,113537.1,112812.3,113249.6,446.55348712
2025-09-30 18:00:00,113252.7,113717.0,113175.1,113717.0,136.09397882
2025-09-30 19:00:00,113717.0,114606.8,113702.4,114359.3,393.84709051
2025-09-30 20:00:00,114359.2,114726.6,114118.1,114632.3,130.28027846
2025-09-30 21:00:00,114632.3,114767.5,114139.0,114166.0,146.26661577
2025-09-30 22:00:00,114166.1,114366.0,113881.7,113938.5,111.91748809
2025-09-30 23:00:00,113938.4,114047.2,113760.0,114047.2,83.51598921
2025-10-01 00:00:00,114047.1,114300.0,113955.4,114236.5,132.12360413
2025-10-01 01:00:00,114236.5,114550.0,114143.0,114550.0,148.30677935
2025-10-01 02:00:00,114550.0,114555.0,114274.0,114274.1,112.51894878
2025-10-01 03:00:00,114274.1,114533.3,114101.0,114179.8,149.72546878
2025-10-01 04:00:00,114179.8,114707.2,114142.0,114290.4,123.51031608
2025-10-01 05:00:00,114290.4,114742.1,114265.0,114566.0,121.48940715
2025-10-01 06:00:00,114566.1,114625.0,114224.2,114262.3,81.1752867
2025-10-01 07:00:00,114262.4,114587.7,114242.0,114534.6,182.65181621
2025-10-01 08:00:00,114534.6,116636.9,114480.0,116118.0,912.38239248
2025-10-01 09:00:00,116118.5,116530.0,115939.7,116414.2,257.94304231
2025-10-01 10:00:00,116414.2,116550.0,116194.0,116268.8,248.70067458
2025-10-01 11:00:00,116268.9,116787.1,116254.1,116782.0,214.53974962
2025-10-01 12:00:00,116782.0,116887.9,116361.0,116412.6,240.1562052
2025-10-01 13:00:00,116412.6,116836.7,116408.0,116812.0,231.24916125
2025-10-01 14:00:00,116811.9,117432.0,116716.0,117294.6,496.47956389
2025-10-01 15:00:00,117294.7,117657.0,117067.3,117425.0,326.70040021
2025-10-01 16:00:00,117426.0,118200.0,117314.0,117536.1,1027.11694112
2025-10-01 17:00:00,117536.1,117692.0,116724.0,116761.0,372.2354641
2025-10-01 18:00:00,116762.0,117333.3,116762.0,117235.7,303.72484922
2025-10-01 19:00:00,117235.8,117619.6,117210.7,117443.0,184.20077324
2025-10-01 20:00:00,117443.1,117546.6,117165.3,117543.6,107.4361851
2025-10-01 21:00:00,117543.6,117588.0,117341.5,117563.9,60.03809648
2025-10-01 22:00:00,117564.0,118088.0,117564.0,117759.8,223.37049113
2025-10-01 23:00:00,117759.8,118655.7,117693.9,118607.7,350.31773959
2025-10-02 00:00:00,118607.7,119458.9,118412.4,118440.2,717.16874077
2025-10-02 01:00:00,118440.3,118903.9,118375.0,118634.4,415.72475783
2025-10-02 02:00:00,118634.4,118799.9,118477.7,118753.9,349.12741248
2025-10-02 03:00:00,118754.0,119067.5,118699.0,118739.6,187.50822467
2025-10-02 04:00:00,118739.6,118937.5,118428.6,118664.7,195.2327514
2025-10-02 05:00:00,118662.8,118688.9,118279.1,118382.0,206.97937719
2025-10-02 06:00:00,118380.7,118688.9,118302.7,118664.6,168.05403658
2025-10-02 07:00:00,118664.6,118680.0,118426.0,118488.0,201.82193258
2025-10-02 08:00:00,118488.0,118681.0,118359.3,118666.7,132.21734665
2025-10-02 09:00:00,118667.0,118878.2,118528.2,118878.1,214.00877835
2025-10-02 10:00:00,118878.2,118941.5,118576.8,118628.8,246.34189177
2025-10-02 11:00:00,118628.8,118892.7,118538.2,118774.5,109.92119429
2025-10-02 12:00:00,118772.8,119406.3,118754.7,119406.3,245.39977243
2025-10-02 13:00:00,119406.3,119766.0,118909.6,119618.3,861.24973037
2025-10-02 14:00:00,119618.3,119793.3,118657.7,118826.0,588.85301944
2025-10-02 15:00:00,118826.1,119920.0,118500.0,119919.9,438.64348272
2025-10-02 16:00:00,119919.9,120313.2,119591.4,119740.1,578.30415926
2025-10-02 17:00:00,119740.1,119958.0,119368.4,119916.2,342.54620039
2025-10-02 18:00:00,119916.2,120682.7,119904.1,120525.0,369.33191577
2025-10-02 19:00:00,120525.0,121039.9,120449.3,120841.7,532.17057574
2025-10-02 20:00:00,120841.7,120927.7,120313.6,120643.3,163.0089422
2025-10-02 21:00:00,120643.3,120764.2,120142.9,120150.0,101.99763501
2025-10-02 22:00:00,120150.1,120421.0,120073.3,120261.9,183.05526058
2025-10-02 23:00:00,120260.2,120677.1,120247.7,120540.8,195.23595357
2025-10-03 00:00:00,120540.8,120560.0,120083.2,120147.2,137.89133148
2025-10-03 01:00:00,120147.1,120300.0,119833.5,119885.5,194.87013776
2025-10-03 02:00:00,119885.5,120273.0,119861.7,120152.9,171.51376057
2025-10-03 03:00:00,120153.0,120485.7,120152.9,120239.2,206.2690563
2025-10-03 04:00:00,120239.2,120341.7,120019.6,120057.6,131.72942957
2025-10-03 05:00:00,120057.6,120088.4,119762.5,119939.0,253.68469352
2025-10-03 06:00:00,119939.0,120079.0,119775.3,119925.7,332.46774601
2025-10-03 07:00:00,119925.6,120021.3,119610.9,119638.1,881.42988925
2025-10-03 08:00:00,119638.2,120094.7,119257.0,120051.1,294.86109705
2025-10-03 09:00:00,120051.2,120384.1,120021.7,120309.8,192.79882513
2025-10-03 10:00:00,120309.8,120519.7,120273.0,120446.1,121.80448816
2025-10-03 11:00:00,120444.8,120482.5,120141.8,120344.8,151.62690692
2025-10-03 12:00:00,120344.9,120417.0,120099.9,120367.1,179.06822358
2025-10-03 13:00:00,120367.1,120709.7,120129.8,120381.5,347.80857014
2025-10-03 14:00:00,120381.4,120987.7,119870.7,120921.1,458.91884663
2025-10-03 15:00:00,120920.5,122367.2,120643.2,122271.2,649.31179612
2025-10-03 16:00:00,122271.3,123888.0,122271.3,122560.0,1379.38760445
2025-10-03 17:00:00,122557.2,123109.4,121605.8,122075.7,1231.55910173
2025-10-03 18:00:00,122075.8,122733.6,121486.9,122548.0,450.55208379
2025-10-03 19:00:00,122548.0,122959.4,122359.4,122671.3,328.82770167
2025-10-03 20:00:00,122664.6,122733.8,122046.9,122455.4,192.6572463
2025-10-03 21:00:00,122455.4,122460.2,122007.2,122311.4,150.85029412
2025-10-03 22:00:00,122311.5,122672.0,122311.5,122480.5,70.01491677
2025-10-03 23:00:00,122480.0,122480.0,122174.6,122239.4,80.56434768
2025-10-04 00:00:00,122239.4,122298.0,121985.6,122114.5,156.15987572
2025-10-04 01:00:00,122114.6,122124.2,121698.8,121864.9,176.80617674
2025-10-04 02:00:00,121865.0,122037.1,121682.6,121854.9,136.54744484
2025-10-04 03:00:00,121854.9,122336.6,121828.6,122245.0,177.96686374
2025-10-04 04:00:00,122247.0,122534.7,122223.0,122490.0,188.66501061
2025-10-04 05:00:00,122490.1,122800.0,122407.4,122537.9,197.35655155
2025-10-04 06:00:00,122538.0,122611.4,122392.6,122436.2,155.49256564
2025-10-04 07:00:00,122436.3,122455.5,122249.0,122304.0,944.53355401
2025-10-04 08:00:00,122304.0,122540.2,122205.8,122279.9,592.8737662
2025-10-04 09:00:00,122280.0,122467.5,122200.0,122225.0,74.40092629
2025-10-04 10:00:00,122225.1,122350.6,122120.7,122138.6,116.11563747
2025-10-04 11:00:00,122138.7,122238.0,121967.5,121978.4,102.78379379
2025-10-04 12:00:00,121978.4,122117.7,121951.4,122020.8,83.52043668
2025-10-04 13:00:00,122020.9,122519.9,122010.9,122393.0,164.58586346
2025-10-04 14:00:00,122393.0,122464.0,122000.0,122000.0,99.67518296
2025-10-04 15:00:00,122000.0,122148.1,121709.0,121797.7,180.71069269
2025-10-04 16:00:00,121797.8,121969.3,121600.0,121723.1,227.96107982
2025-10-04 17:00:00,121723.2,121922.6,121673.0,121757.8,51.3667321
2025-10-04 18:00:00,121757.8,121841.0,121519.4,121583.9,50.38555699
2025-10-04 19:00:00,121583.9,121969.3,121583.9,121969.3,28.38087901
2025-10-04 20:00:00,121969.3,122102.0,121893.8,121893.8,61.23620911
2025-10-04 21:00:00,121893.8,122352.9,121877.2,122198.8,94.45865342
2025-10-04 22:00:00,122198.9,122369.0,122141.0,122287.0,50.40588852
2025-10-04 23:00:00,122287.1,122435.8,122211.0,122396.9,73.55001606
2025-10-05 00:00:00,122397.0,122420.0,122158.4,122158.5,37.98676504
2025-10-05 01:00:00,122158.5,122415.1,122133.9,122373.6,66.22487728
2025-10-05 02:00:00,122373.7,124358.6,122335.4,124034.0,988.83198968
2025-10-05 03:00:00,124034.1,124157.0,123320.5,123779.0,394.12879765
2025-10-05 04:00:00,123779.1,125790.0,123738.6,125181.4,1244.69619634
2025-10-05 05:00:00,125181.4,125427.0,124870.8,125122.3,599.95995005
2025-10-05 06:00:00,125122.2,125224.1,124800.0,124998.0,272.41691904
2025-10-05 07:00:00,124998.0,125149.9,124607.9,124711.8,464.72689365
2025-10-05 08:00:00,124711.8,124844.0,124538.0,124602.0,207.6773068
2025-10-05 09:00:00,124602.1,124668.0,122784.0,123025.0,762.91201648
2025-10-05 10:00:00,123020.1,123133.3,122510.7,123030.1,277.14648189
2025-10-05 11:00:00,123030.1,123543.6,122851.8,123468.1,323.80003145
2025-10-05 12:00:00,123468.0,123468.1,122944.0,123091.9,285.31446716
2025-10-05 13:00:00,123092.0,123348.0,123081.0,123175.4,125.91551003
2025-10-05 14:00:00,123171.5,123330.2,122777.1,123039.9,193.89672098
2025-10-05 15:00:00,123038.0,123038.0,122667.6,122807.0,107.67752139
2025-10-05 16:00:00,122807.0,123340.0,122300.1,123274.0,321.15096384
2025-10-05 17:00:00,123274.1,123472.1,122908.1,123072.0,135.97287035
2025-10-05 18:00:00,123070.1,123230.2,122890.1,123020.0,838.73023816
2025-10-05 19:00:00,123020.0,123044.0,122520.3,122605.4,114.00698656
2025-10-05 20:00:00,122605.5,123066.5,122484.2,122723.3,88.24810363
2025-10-05 21:00:00,122723.3,122801.7,122500.0,122740.5,84.40313877
2025-10-05 22:00:00,122740.5,123283.0,122740.4,123251.2,130.32297151
2025-10-05 23:00:00,123251.2,123558.5,123230.0,123480.1,245.21075103
2025-10-06 00:00:00,123480.1,124372.0,123088.0,123355.1,430.93260829
2025-10-06 01:00:00,123355.1,124250.7,123204.5,124025.9,258.60729425
2025-10-06 02:00:00,124024.0,124229.8,123438.3,124109.9,266.59012314
2025-10-06 03:00:00,124109.9,124130.3,123739.0,123833.8,120.5386141
2025-10-06 04:00:00,123831.4,123992.0,123539.2,123580.1,93.37963592
2025-10-06 05:00:00,123580.1,123742.8,123291.6,123575.7,155.28599704
2025-10-06 06:00:00,123575.7,124173.9,123575.7,123943.7,155.97704346
2025-10-06 07:00:00,123943.6,124029.2,123280.7,123393.3,354.7029876
2025-10-06 08:00:00,123393.3,123891.7,123391.6,123864.9,365.83476346
2025-10-06 09:00:00,123864.7,124077.4,123774.2,123959.1,461.77564368
2025-10-06 10:00:00,123959.1,124150.0,123905.0,123961.6,99.15700234
2025-10-06 11:00:00,123961.6,124556.0,123735.6,124222.8,255.18116713
2025-10-06 12:00:00,124222.9,124693.9,124173.0,124570.0,300.01090491
2025-10-06 13:00:00,124569.0,125079.0,124400.2,125036.0,417.71711882
2025-10-06 14:00:00,125036.0,125348.0,124300.0,124521.7,459.23616105
2025-10-06 15:00:00,124522.8,125420.6,124510.1,124999.8,241.71498262
2025-10-06 16:00:00,124999.8,125537.8,124790.2,125459.5,280.60803446
2025-10-06 17:00:00,125459.6,125832.0,125117.4,125286.4,450.77504275
2025-10-06 18:00:00,125286.5,126200.0,125040.0,126012.4,394.61524606
2025-10-06 19:00:00,126017.0,126127.9,125244.6,125411.0,461.06131368
2025-10-06 20:00:00,125410.1,125552.7,125028.6,125221.4,172.4323337
2025-10-06 21:00:00,125219.0,125279.9,124517.8,125118.9,276.82468533
2025-10-06 22:00:00,125119.0,125297.9,124782.0,125035.0,101.77129384
2025-10-06 23:00:00,125039.4,125111.9,124635.0,124673.0,116.46721309
2025-10-07 00:00:00,124674.9,124930.8,124600.1,124899.1,127.912227
2025-10-07 01:00:00,124899.0,125091.4,124452.3,124711.0,193.85989924
2025-10-07 02:00:00,124711.0,124711.0,124132.4,124252.5,241.55356718
2025-10-07 03:00:00,124252.4,124576.1,124089.1,124329.7,183.46232043
2025-10-07 04:00:00,124329.6,124660.0,124107.0,124490.4,163.46263195
2025-10-07 05:00:00,124490.5,124642.7,124238.5,124404.0,228.23083061
2025-10-07 06:00:00,124404.0,124463.0,123794.2,123895.2,373.25242608
2025-10-07 07:00:00,123895.3,124044.0,123564.0,123676.1,234.62516477
2025-10-07 08:00:00,123676.1,123987.2,123323.8,123859.1,291.45893251
2025-10-07 09:00:00,123859.1,124242.3,123857.1,124109.3,181.19681032
2025-10-07 10:00:00,124109.3,124404.0,124017.6,124279.2,166.53942426
2025-10-07 11:00:00,124279.2,124513.1,124171.3,124447.1,180.04837926
2025-10-07 12:00:00,124447.1,125139.2,124320.3,124913.4,286.32889571
2025-10-07 13:00:00,124913.4,125053.6,123386.5,123895.3,599.90904479
2025-10-07 14:00:00,123895.3,124011.0,122578.5,122741.9,600.38125889
2025-10-07 15:00:00,122742.0,122878.0,121182.7,121859.5,1081.08149619
2025-10-07 16:00:00,121859.6,122099.9,120824.1,121694.9,589.08670433
2025-10-07 17:00:00,121694.9,121838.6,121109.0,121149.9,239.04128915
2025-10-07 18:00:00,121149.9,121314.9,120592.0,120892.1,638.25388468
2025-10-07 19:00:00,120892.1,122016.8,120860.4,121639.0,341.84876403
2025-10-07 20:00:00,121640.0,122200.0,121640.0,121949.2,131.34448088
2025-10-07 21:00:00,121949.3,122292.0,121765.9,122009.9,119.12787004
2025-10-07 22:00:00,122010.0,122176.8,121799.2,122010.4,87.31441396
2025-10-07 23:00:00,122010.4,122020.0,121255.2,121344.9,156.27803767
2025-10-08 00:00:00,121344.9,122081.9,121280.8,121908.0,212.92778123
2025-10-08 01:00:00,121908.0,122047.8,121600.8,121956.0,197.146142
2025-10-08 02:00:00,121956.1,122242.3,121824.0,122042.5,162.19850774
2025-10-08 03:00:00,122042.5,122042.5,121221.0,121372.4,188.381267
2025-10-08 04:00:00,121373.6,121916.8,121076.0,121899.4,158.33949382
2025-10-08 05:00:00,121899.5,121899.5,121172.8,121378.9,148.28166199
2025-10-08 06:00:00,121379.0,121859.2,121072.1,121788.0,243.31762853
2025-10-08 07:00:00,121788.0,121899.2,121313.8,121611.1,466.97277802
2025-10-08 08:00:00,121611.0,122862.4,121521.0,122389.0,397.84814653
2025-10-08 09:00:00,122389.0,122645.9,122370.9,122528.9,163.54068465
2025-10-08 10:00:00,122529.0,123097.0,122488.0,122938.1,147.13087945
2025-10-08 11:00:00,122940.0,123214.5,122737.8,122884.0,177.20323859
2025-10-08 12:00:00,122884.0,123061.9,122542.8,122642.5,127.93225473
2025-10-08 13:00:00,122642.6,122784.8,121666.6,122595.8,278.32814065
2025-10-08 14:00:00,122595.7,123351.6,122106.4,122321.0,312.87840091
2025-10-08 15:00:00,122321.0,122632.2,121963.6,122194.9,220.37761474
2025-10-08 16:00:00,122194.9,123125.4,122113.4,123048.8,205.69487801
2025-10-08 17:00:00,123048.8,124185.8,122957.0,124037.1,512.19412759
2025-10-08 18:00:00,124037.2,124200.0,123400.5,123446.4,238.41982517
2025-10-08 19:00:00,123446.5,123749.9,123156.0,123430.1,312.62949722
2025-10-08 20:00:00,123430.1,123719.9,122808.0,122855.9,160.93318038
2025-10-08 21:00:00,122855.9,123331.9,122808.1,123273.3,66.70581965
2025-10-08 22:00:00,123273.4,123420.2,123202.9,123202.9,36.5514423
2025-10-08 23:00:00,123202.9,123534.0,123047.8,123304.1,70.79488348
2025-10-09 00:00:00,123304.1,123349.0,122844.2,122844.2,98.40468421
2025-10-09 01:00:00,122843.4,122865.1,122334.5,122549.4,132.18251606
2025-10-09 02:00:00,122549.3,122553.4,121473.1,121617.1,273.51308281
2025-10-09 03:00:00,121617.0,122123.9,121602.0,122035.9,122.56503543
2025-10-09 04:00:00,122036.0,122270.3,121887.1,122148.0,103.21894
2025-10-09 05:00:00,122147.9,122208.3,121826.2,122112.1,124.03958486
2025-10-09 06:00:00,122112.1,122184.9,121881.6,121955.2,85.42311388
2025-10-09 07:00:00,121955.3,122064.0,121718.5,121900.8,182.59228898
2025-10-09 08:00:00,121900.7,121955.6,121144.1,121264.0,302.76075542
2025-10-09 09:00:00,121264.0,121849.6,121264.0,121814.5,170.74987924
2025-10-09 10:00:00,121814.5,122339.2,121648.7,122172.4,193.52639134
2025-10-09 11:00:00,122172.3,122844.8,122169.7,122730.3,190.00418987
2025-10-09 12:00:00,122730.4,123793.6,122717.6,123553.3,384.49602253
2025-10-09 13:00:00,123553.4,123649.8,122239.7,122409.1,441.18393595
2025-10-09 14:00:00,122409.9,122598.9,120764.4,121330.0,955.2327877
2025-10-09 15:00:00,121330.1,121734.4,120687.4,121161.3,421.72976276
2025-10-09 16:00:00,121161.3,121492.6,119693.0,119825.0,614.12805319
2025-10-09 17:00:00,119824.9,121043.9,119651.4,120970.8,333.41285005
2025-10-09 18:00:00,120970.9,121115.8,120400.1,120661.8,197.24156086
2025-10-09 19:00:00,120660.6,121124.3,120660.5,120961.0,96.83908547
2025-10-09 20:00:00,120961.6,121206.0,120855.7,121115.3,93.65715949
2025-10-09 21:00:00,121115.3,121517.9,121074.6,121463.0,97.36689633
2025-10-09 22:00:00,121464.0,121776.3,121398.4,121684.9,100.90566617
2025-10-09 23:00:00,121684.9,121789.3,121341.2,121656.4,155.08617976
2025-10-10 00:00:00,121656.5,121868.1,121599.0,121751.0,75.92284154
2025-10-10 01:00:00,121751.1,121886.8,121476.1,121635.9,94.4503694
2025-10-10 02:00:00,121635.9,121656.8,120910.7,121066.6,275.91083672
2025-10-10 03:00:00,121066.5,121580.1,120917.7,121037.8,164.63878802
2025-10-10 04:00:00,121037.8,121401.3,121032.9,121244.2,138.25061801
2025-10-10 05:00:00,121244.2,121611.0,121000.0,121591.9,103.26814082
2025-10-10 06:00:00,121591.9,121766.0,121266.0,121384.0,277.21703993
2025-10-10 07:00:00,121384.1,121399.7,120860.0,120936.8,925.34116608
2025-10-10 08:00:00,120936.9,121650.1,120922.6,121617.5,199.60708045
2025-10-10 09:00:00,121617.1,121778.6,121272.9,121321.3,241.08513419
2025-10-10 10:00:00,121321.3,121536.9,121224.9,121498.6,82.96186878
2025-10-10 11:00:00,121498.6,121661.0,121421.7,121565.7,60.87822663
2025-10-10 12:00:00,121565.7,121695.3,121426.0,121599.5,134.3214028
2025-10-10 13:00:00,121599.5,122564.1,121383.3,121669.7,648.88203803
2025-10-10 14:00:00,121669.6,122060.4,120480.9,120493.0,471.96494937
2025-10-10 15:00:00,120493.0,120632.1,118485.6,119017.0,1852.43880168
2025-10-10 16:00:00,119017.0,119460.8,118211.0,118211.0,759.19587177
2025-10-10 17:00:00,118211.1,118428.6,117562.8,117635.8,697.94018723
2025-10-10 18:00:00,117635.8,117856.2,117224.4,117233.0,395.94973671
2025-10-10 19:00:00,117233.0,117343.0,115952.9,116665.9,1018.68784101
2025-10-10 20:00:00,116666.0,117198.1,112790.1,114279.8,1621.6239147
2025-10-10 21:00:00,114279.8,115120.5,101500.0,112933.3,8554.95116079
2025-10-10 22:00:00,112920.0,113850.0,110933.0,113510.8,3198.14400156
2025-10-10 23:00:00,113510.9,114662.4,112656.3,112769.0,1717.86628746
2025-10-11 00:00:00,112770.0,113157.8,111563.4,112489.1,1506.05432804
2025-10-11 01:00:00,112489.0,112505.4,110962.2,111026.0,1892.67077473
2025-10-11 02:00:00,111026.0,113280.2,111004.0,113180.0,599.83343149
2025-10-11 03:00:00,113179.9,113298.5,111756.2,112262.0,676.51637616
2025-10-11 04:00:00,112262.1,112951.1,111678.4,112936.0,348.5956529
2025-10-11 05:00:00,112936.0,112936.0,112000.0,112377.0,722.40440516
2025-10-11 06:00:00,112377.9,112758.6,112001.0,112042.6,649.57389409
2025-10-11 07:00:00,112044.0,112105.9,110100.0,110412.9,1841.44336701
2025-10-11 08:00:00,110413.0,111528.7,110143.6,111323.6,672.59051213
2025-10-11 09:00:00,111323.6,111893.6,111261.7,111618.1,513.33432885
2025-10-11 10:00:00,111618.0,112254.3,111592.2,112109.9,650.70308523
2025-10-11 11:00:00,112110.0,112359.1,111671.0,112260.2,340.32272882
2025-10-11 12:00:00,112260.1,112466.0,112028.0,112379.0,457.9639658
2025-10-11 13:00:00,112379.0,112502.3,111872.4,112264.9,237.52358096
2025-10-11 14:00:00,112264.9,112350.6,111880.0,111988.6,171.54114848
2025-10-11 15:00:00,111988.6,112395.9,111785.6,111785.6,479.26574215
2025-10-11 16:00:00,111785.6,112097.9,111433.1,111853.9,354.59875545
2025-10-11 17:00:00,111853.9,112197.6,111710.5,112007.0,153.67545286
2025-10-11 18:00:00,112007.1,112039.9,111842.5,111966.0,65.8363269
2025-10-11 19:00:00,111966.0,112030.0,110850.5,111184.3,281.08921035
2025-10-11 20:00:00,111187.0,111383.1,109675.9,110259.0,604.71124711
2025-10-11 21:00:00,110259.1,111009.3,109568.2,110900.1,277.62873544
2025-10-11 22:00:00,110900.0,111304.9,110638.7,111039.9,118.68846862
2025-10-11 23:00:00,111040.0,111122.2,110653.9,110654.0,153.82011976
2025-10-12 00:00:00,110654.0,110690.0,109588.0,109664.9,260.29763687
2025-10-12 01:00:00,109665.0,110337.1,109647.0,109986.9,399.99308527
2025-10-12 02:00:00,109986.9,110722.5,109615.2,110125.0,362.72280989
2025-10-12 03:00:00,110125.0,111408.3,110017.8,110698.1,374.71688402
2025-10-12 04:00:00,110698.2,111959.4,110614.0,111517.9,285.36150791
2025-10-12 05:00:00,111518.0,111834.2,111190.1,111707.6,153.96800013
2025-10-12 06:00:00,111707.6,112121.2,111604.1,111688.5,285.24138461
2025-10-12 07:00:00,111688.4,111946.7,111500.0,111537.4,388.82401247
2025-10-12 08:00:00,111537.4,111803.2,111299.0,111308.0,207.03856507
2025-10-12 09:00:00,111308.1,111904.7,111132.6,111821.1,188.84129383
2025-10-12 10:00:00,111821.1,112019.0,111434.0,111646.8,203.30957721
2025-10-12 11:00:00,111646.8,112117.6,111461.1,111843.0,290.40585541
2025-10-12 12:00:00,111842.9,112250.8,111517.9,111780.5,396.2128831
2025-10-12 13:00:00,111781.0,111940.0,111224.3,111298.0,405.76101126
2025-10-12 14:00:00,111298.0,113000.0,111173.1,112346.3,949.91113667
2025-10-12 15:00:00,112348.0,113766.0,112072.3,113199.0,1355.32813157
2025-10-12 16:00:00,113199.1,114700.0,113199.1,114082.0,1246.13642295
2025-10-12 17:00:00,114082.0,114475.0,113513.5,113818.1,487.88860893
2025-10-12 18:00:00,113818.1,114250.0,113554.0,113876.0,250.02839891
2025-10-12 19:00:00,113876.0,114400.0,113815.1,114339.1,160.3392828
2025-10-12 20:00:00,114339.1,115450.0,114339.1,114928.0,374.2801727
2025-10-12 21:00:00,114928.0,115610.8,114242.3,114886.0,402.97199436
2025-10-12 22:00:00,114888.0,115766.0,114876.4,115227.1,438.00759904
2025-10-12 23:00:00,115227.1,115358.6,114737.4,114972.6,277.69431006
2025-10-13 00:00:00,114972.6,115895.6,114773.6,115280.1,423.92211991
2025-10-13 01:00:00,115280.1,115769.2,115082.5,115710.1,369.80718484
2025-10-13 02:00:00,115710.1,115960.0,115008.4,115330.0,277.69262053
2025-10-13 03:00:00,115330.1,115625.9,114617.5,114821.1,205.39403616
2025-10-13 04:00:00,114821.1,115005.7,114415.6,114701.5,362.22765433
2025-10-13 05:00:00,114701.6,114836.9,114510.0,114624.4,106.17555275
2025-10-13 06:00:00,114624.4,115382.0,114424.6,115233.1,285.18685265
2025-10-13 07:00:00,115233.1,115571.5,115032.1,115407.8,390.80780976
2025-10-13 08:00:00,115406.7,115434.0,115130.4,115264.7,196.83331107
2025-10-13 09:00:00,115264.5,115264.5,114752.5,115126.0,198.67449801
2025-10-13 10:00:00,115127.0,115172.0,114745.0,114822.9,118.5729509
2025-10-13 11:00:00,114820.1,114820.1,113603.6,114187.8,476.44389429
2025-10-13 12:00:00,114187.8,114765.5,113936.1,114419.4,294.66363873
2025-10-13 13:00:00,114417.0,115550.0,114227.6,115350.4,701.66083177
2025-10-13 14:00:00,115350.3,115478.9,113811.0,114042.3,489.44168964
2025-10-13 15:00:00,114046.0,114738.1,113981.7,114337.1,305.04873758
2025-10-13 16:00:00,114337.1,115194.8,114279.0,114670.0,351.52575026
2025-10-13 17:00:00,114670.1,115061.5,114234.0,115035.0,207.48569124
2025-10-13 18:00:00,115035.0,115370.0,114712.0,115160.0,234.48707428
2025-10-13 19:00:00,115154.5,115887.6,115075.0,115791.8,228.5478745
2025-10-13 20:00:00,115798.7,115877.9,115387.5,115720.6,110.47179929
2025-10-13 21:00:00,115716.4,115809.4,115555.1,115713.0,121.55691176
2025-10-13 22:00:00,115713.0,115851.5,115442.8,115510.5,72.31289421
2025-10-13 23:00:00,115511.0,115514.1,115011.9,115174.9,233.84280413
2025-10-14 00:00:00,115174.9,115417.2,114895.0,114972.0,239.16206487
2025-10-14 01:00:00,114970.6,115000.1,114141.6,114280.5,290.98447781
2025-10-14 02:00:00,114280.6,114304.1,113636.3,113637.1,268.93116091
2025-10-14 03:00:00,113638.0,113700.6,113280.0,113500.5,381.47285232
2025-10-14 04:00:00,113500.6,113602.7,112791.1,113066.8,556.51649965
2025-10-14 05:00:00,113066.9,113699.7,112391.1,112497.9,568.34396912
2025-10-14 06:00:00,112498.0,112712.0,111365.9,111996.6,547.24711534
2025-10-14 07:00:00,111996.6,112200.0,111470.5,111738.8,802.03279635
2025-10-14 08:00:00,111732.5,112142.6,111524.9,111809.7,529.27200182
2025-10-14 09:00:00,111809.6,112010.0,111056.9,111292.0,390.06381786
2025-10-14 10:00:00,111292.0,111348.0,110047.7,110640.1,542.21541321
2025-10-14 11:00:00,110640.1,111692.5,110630.0,111325.1,452.89701749
2025-10-14 12:00:00,111325.0,111372.3,110757.7,110816.2,460.6569932
2025-10-14 13:00:00,110816.2,111357.6,109872.7,111032.7,937.19355175
2025-10-14 14:00:00,111026.1,112214.6,110927.9,111441.0,735.18784277
2025-10-14 15:00:00,111440.3,112910.7,111073.3,112894.6,652.41895952
2025-10-14 16:00:00,112894.5,113216.6,112199.6,112342.4,781.70795903
2025-10-14 17:00:00,112342.5,112946.9,111704.5,112777.0,712.51729632
2025-10-14 18:00:00,112777.0,113481.1,112675.5,112861.9,696.01979681
2025-10-14 19:00:00,112862.0,113557.2,112026.4,112612.0,649.97888503
2025-10-14 20:00:00,112617.9,113005.0,112228.8,113000.0,184.45857123
2025-10-14 21:00:00,113000.1,113199.9,112699.9,113124.6,175.61972008
2025-10-14 22:00:00,113124.6,113578.5,112825.0,113212.7,196.51383182
2025-10-14 23:00:00,113212.1,113519.9,113018.4,113036.0,128.32367462
2025-10-15 00:00:00,113035.1,113123.7,112619.1,112994.4,260.04354104
2025-10-15 01:00:00,112994.5,113014.2,112325.5,112735.0,194.21289891
2025-10-15 02:00:00,112734.0,113619.9,112676.0,112816.9,343.55397597
2025-10-15 03:00:00,112817.0,112875.2,111811.7,112027.1,892.81577509
2025-10-15 04:00:00,112027.2,112479.0,111743.5,112343.0,257.00496935
2025-10-15 05:00:00,112343.0,112663.0,112186.3,112435.0,174.27272574
2025-10-15 06:00:00,112435.0,112588.3,111899.9,112459.6,205.44690962
2025-10-15 07:00:00,112459.7,112700.0,112220.3,112574.0,336.22553998
2025-10-15 08:00:00,112574.0,113511.1,112534.7,112950.0,689.13805486
2025-10-15 09:00:00,112950.0,113132.0,112391.4,112561.7,320.95622892
2025-10-15 10:00:00,112561.7,112664.0,112075.0,112263.1,785.76552636
2025-10-15 11:00:00,112263.0,112618.0,111652.8,111904.6,392.01902
2025-10-15 12:00:00,111904.5,112100.0,111384.9,111717.8,290.92608846
2025-10-15 13:00:00,111717.9,112024.2,110730.5,111407.1,605.14665219
2025-10-15 14:00:00,111407.1,112248.6,110810.5,111075.8,560.87752742
2025-10-15 15:00:00,111067.1,111586.5,110354.5,110802.6,549.41551346
2025-10-15 16:00:00,110802.6,111124.6,110606.7,110756.0,234.4968525
2025-10-15 17:00:00,110758.0,111190.2,110158.7,111190.1,422.60294438
2025-10-15 18:00:00,111190.0,111499.7,110825.0,111436.1,162.15909006
2025-10-15 19:00:00,111436.1,111554.0,111080.0,111268.0,278.04849203
2025-10-15 20:00:00,111265.4,111556.0,110494.0,111111.3,296.62616989
2025-10-15 21:00:00,111115.1,111418.2,110471.4,110847.4,286.38071583
2025-10-15 22:00:00,110850.0,111391.6,110662.9,110668.1,142.39833942
2025-10-15 23:00:00,110667.1,111019.6,110583.3,110763.2,113.41483904
2025-10-16 00:00:00,110763.1,110863.8,110367.8,110442.2,155.75273712
2025-10-16 01:00:00,110442.1,111338.0,110430.1,111308.0,204.79795254
2025-10-16 02:00:00,111308.1,111576.3,111025.1,111528.2,396.47036862
2025-10-16 03:00:00,111528.3,111864.0,111280.5,111332.0,291.67084884
2025-10-16 04:00:00,111334.0,111675.0,110813.5,110970.7,171.19292256
2025-10-16 05:00:00,110970.8,111468.0,110733.3,110956.0,280.8550361
2025-10-16 06:00:00,110958.9,111723.3,110925.1,111665.1,189.34698152
2025-10-16 07:00:00,111669.2,111774.0,110549.9,110569.9,534.87845787
2025-10-16 08:00:00,110569.9,110900.0,110400.0,110814.1,302.21380353
2025-10-16 09:00:00,110814.2,111650.1,109605.7,111160.4,1159.67403393
2025-10-16 10:00:00,111155.1,111724.6,111027.5,111478.1,352.37220967
2025-10-16 11:00:00,111478.0,111571.9,111015.8,111407.5,285.38293242
2025-10-16 12:00:00,111407.6,112000.0,111329.8,111524.8,379.86108838
2025-10-16 13:00:00,111524.6,111550.2,110681.9,110861.6,448.11737311
2025-10-16 14:00:00,110859.6,111422.3,109733.3,110518.6,876.95299842
2025-10-16 15:00:00,110518.5,110725.0,108345.4,108557.9,1268.36184227
2025-10-16 16:00:00,108557.9,109260.5,107580.0,109237.4,1105.54969305
2025-10-16 17:00:00,109237.4,109248.6,108206.6,108271.5,785.60653954
2025-10-16 18:00:00,108271.5,108650.0,107668.5,108647.6,799.10405757
2025-10-16 19:00:00,108647.7,108744.0,107679.5,108200.9,601.04768048
2025-10-16 20:00:00,108198.7,108425.1,107430.9,107840.4,361.67454122
2025-10-16 21:00:00,107840.4,108474.5,107592.5,108433.3,175.82550447
2025-10-16 22:00:00,108433.4,108507.3,107777.9,107802.6,142.11746859
2025-10-16 23:00:00,107802.6,108439.3,107734.4,108195.1,203.8358804
2025-10-17 00:00:00,108195.1,108834.4,107932.8,108799.9,280.44468588
2025-10-17 01:00:00,108800.0,109116.6,108518.7,108837.5,270.85853501
2025-10-17 02:00:00,108837.5,109086.6,108377.1,108985.7,241.79839601
2025-10-17 03:00:00,108985.7,109237.5,108900.0,109180.0,198.70199749
2025-10-17 04:00:00,109180.0,109244.2,108782.3,108787.4,185.8778881
2025-10-17 05:00:00,108787.4,108925.0,108311.8,108388.9,195.33468374
2025-10-17 06:00:00,108388.9,108523.7,106647.3,106759.1,884.96832603
2025-10-17 07:00:00,106756.2,106929.6,105500.0,105629.1,1598.43537755
2025-10-17 08:00:00,105629.1,105699.9,104482.4,104882.7,1634.33726933
2025-10-17 09:00:00,104882.8,105629.3,104516.7,104524.4,455.14392369
2025-10-17 10:00:00,104522.0,104918.0,103514.5,104761.0,1450.23536359
2025-10-17 11:00:00,104760.9,106620.2,104680.1,105685.8,892.5892759
2025-10-17 12:00:00,105685.8,106075.1,105226.3,105354.5,381.24972232
2025-10-17 13:00:00,105354.4,106180.5,104883.0,105839.2,700.35966265
2025-10-17 14:00:00,105831.0,106007.8,104531.7,105170.1,853.20843534
2025-10-17 15:00:00,105159.4,106845.5,105100.0,106794.2,627.0381221
2025-10-17 16:00:00,106794.2,107571.4,106250.0,106377.1,525.88066454
2025-10-17 17:00:00,106377.2,106729.9,106080.0,106450.1,390.57709665
2025-10-17 18:00:00,106454.1,107107.0,106454.1,106652.9,264.32079023
2025-10-17 19:00:00,106645.2,106899.4,106236.8,106460.9,264.48856235
2025-10-17 20:00:00,106468.6,107179.6,106359.9,107039.8,152.31223982
2025-10-17 21:00:00,107039.9,107449.9,107008.8,107297.6,144.59834235
2025-10-17 22:00:00,107297.6,107430.6,106820.5,106992.2,168.42514064
2025-10-17 23:00:00,106992.3,106995.0,106389.3,106430.8,148.84472259
2025-10-18 00:00:00,106430.9,106854.7,106330.6,106849.9,243.49747268
2025-10-18 01:00:00,106850.0,107305.4,106829.9,107161.3,177.2994188
2025-10-18 02:00:00,107161.4,107305.0,106505.0,106596.1,244.97184899
2025-10-18 03:00:00,106596.0,107135.0,106579.9,107085.0,203.20321261
2025-10-18 04:00:00,107085.0,107094.6,106443.3,106480.0,318.58586751
2025-10-18 05:00:00,106480.1,106870.0,106480.1,106830.1,157.11862863
2025-10-18 06:00:00,106830.1,106965.0,106724.8,106859.9,131.3640109
2025-10-18 07:00:00,106860.0,107500.0,106646.2,106699.0,468.00287376
2025-10-18 08:00:00,106704.0,106985.0,106624.3,106723.5,223.35939434
2025-10-18 09:00:00,106723.0,106945.0,106630.0,106900.0,213.39684994
2025-10-18 10:00:00,106900.0,107186.3,106794.9,106925.1,108.31660422
2025-10-18 11:00:00,106925.2,107248.5,106774.6,107217.8,133.02909195
2025-10-18 12:00:00,107217.9,107307.2,106977.8,107068.9,97.01503022
2025-10-18 13:00:00,107068.9,107095.0,106810.0,106892.0,99.53651558
2025-10-18 14:00:00,106892.1,107125.0,106730.0,107033.5,119.64375014
2025-10-18 15:00:00,107033.6,107155.0,106825.0,106947.0,91.26732997
2025-10-18 16:00:00,106947.0,107064.5,106469.9,106654.1,194.99867181
2025-10-18 17:00:00,106654.1,106986.7,106570.0,106876.8,145.96503787
2025-10-18 18:00:00,106876.9,106923.3,106722.3,106851.0,37.24997217
2025-10-18 19:00:00,106851.0,107094.6,106760.4,107072.9,51.9069637
2025-10-18 20:00:00,107073.0,107337.6,106986.4,107005.4,87.69130894
2025-10-18 21:00:00,107005.5,107229.0,106837.4,107163.7,76.38990197
2025-10-18 22:00:00,107163.7,107287.9,107064.3,107116.0,44.60580611
2025-10-18 23:00:00,107116.1,107198.3,107000.0,107175.6,94.88456545
2025-10-19 00:00:00,107175.5,107288.0,106750.5,106892.5,190.88105799
2025-10-19 01:00:00,106892.6,106999.8,106732.3,106972.2,112.46319391
2025-10-19 02:00:00,106972.4,107000.0,106813.4,106851.4,100.13437397
2025-10-19 03:00:00,106851.5,107372.0,106803.5,107274.9,216.6121889
2025-10-19 04:00:00,107275.0,107289.2,106950.1,107041.7,141.56845643
2025-10-19 05:00:00,107043.0,107175.4,106807.0,106894.6,87.55086541
2025-10-19 06:00:00,106894.7,106911.9,106555.5,106774.5,124.9135407
2025-10-19 07:00:00,106774.6,106920.7,106707.0,106782.7,63.66188108
2025-10-19 08:00:00,106782.6,107221.0,106250.5,106448.9,823.12728861
2025-10-19 09:00:00,106448.8,108218.5,106110.5,107405.5,1545.87309266
2025-10-19 10:00:00,107405.8,107890.0,107000.0,107890.0,436.9935096
2025-10-19 11:00:00,107890.0,108262.2,107639.9,107783.0,474.89101187
2025-10-19 12:00:00,107783.1,107858.9,107452.7,107671.1,193.9575212
2025-10-19 13:00:00,107671.0,108227.1,107375.0,108082.1,225.05129159
2025-10-19 14:00:00,108082.1,108514.0,107890.9,108416.3,310.947657
2025-10-19 15:00:00,108416.0,108625.0,108287.9,108480.0,327.66077688
2025-10-19 16:00:00,108480.0,108962.7,108238.1,108627.0,236.86815723
2025-10-19 17:00:00,108627.9,109437.9,108614.9,109116.1,294.75342754
2025-10-19 18:00:00,109116.2,109450.0,109034.0,109390.9,102.64129572
2025-10-19 19:00:00,109390.9,109390.9,108806.9,108916.7,128.34767864
2025-10-19 20:00:00,108916.7,108991.7,108814.9,108846.6,45.40994956
2025-10-19 21:00:00,108843.2,108878.2,108600.1,108744.0,106.72795003
2025-10-19 22:00:00,108744.1,109376.4,108744.1,109152.0,233.43369798
2025-10-19 23:00:00,109152.1,109152.1,108475.7,108649.8,256.27887487
2025-10-20 00:00:00,108649.6,108649.6,107425.6,108058.7,584.29189018
2025-10-20 01:00:00,108059.9,108288.6,107895.2,108063.1,251.79031313
2025-10-20 02:00:00,108063.1,108971.7,107853.9,108777.0,320.20941181
2025-10-20 03:00:00,108777.1,110422.6,108567.7,110144.0,497.23188347
2025-10-20 04:00:00,110143.9,110545.7,109948.1,110426.7,394.64934716
2025-10-20 05:00:00,110426.7,111135.8,110289.1,111038.0,912.90708563
2025-10-20 06:00:00,111040.0,111374.2,111000.2,111294.0,376.89796268
2025-10-20 07:00:00,111294.0,111406.5,111050.4,111182.1,451.12975867
2025-10-20 08:00:00,111182.2,111666.6,110950.6,111096.7,519.49086625
2025-10-20 09:00:00,111096.8,111200.0,110694.7,110975.0,299.34090341
2025-10-20 10:00:00,110975.0,111116.0,110668.1,110750.3,250.57493142
2025-10-20 11:00:00,110750.2,111049.8,110630.5,111029.9,187.80835011
2025-10-20 12:00:00,111029.9,111222.2,110788.0,110855.0,230.20605614
2025-10-20 13:00:00,110856.3,111263.0,110600.0,111164.0,430.54699193
2025-10-20 14:00:00,111164.1,111398.8,110743.0,111223.1,349.5383812
2025-10-20 15:00:00,111223.2,111719.3,111017.1,111153.9,512.25570933
2025-10-20 16:00:00,111154.0,111317.5,110124.9,110682.1,1008.85725572
2025-10-20 17:00:00,110681.9,111088.3,109851.5,110292.7,487.76750227
2025-10-20 18:00:00,110295.2,110969.9,110218.8,110933.9,243.62352018
2025-10-20 19:00:00,110932.9,111062.5,110527.2,110800.3,334.73710973
2025-10-20 20:00:00,110800.1,111275.0,110656.8,111100.0,245.39527505
2025-10-20 21:00:00,111100.1,111255.2,110475.0,110575.0,148.55464523
2025-10-20 22:00:00,110574.9,110877.8,110425.0,110799.3,74.20326482
2025-10-20 23:00:00,110801.3,110828.0,110531.7,110544.4,142.79838323
2025-10-21 00:00:00,110544.5,110544.5,110175.2,110451.0,174.35770288
2025-10-21 01:00:00,110450.5,110490.6,109543.9,109858.4,311.59440545
2025-10-21 02:00:00,109858.5,109917.4,109284.8,109526.0,245.19513801
2025-10-21 03:00:00,109526.0,109632.7,109068.8,109068.8,282.0183137
2025-10-21 04:00:00,109068.8,109068.8,107649.3,107791.7,791.25561611
2025-10-21 05:00:00,107793.8,107994.8,107476.8,107548.6,440.75377262
2025-10-21 06:00:00,107548.7,108211.3,107506.0,107906.6,490.52372565
2025-10-21 07:00:00,107906.6,108208.6,107647.0,108091.1,557.25429546
2025-10-21 08:00:00,108091.1,108110.7,107476.8,107698.6,450.69102016
2025-10-21 09:00:00,107698.6,107867.2,107517.3,107747.9,359.60366661
2025-10-21 10:00:00,107747.9,108819.0,107565.7,108498.9,684.69272368
2025-10-21 11:00:00,108498.8,108636.0,108158.0,108569.8,335.9413727
2025-10-21 12:00:00,108569.9,109494.7,108462.6,108790.8,488.57808027
2025-10-21 13:00:00,108790.9,108896.8,107901.9,108434.5,502.33917222
2025-10-21 14:00:00,108442.0,112332.5,108397.3,112192.0,1470.63549357
2025-10-21 15:00:00,112192.1,113558.0,111730.2,113426.5,1378.22752467
2025-10-21 16:00:00,113426.6,114013.6,112483.1,112576.7,1110.74519066
2025-10-21 17:00:00,112583.1,113006.9,111814.1,112017.8,926.58497523
2025-10-21 18:00:00,112017.8,112313.4,111343.0,112003.9,474.24510143
2025-10-21 19:00:00,112003.9,112213.7,111575.0,111790.9,235.69628798
2025-10-21 20:00:00,111792.3,111816.7,110566.6,110810.1,468.1468147
2025-10-21 21:00:00,110808.1,111128.3,110086.6,110833.0,422.93672823
2025-10-21 22:00:00,110832.9,110832.9,108290.0,109075.1,1179.62393164
2025-10-21 23:00:00,109075.1,109444.4,108035.5,108310.0,614.75277297
2025-10-22 00:00:00,108310.0,108649.5,107833.9,107987.7,490.98398741
2025-10-22 01:00:00,107987.8,108476.8,107987.8,108368.3,269.59477777
2025-10-22 02:00:00,108374.7,108684.4,108206.0,108207.0,189.66737134
2025-10-22 03:00:00,108207.0,108231.5,107850.3,108219.6,200.87779941
2025-10-22 04:00:00,108219.7,108624.0,108157.4,108615.0,226.79102238
2025-10-22 05:00:00,108615.5,108644.1,107888.9,108167.9,354.99259793
2025-10-22 06:00:00,108168.0,108339.6,107945.9,107978.2,199.81765663
2025-10-22 07:00:00,107978.2,108330.3,107600.0,108330.3,469.0611325
2025-10-22 08:00:00,108330.3,108392.2,108089.6,108224.9,282.88387524
2025-10-22 09:00:00,108225.0,108279.8,107775.5,107968.2,285.08199035
2025-10-22 10:00:00,107968.2,108122.1,107640.6,107656.5,188.56744453
2025-10-22 11:00:00,107661.0,108216.8,106650.9,107550.7,1166.45520833
2025-10-22 12:00:00,107550.7,108399.6,107450.0,108026.9,363.32175049
2025-10-22 13:00:00,108026.9,109025.3,107600.0,108781.1,949.22630485
2025-10-22 14:00:00,108781.1,108995.4,107483.1,108944.3,1589.67315897
2025-10-22 15:00:00,108948.0,109150.0,107750.0,108412.8,800.03162325
2025-10-22 16:00:00,108412.8,108800.0,107851.7,108225.0,797.23982284
2025-10-22 17:00:00,108225.1,108344.0,107566.1,107780.1,527.40512617
2025-10-22 18:00:00,107780.1,108199.9,107460.1,108021.0,436.90849426
2025-10-22 19:00:00,108021.0,108394.4,107681.8,107867.0,411.70229062
2025-10-22 20:00:00,107867.4,108075.0,107503.0,107690.6,266.69872506
2025-10-22 21:00:00,107690.6,107744.9,106666.6,107208.8,537.73902362
2025-10-22 22:00:00,107208.8,107679.9,106928.6,107191.1,261.44425094
2025-10-22 23:00:00,107191.1,107950.0,107160.1,107584.0,262.24582858
2025-10-23 00:00:00,107584.0,107987.0,107517.1,107865.5,137.94430532
2025-10-23 01:00:00,107865.4,108491.3,107816.2,108168.8,493.34958338
2025-10-23 02:00:00,108172.3,108419.4,108075.0,108419.4,143.69534472
2025-10-23 03:00:00,108419.7,108750.0,108333.6,108375.0,191.54792541
2025-10-23 04:00:00,108375.0,108939.9,108354.7,108639.9,187.75849218
2025-10-23 05:00:00,108640.0,108986.0,108624.9,108950.4,151.56744381
2025-10-23 06:00:00,108950.5,110300.3,108846.9,110242.4,619.72295487
2025-10-23 07:00:00,110247.4,110274.8,109207.3,109269.5,434.06764867
2025-10-23 08:00:00,109269.5,109901.6,109241.0,109507.8,226.32415322
2025-10-23 09:00:00,109507.1,109547.3,109128.1,109437.0,208.95200038
2025-10-23 10:00:00,109437.0,109706.4,109388.1,109434.9,240.96547541
2025-10-23 11:00:00,109435.0,109655.9,109106.6,109263.2,251.35986488
2025-10-23 12:00:00,109260.2,109260.2,108700.0,109174.8,438.24638424
2025-10-23 13:00:00,109175.0,109631.0,108812.3,109507.7,471.29899708
2025-10-23 14:00:00,109507.7,109846.1,108724.5,109599.9,671.79921236
2025-10-23 15:00:00,109600.0,110110.7,109476.4,109899.9,438.80173038
2025-10-23 16:00:00,109899.9,110583.2,109637.8,110253.1,468.54220445
2025-10-23 17:00:00,110253.2,111291.9,109631.7,111237.7,594.31924686
2025-10-23 18:00:00,111238.0,111288.0,110262.8,110572.1,338.19643898
2025-10-23 19:00:00,110572.3,110625.1,110100.0,110204.9,240.7253708
2025-10-23 20:00:00,110205.1,110210.4,109350.0,109520.9,451.92441305
2025-10-23 21:00:00,109520.8,109736.7,109375.0,109550.0,213.8385528
2025-10-23 22:00:00,109550.0,110166.4,109517.4,109937.8,209.96737388
2025-10-23 23:00:00,109937.9,110098.0,109834.8,110073.8,174.21714503
2025-10-24 00:00:00,110073.9,110699.9,109988.1,110503.1,288.49269852
2025-10-24 01:00:00,110503.2,110675.0,110148.1,110585.1,204.11028034
2025-10-24 02:00:00,110585.1,110833.9,110352.2,110571.4,144.85667863
2025-10-24 03:00:00,110571.5,110641.0,110282.0,110451.9,190.63646427
2025-10-24 04:00:00,110452.0,111477.2,110338.0,111168.3,441.6944792
2025-10-24 05:00:00,111168.4,111316.0,110936.6,111254.5,292.93129387
2025-10-24 06:00:00,111255.3,111510.0,111125.3,111472.1,228.48570957
2025-10-24 07:00:00,111472.0,111548.1,110781.3,111053.9,644.02014138
2025-10-24 08:00:00,111053.9,111239.0,110700.0,111098.3,411.86649678
2025-10-24 09:00:00,111098.3,111497.5,110999.9,111338.8,337.92380472
2025-10-24 10:00:00,111338.9,111342.2,111075.5,111132.3,180.45711718
2025-10-24 11:00:00,111132.3,111285.0,110604.2,111075.5,278.98406445
2025-10-24 12:00:00,111075.6,112188.0,110875.0,111313.2,916.57995004
2025-10-24 13:00:00,111313.2,111451.9,110385.0,110946.1,679.22245173
2025-10-24 14:00:00,110946.0,110946.0,109700.6,110221.2,918.15492219
2025-10-24 15:00:00,110221.2,110621.0,109876.0,110056.0,379.76142475
2025-10-24 16:00:00,110056.1,110386.9,109808.8,110258.4,232.79096167
2025-10-24 17:00:00,110258.5,110575.0,110186.3,110224.9,156.36784411
2025-10-24 18:00:00,110224.8,110634.8,110153.4,110598.7,112.86231074
2025-10-24 19:00:00,110598.8,110942.0,110519.0,110613.1,178.09773811
2025-10-24 20:00:00,110613.2,111016.6,110482.9,110892.9,128.84231432
2025-10-24 21:00:00,110894.3,111109.5,110631.3,111083.0,243.05493199
2025-10-24 22:00:00,111083.1,111130.4,110925.0,111020.1,64.4498372
2025-10-24 23:00:00,111020.0,111121.0,110880.1,111010.0,62.7649025
2025-10-25 00:00:00,111009.9,111050.0,110663.3,110770.9,117.68985284
2025-10-25 01:00:00,110771.2,111243.3,110750.2,111075.3,137.67666798
2025-10-25 02:00:00,111075.3,111131.0,110955.9,111044.2,54.16090563
2025-10-25 03:00:00,111044.2,111139.0,111000.0,111023.1,77.95620521
2025-10-25 04:00:00,111023.1,111447.6,111023.0,111221.1,137.34036268
2025-10-25 05:00:00,111221.1,111427.1,111075.6,111382.7,116.93065412
2025-10-25 06:00:00,111383.2,111495.0,111249.8,111360.8,96.00544812
2025-10-25 07:00:00,111360.8,111825.4,111358.4,111501.1,301.54884179
2025-10-25 08:00:00,111501.1,111795.1,111482.0,111768.1,82.37217385
2025-10-25 09:00:00,111768.1,111838.0,111483.3,111524.7,159.58152926
2025-10-25 10:00:00,111524.8,111725.1,111391.0,111564.7,263.2816864
2025-10-25 11:00:00,111564.2,111664.7,111480.0,111569.9,81.62229029
2025-10-25 12:00:00,111570.0,111950.0,111529.0,111906.0,154.81186238
2025-10-25 13:00:00,111906.1,111925.0,111524.8,111700.0,187.69454509
2025-10-25 14:00:00,111700.0,111771.0,111525.0,111599.1,101.04622401
2025-10-25 15:00:00,111599.2,111599.2,111325.8,111391.9,131.3008465
2025-10-25 16:00:00,111392.0,111489.8,111176.0,111379.0,197.39698064
2025-10-25 17:00:00,111378.9,111469.0,111300.9,111386.7,106.45023871
2025-10-25 18:00:00,111386.8,111742.5,111324.9,111725.3,106.01642932
2025-10-25 19:00:00,111725.2,111737.5,111578.4,111631.4,85.64111478
2025-10-25 20:00:00,111631.2,111665.9,111379.6,111442.8,80.57638349
2025-10-25 21:00:00,111442.8,111491.0,111349.4,111486.5,64.35997361
2025-10-25 22:00:00,111486.5,111694.3,111416.0,111630.2,59.24990086
2025-10-25 23:00:00,111630.2,111675.0,111532.5,111650.0,65.5154312
2025-10-26 00:00:00,111650.0,111917.8,111547.2,111720.6,127.83622483
2025-10-26 01:00:00,111720.7,111843.5,111525.0,111643.6,112.100395
2025-10-26 02:00:00,111643.7,111683.5,111420.1,111455.1,104.23920522
2025-10-26 03:00:00,111455.1,111522.6,111260.3,111266.0,73.97748265
2025-10-26 04:00:00,111266.0,111475.2,111250.2,111430.9,57.58162585
2025-10-26 05:00:00,111430.8,111644.0,111356.2,111601.1,83.2003766
2025-10-26 06:00:00,111601.2,111666.0,111531.6,111624.0,48.90720389
2025-10-26 07:00:00,111624.0,111725.1,111607.0,111719.9,53.12107706
2025-10-26 08:00:00,111719.9,111846.2,111719.9,111773.4,84.86719956
2025-10-26 09:00:00,111773.4,112799.3,111702.5,112541.0,556.48061052
2025-10-26 10:00:00,112541.0,112578.8,112200.5,112494.9,217.81313092
2025-10-26 11:00:00,112494.9,113499.0,112429.2,113299.9,570.46411735
2025-10-26 12:00:00,113299.9,113838.0,113290.1,113584.9,347.51080724
2025-10-26 13:00:00,113584.9,114047.7,113272.0,113714.7,571.07745308
2025-10-26 14:00:00,113715.0,113903.8,113525.6,113567.0,220.93430658
2025-10-26 15:00:00,113566.9,113740.8,113418.1,113699.7,200.49148193
2025-10-26 16:00:00,113699.8,113751.0,113280.0,113506.6,313.27458693
2025-10-26 17:00:00,113506.5,113746.6,113425.2,113433.5,83.32847229
2025-10-26 18:00:00,113433.5,113787.4,113433.4,113583.1,95.02190264
2025-10-26 19:00:00,113583.1,113724.9,113500.0,113591.9,77.32344098
2025-10-26 20:00:00,113591.9,113591.9,113287.5,113315.3,63.67860658
2025-10-26 21:00:00,113315.4,113588.6,112900.0,113498.9,164.61056658
2025-10-26 22:00:00,113499.0,115590.0,113499.0,114688.9,970.6512774
2025-10-26 23:00:00,114689.0,114971.0,114382.9,114554.6,206.83660557
2025-10-27 00:00:00,114555.7,115194.8,114366.0,114770.9,270.67537931
2025-10-27 01:00:00,114770.4,115389.3,114705.5,115281.9,231.39427262
2025-10-27 02:00:00,115282.0,115495.5,114826.0,114888.0,238.15034566
2025-10-27 03:00:00,114888.1,115255.9,114839.2,114984.4,173.13148417
2025-10-27 04:00:00,114984.4,115291.2,114951.6,115258.7,107.67017745
2025-10-27 05:00:00,115258.7,115650.6,115258.6,115550.0,312.49004704
2025-10-27 06:00:00,115549.2,116118.3,115355.2,116044.4,447.32533702
2025-10-27 07:00:00,116044.3,116400.0,115477.2,115550.8,710.79948021
2025-10-27 08:00:00,115550.8,115602.0,114900.0,115025.0,371.64358545
2025-10-27 09:00:00,115025.1,115369.1,114825.5,115254.1,341.76932373
2025-10-27 10:00:00,115254.1,115559.6,115122.7,115463.0,131.21901758
2025-10-27 11:00:00,115463.1,115544.3,115132.7,115353.1,165.51707429
2025-10-27 12:00:00,115353.1,115442.3,115000.5,115057.5,345.12217328
2025-10-27 13:00:00,115057.6,115407.5,114600.0,115262.2,612.14319685
2025-10-27 14:00:00,115262.3,115370.8,114500.0,114800.0,812.93867434
2025-10-27 15:00:00,114800.0,115220.3,114775.1,114959.8,400.48352844
2025-10-27 16:00:00,114959.9,115625.0,114875.1,115488.8,403.70574222
2025-10-27 17:00:00,115488.8,115723.5,115300.0,115701.1,279.24951358
2025-10-27 18:00:00,115700.5,115800.0,115313.5,115336.6,206.26607101
2025-10-27 19:00:00,115336.7,115336.7,114792.8,114949.3,382.58855397
2025-10-27 20:00:00,114949.9,114949.9,114428.1,114470.0,336.51959987
2025-10-27 21:00:00,114470.0,114629.8,114100.0,114310.5,332.32102199
2025-10-27 22:00:00,114310.6,114589.9,114049.9,114121.6,285.36279224
2025-10-27 23:00:00,114121.7,114229.9,113850.0,114111.7,353.11532212
2025-10-28 00:00:00,114111.8,114369.9,113789.4,113971.0,349.45839646
2025-10-28 01:00:00,113971.1,114535.6,113971.1,114419.9,233.98792485
2025-10-28 02:00:00,114419.9,114470.0,113573.5,113934.0,313.48699726
2025-10-28 03:00:00,113934.0,114110.0,113720.3,113917.8,155.94590371
2025-10-28 04:00:00,113917.9,114069.8,113772.7,113962.9,134.96210098
2025-10-28 05:00:00,113963.0,113999.6,113440.3,113612.0,193.79009923
2025-10-28 06:00:00,113614.4,114189.9,113608.0,114116.0,171.52991594
2025-10-28 07:00:00,114116.1,114366.8,114090.0,114179.5,387.89129446
2025-10-28 08:00:00,114179.4,114472.8,114097.6,114428.0,303.24001347
2025-10-28 09:00:00,114427.9,114629.9,114184.5,114515.4,231.73977668
2025-10-28 10:00:00,114515.4,114600.0,114420.0,114588.3,95.59609192
2025-10-28 11:00:00,114588.4,114659.9,114280.2,114339.7,152.71099464
2025-10-28 12:00:00,114339.6,114509.9,114138.0,114440.9,171.8496009
2025-10-28 13:00:00,114441.0,115526.8,114441.0,115526.0,678.19966788
2025-10-28 14:00:00,115526.1,116100.0,114240.0,115069.0,1095.3356234
2025-10-28 15:00:00,115069.3,115400.0,114507.2,114646.0,328.45285664
2025-10-28 16:00:00,114644.1,115500.2,114540.0,115346.7,298.99254637
2025-10-28 17:00:00,115346.8,115590.0,115223.7,115300.6,97.36810276
2025-10-28 18:00:00,115300.7,115379.2,114644.6,115017.0,185.42834467
2025-10-28 19:00:00,115016.2,115065.5,113567.0,113690.0,847.26054601
2025-10-28 20:00:00,113690.0,113700.1,112333.0,112802.2,782.27937678
2025-10-28 21:00:00,112802.2,113222.2,112200.0,113000.7,354.8432986
2025-10-28 22:00:00,113001.1,113289.0,112835.2,113225.1,118.62062227
2025-10-28 23:00:00,113225.0,113232.4,112770.3,112892.9,186.55549574
2025-10-29 00:00:00,112892.9,112901.0,112430.0,112430.0,213.75597177
2025-10-29 01:00:00,112430.1,112975.0,112084.7,112480.1,465.55421374
2025-10-29 02:00:00,112480.1,112777.7,112380.9,112667.2,147.92606927
2025-10-29 03:00:00,112664.2,112664.2,112324.8,112510.6,180.49002185
2025-10-29 04:00:00,112509.3,112874.8,112487.8,112805.4,147.98304513
2025-10-29 05:00:00,112805.4,113349.4,112783.7,113023.5,318.45391665
2025-10-29 06:00:00,113023.5,113336.7,112946.7,113271.0,259.76467745
2025-10-29 07:00:00,113271.0,113561.1,113218.1,113559.9,389.84413584
2025-10-29 08:00:00,113560.0,113618.0,112940.0,113052.0,407.83029686
2025-10-29 09:00:00,113050.7,113090.1,112768.3,112980.0,433.43058152
2025-10-29 10:00:00,112980.0,113188.6,112730.0,112860.0,193.61195045
2025-10-29 11:00:00,112860.1,113250.0,112740.0,113131.1,298.75184884
2025-10-29 12:00:00,113131.1,113322.4,113059.9,113165.5,376.88743264
2025-10-29 13:00:00,113165.6,113652.8,112714.0,112878.5,666.29982096
2025-10-29 14:00:00,112875.1,112920.0,112255.2,112490.1,771.12722447
2025-10-29 15:00:00,112490.0,112589.8,111405.1,111514.5,1240.57349834
2025-10-29 16:00:00,111514.5,111526.9,110946.4,111115.4,974.94669698
2025-10-29 17:00:00,111115.4,111920.0,111009.7,111860.0,294.25640838
2025-10-29 18:00:00,111860.0,112020.0,109145.5,110796.1,1979.87814336
2025-10-29 19:00:00,110796.1,111440.0,110153.9,110651.4,368.7680899
2025-10-29 20:00:00,110654.0,111540.2,110400.1,111434.0,267.63269978
2025-10-29 21:00:00,111434.0,111790.0,111375.1,111609.9,141.15727583
2025-10-29 22:00:00,111610.0,111620.0,110955.1,111032.0,142.04743389
2025-10-29 23:00:00,111031.9,111078.1,109721.8,110024.2,383.95630276
2025-10-30 00:00:00,110024.2,110592.5,109723.2,110572.7,228.63954413
2025-10-30 01:00:00,110572.8,110733.0,110262.4,110459.0,209.5871066
2025-10-30 02:00:00,110459.0,111000.0,110316.4,110982.9,154.00146059
2025-10-30 03:00:00,110983.0,110992.1,110532.7,110756.1,152.38298211
2025-10-30 04:00:00,110755.7,110760.4,107909.5,108564.0,1268.81465878
2025-10-30 05:00:00,108564.0,110437.3,108422.0,110259.1,464.78089302
2025-10-30 06:00:00,110259.0,110956.9,109985.7,110759.0,261.57760089
2025-10-30 07:00:00,110760.9,111600.0,110642.7,111367.2,384.1725594
2025-10-30 08:00:00,111367.3,111433.9,110661.8,110704.1,409.85280153
2025-10-30 09:00:00,110704.2,110804.9,110114.7,110175.2,202.10196271
2025-10-30 10:00:00,110175.2,110227.1,109820.9,110103.5,219.27658737
2025-10-30 11:00:00,110103.6,110147.3,109685.1,109716.9,210.4459194
2025-10-30 12:00:00,109717.0,109788.1,108288.2,108389.3,902.81607904
2025-10-30 13:00:00,108389.3,108748.3,107400.0,107635.2,958.27960454
2025-10-30 14:00:00,107640.9,108381.8,107626.9,108280.0,495.50902588
2025-10-30 15:00:00,108277.6,108353.9,107323.9,107716.1,556.45887239
2025-10-30 16:00:00,107716.2,108215.7,107540.1,108140.4,300.03252641
2025-10-30 17:00:00,108140.4,108158.2,106807.7,107490.8,650.84732002
2025-10-30 18:00:00,107490.9,107550.3,106794.4,106848.2,244.99295455
2025-10-30 19:00:00,106840.5,107159.6,106308.9,106536.4,491.9215517
2025-10-30 20:00:00,106536.5,107650.0,106316.6,107506.2,429.18251467
2025-10-30 21:00:00,107506.3,107948.7,107400.0,107913.0,203.1058433
2025-10-30 22:00:00,107914.0,107935.4,107470.9,107909.8,137.76955937
2025-10-30 23:00:00,107909.8,108348.5,107600.2,108311.6,299.06818073
2025-10-31 00:00:00,108311.7,109593.4,108269.2,109321.8,376.59458279
2025-10-31 01:00:00,109321.9,110028.0,109169.1,109624.9,389.15862247
2025-10-31 02:00:00,109624.9,109689.0,108560.0,108859.6,315.8684173
2025-10-31 03:00:00,108859.6,109323.0,108620.0,109219.1,310.91030776
2025-10-31 04:00:00,109219.1,110214.3,109092.2,110077.7,548.87026062
2025-10-31 05:00:00,110077.7,110077.7,109690.6,109895.8,149.29018818
2025-10-31 06:00:00,109895.9,109966.9,109513.8,109638.4,122.86062924
2025-10-31 07:00:00,109638.5,109793.6,109250.8,109434.1,353.16277042
2025-10-31 08:00:00,109434.1,110095.3,109201.6,110041.2,600.65687156
2025-10-31 09:00:00,110041.2,110450.0,109807.5,109849.9,639.52950751
2025-10-31 10:00:00,109850.1,110122.9,109713.0,109814.7,181.00148951
2025-10-31 11:00:00,109812.4,110550.2,109475.0,110429.1,352.97628354
2025-10-31 12:00:00,110424.8,110705.6,109619.4,109649.9,440.9983047
2025-10-31 13:00:00,109649.9,110258.5,109377.3,110149.0,513.33520221
2025-10-31 14:00:00,110150.0,111040.8,109586.0,110769.9,1052.6200977
2025-10-31 15:00:00,110770.0,111172.7,110113.4,110188.7,439.43858581
2025-10-31 16:00:00,110180.8,110299.0,108668.9,108829.8,836.14547073
2025-10-31 17:00:00,108829.9,109405.3,108630.3,109293.8,773.44675925
2025-10-31 18:00:00,109292.1,109800.0,108975.0,109440.0,526.83645529
2025-10-31 19:00:00,109440.0,110236.0,109120.6,109825.1,621.75534099
2025-10-31 20:00:00,109825.1,109825.1,109443.3,109489.6,343.99028576
2025-10-31 21:00:00,109489.6,109743.3,109314.0,109569.9,185.806564
2025-10-31 22:00:00,109570.0,109799.0,109480.1,109589.7,95.95575378
2025-10-31 23:00:00,109589.5,109674.9,109519.9,109604.1,62.16735979
2025-11-01 00:00:00,109604.1,109750.0,109390.0,109726.9,173.39422808
2025-11-01 01:00:00,109727.0,110070.1,109700.0,109730.0,127.70160911
2025-11-01 02:00:00,109730.0,109859.8,109479.5,109783.2,152.10101529
2025-11-01 03:00:00,109783.2,110297.5,109780.0,110232.4,189.82285925
2025-11-01 04:00:00,110232.4,110548.0,110099.9,110273.8,175.37943543
2025-11-01 05:00:00,110273.9,110383.0,110038.9,110130.2,201.49658591
2025-11-01 06:00:00,110130.2,110174.9,109949.0,110004.0,82.64034447
2025-11-01 07:00:00,110004.0,110249.9,109990.0,110072.7,156.18011256
2025-11-01 08:00:00,110072.7,110267.1,110072.7,110238.0,110.96676868
2025-11-01 09:00:00,110238.1,110251.1,109970.3,109989.9,111.70914038
2025-11-01 10:00:00,109990.0,110171.1,109806.6,110154.9,283.19988205
2025-11-01 11:00:00,110155.0,110225.0,109990.0,110136.0,124.82509221
2025-11-01 12:00:00,110136.0,110200.0,110000.1,110013.1,164.25039195
2025-11-01 13:00:00,110013.2,110071.3,109714.6,109949.1,150.55246829
2025-11-01 14:00:00,109949.0,109998.0,109730.0,109938.1,103.83004437
2025-11-01 15:00:00,109938.1,110351.2,109910.7,110300.2,178.8610871
2025-11-01 16:00:00,110299.4,110522.0,110175.0,110462.3,228.58420459
2025-11-01 17:00:00,110462.4,110496.8,110180.9,110204.0,61.34425993
2025-11-01 18:00:00,110204.1,110370.0,110187.0,110332.0,25.97161857
2025-11-01 19:00:00,110332.1,110332.1,110213.8,110301.0,21.74060764
2025-11-01 20:00:00,110301.1,110521.9,110299.0,110410.9,33.49124557
2025-11-01 21:00:00,110411.0,110440.3,109862.0,109865.6,84.31625711
2025-11-01 22:00:00,109865.6,110099.0,109865.6,110092.7,62.80491744
2025-11-01 23:00:00,110092.7,110142.8,109975.0,110096.0,70.48506743
2025-11-02 00:00:00,110096.0,110141.5,109900.0,109970.3,74.73047137
2025-11-02 01:00:00,109970.3,110100.0,109919.8,109979.9,53.69673473
2025-11-02 02:00:00,109979.8,110259.3,109880.4,110009.5,105.78822596
2025-11-02 03:00:00,110009.6,110086.1,109960.0,110050.3,54.41134121
2025-11-02 04:00:00,110050.4,110788.0,110016.9,110669.9,193.68965299
2025-11-02 05:00:00,110669.9,110710.1,110282.5,110507.1,228.83717537
2025-11-02 06:00:00,110507.1,110726.0,110300.0,110662.2,80.21238428
2025-11-02 07:00:00,110662.3,111039.9,110418.5,110892.9,188.99806699
2025-11-02 08:00:00,110893.0,111014.1,110700.9,110840.5,180.93196244
2025-11-02 09:00:00,110840.0,111041.5,110500.0,110701.0,134.73951652
2025-11-02 10:00:00,110701.0,110849.9,110345.7,110507.0,329.7187955
2025-11-02 11:00:00,110507.1,111237.0,110503.1,111196.0,430.9334297
2025-11-02 12:00:00,111196.0,111245.5,110688.4,110737.2,106.96906151
2025-11-02 13:00:00,110737.3,110772.6,110184.1,110566.4,127.21483895
2025-11-02 14:00:00,110566.5,110672.0,110200.0,110418.9,218.49872699
2025-11-02 15:00:00,110419.0,110580.2,110096.8,110117.0,190.40896273
2025-11-02 16:00:00,110117.1,110139.9,109747.7,110120.0,387.52959676
2025-11-02 17:00:00,110120.0,110269.9,110030.0,110189.9,126.28085784
2025-11-02 18:00:00,110189.9,110339.9,110174.8,110339.9,80.37035533
2025-11-02 19:00:00,110340.0,110340.2,109970.1,110178.0,132.51334547
2025-11-02 20:00:00,110178.3,110217.2,109900.0,110092.1,85.82219779
2025-11-02 21:00:00,110092.2,110137.0,109983.8,110007.3,95.32235616
2025-11-02 22:00:00,110007.5,110026.9,109500.0,109909.8,250.55591429
2025-11-02 23:00:00,109909.9,110750.0,109909.9,110550.0,437.11652361
2025-11-03 00:00:00,110550.0,110757.5,109769.9,109769.9,258.83454379
2025-11-03 01:00:00,109769.9,109890.0,109375.0,109672.5,465.72198858
2025-11-03 02:00:00,109672.0,109752.5,108632.6,109027.5,1213.60370326
2025-11-03 03:00:00,109028.0,109149.9,107910.0,107938.0,879.2986789
2025-11-03 04:00:00,107938.0,107999.9,107492.0,107899.9,469.32015293
2025-11-03 05:00:00,107899.9,108069.9,107403.1,107608.5,309.64345462
2025-11-03 06:00:00,107608.6,107706.0,107016.0,107492.0,473.9329909
2025-11-03 07:00:00,107491.9,107839.8,107273.2,107480.1,647.18517936
2025-11-03 08:00:00,107480.1,107720.8,106971.9,107591.9,398.56511457
2025-11-03 09:00:00,107591.9,107919.0,107085.0,107219.9,306.92547252
2025-11-03 10:00:00,107219.9,107636.8,106762.0,106970.0,389.22206012
2025-11-03 11:00:00,106985.9,107906.5,106975.3,107793.6,264.51291244
2025-11-03 12:00:00,107794.4,108253.4,107707.1,107757.9,480.13312321
2025-11-03 13:00:00,107757.9,108059.8,107573.0,107905.1,287.54175826
2025-11-03 14:00:00,107905.1,108319.9,107350.0,108048.4,904.80077031
2025-11-03 15:00:00,108049.9,108139.9,105500.0,105746.9,1684.14732858
2025-11-03 16:00:00,105747.0,106784.6,105305.0,106677.8,742.66440745
2025-11-03 17:00:00,106673.1,107757.1,106525.1,107467.3,505.2906331
2025-11-03 18:00:00,107467.3,107590.2,106800.0,106950.4,229.85319536
2025-11-03 19:00:00,106950.4,107389.2,106438.9,107083.5,196.81228717
2025-11-03 20:00:00,107083.6,107167.7,106316.4,106661.1,183.82964506
2025-11-03 21:00:00,106653.0,107088.0,106057.3,106899.0,225.82655656
2025-11-03 22:00:00,106894.9,106894.9,105822.8,106484.7,186.22302461
2025-11-03 23:00:00,106484.8,106756.7,106036.4,106584.3,97.22590767
2025-11-04 00:00:00,106584.1,106810.2,105856.6,106474.9,267.62851424
2025-11-04 01:00:00,106474.9,107283.7,106274.8,107032.2,288.57904242
2025-11-04 02:00:00,107032.1,107220.9,106470.8,106481.0,202.59355582
2025-11-04 03:00:00,106481.1,107233.1,106222.0,107150.7,241.35366195
2025-11-04 04:00:00,107150.8,107291.6,106703.4,106740.2,228.16119579
2025-11-04 05:00:00,106740.2,106740.2,104200.0,104218.9,1218.76984686
2025-11-04 06:00:00,104218.8,105233.8,104155.5,104745.9,709.11432566
2025-11-04 07:00:00,104746.0,104953.3,104337.0,104498.8,698.94102919
2025-11-04 08:00:00,104498.7,104631.1,103771.1,104058.1,562.21775191
2025-11-04 09:00:00,104058.1,104164.1,103606.3,103850.0,509.75691449
2025-11-04 10:00:00,103849.9,104117.9,103610.0,103812.1,355.92039218
2025-11-04 11:00:00,103818.6,104694.4,103774.5,104581.7,279.80796034
2025-11-04 12:00:00,104581.7,104637.0,103836.0,103952.9,350.00888472
2025-11-04 13:00:00,103952.9,104242.5,103568.0,103912.9,376.46917668
2025-11-04 14:00:00,103912.9,104697.6,102926.1,104505.0,1051.98565002
2025-11-04 15:00:00,104505.1,104851.9,103191.6,103205.9,661.50368032
2025-11-04 16:00:00,103205.9,103500.8,102150.0,102256.2,818.7070421
2025-11-04 17:00:00,102256.2,102257.3,100800.0,101106.7,1451.82532433
2025-11-04 18:00:00,101111.1,101500.0,100000.0,101361.2,1187.67080519
2025-11-04 19:00:00,101358.6,101725.9,100402.4,100533.1,544.61571016
2025-11-04 20:00:00,100533.1,101124.0,99544.2,100767.6,1185.56020657
2025-11-04 21:00:00,100765.2,100842.4,98941.2,100318.0,1334.52902058
2025-11-04 22:00:00,100324.9,101888.8,100091.8,101297.6,599.91396268
2025-11-04 23:00:00,101297.9,101750.0,100905.6,101490.4,411.93161808
2025-11-05 00:00:00,101491.5,101748.2,100349.4,100570.1,635.99489904
2025-11-05 01:00:00,100570.2,101032.3,98968.4,100740.6,1033.25495234
2025-11-05 02:00:00,100747.1,101921.3,100747.0,101672.9,847.69742299
2025-11-05 03:00:00,101672.9,102275.3,101456.0,102145.8,1057.07785195
2025-11-05 04:00:00,102145.8,102249.9,101530.8,101997.0,313.70628143
2025-11-05 05:00:00,101999.0,102352.9,101599.1,101821.2,243.80261053
2025-11-05 06:00:00,101820.6,102136.0,101493.9,102123.1,258.55341718
2025-11-05 07:00:00,102120.5,102167.7,101600.1,101996.4,781.7430691
2025-11-05 08:00:00,101996.5,102002.6,101172.0,101698.7,406.41007065
2025-11-05 09:00:00,101698.7,102210.6,101601.7,101994.3,347.04845267
2025-11-05 10:00:00,101995.8,102000.0,101298.4,101395.9,157.9437634
2025-11-05 11:00:00,101400.6,102112.7,101375.4,102074.0,229.57813712
2025-11-05 12:00:00,102074.0,102789.4,101920.1,102669.4,396.37639367
2025-11-05 13:00:00,102669.4,103248.7,102291.8,102982.1,388.30346723
2025-11-05 14:00:00,102982.0,103475.2,102124.7,103207.8,600.38485378
2025-11-05 15:00:00,103210.0,103802.4,102832.5,103730.4,506.86636787
2025-11-05 16:00:00,103730.4,104043.3,103076.6,103929.6,440.84913708
2025-11-05 17:00:00,103931.4,104021.0,103386.9,103913.5,248.53467664
2025-11-05 18:00:00,103911.4,104441.6,103771.0,104356.5,291.16258942
2025-11-05 19:00:00,104356.4,104546.5,103956.3,104007.0,191.83112544
2025-11-05 20:00:00,104007.0,104543.2,103623.4,103843.7,224.89102209
2025-11-05 21:00:00,103843.5,103843.5,103510.8,103675.1,147.14471078
2025-11-05 22:00:00,103675.1,103792.1,103299.2,103707.0,163.42811878
2025-11-05 23:00:00,103710.4,104099.7,103669.0,103883.0,169.87671718
2025-11-06 00:00:00,103882.9,103899.4,103325.4,103688.2,285.33120844
2025-11-06 01:00:00,103688.3,103688.3,102717.4,103373.2,327.0610356
2025-11-06 02:00:00,103373.2,103578.3,102867.3,103328.3,206.55348346
2025-11-06 03:00:00,103328.3,103957.0,103328.3,103654.7,279.17198053
2025-11-06 04:00:00,103654.7,104210.0,103584.0,104042.1,257.7759739
2025-11-06 05:00:00,104042.1,104042.1,103079.1,103153.1,279.5906414
2025-11-06 06:00:00,103153.2,103617.1,103005.7,103326.6,182.93806688
2025-11-06 07:00:00,103326.5,103578.6,102925.6,103188.9,501.62967343
2025-11-06 08:00:00,103188.8,103450.0,102984.0,103212.9,200.93434953
2025-11-06 09:00:00,103213.0,103274.2,102828.3,102828.3,190.32394294
2025-11-06 10:00:00,102828.4,103300.0,102646.7,103143.7,187.32580082
2025-11-06 11:00:00,103143.7,103314.8,102760.5,103237.9,153.290295
2025-11-06 12:00:00,103238.0,103346.3,102388.0,102561.3,302.56330677
2025-11-06 13:00:00,102564.2,103636.2,102563.0,103327.5,234.98791132
2025-11-06 14:00:00,103324.6,103584.1,102048.2,102124.7,495.79822741
2025-11-06 15:00:00,102124.7,102915.5,101625.0,102015.2,830.83477068
2025-11-06 16:00:00,102014.0,102395.3,100257.0,100871.2,1037.56624384
2025-11-06 17:00:00,100874.0,101967.1,100761.7,101794.2,605.34837285
2025-11-06 18:00:00,101794.2,102340.0,100911.9,101725.1,544.27297116
2025-11-06 19:00:00,101725.0,102006.2,101207.4,101389.7,554.21131778
2025-11-06 20:00:00,101389.6,101650.0,100647.9,100915.7,404.50266046
2025-11-06 21:00:00,100919.9,101224.9,100543.4,101120.0,296.07974048
2025-11-06 22:00:00,101121.1,101490.1,101002.0,101410.6,183.08780452
2025-11-06 23:00:00,101410.5,101531.3,101129.1,101349.9,218.95426223
2025-11-07 00:00:00,101350.0,101642.6,100750.7,101484.6,440.54590521
2025-11-07 01:00:00,101484.6,101880.5,100900.0,101544.0,578.15249561
2025-11-07 02:00:00,101544.0,101925.1,101255.0,101910.1,249.24742523
2025-11-07 03:00:00,101913.7,102344.9,101875.0,101913.9,232.80540217
2025-11-07 04:00:00,101913.9,102070.8,101580.9,102015.0,241.50973394
2025-11-07 05:00:00,102015.1,102528.0,102015.0,102451.4,241.00031619
2025-11-07 06:00:00,102451.5,102507.8,101826.0,101830.2,144.84644711
2025-11-07 07:00:00,101828.1,102041.3,101640.0,102036.0,503.40662506
2025-11-07 08:00:00,102036.1,102072.1,101436.2,101500.0,286.1421401
2025-11-07 09:00:00,101500.0,101525.0,100791.1,101008.9,614.1125443
2025-11-07 10:00:00,101008.9,101262.9,100575.0,100775.0,233.56626834
2025-11-07 11:00:00,100775.0,100799.9,99803.9,100403.1,737.60511949
2025-11-07 12:00:00,100403.1,100625.0,99267.9,99644.2,760.75427218
2025-11-07 13:00:00,99644.2,100569.0,99460.0,100337.0,619.00787764
2025-11-07 14:00:00,100336.6,100911.1,99525.0,100796.4,900.28888474
2025-11-07 15:00:00,100799.9,101260.4,100368.0,100802.5,749.50918559
2025-11-07 16:00:00,100802.6,101625.1,100511.0,101170.1,551.02274745
2025-11-07 17:00:00,101170.0,102707.0,100940.9,102390.2,617.94538676
2025-11-07 18:00:00,102390.3,102850.9,102290.5,102604.2,322.28080972
2025-11-07 19:00:00,102604.2,103400.0,102476.7,103393.2,354.30843662
2025-11-07 20:00:00,103393.2,103896.0,102930.5,103767.6,323.14738634
2025-11-07 21:00:00,103767.1,103874.9,103300.0,103874.9,227.25585701
2025-11-07 22:00:00,103875.0,104082.6,103591.9,103618.3,215.91869059
2025-11-07 23:00:00,103618.3,103760.0,103325.5,103335.4,136.74036422
2025-11-08 00:00:00,103335.4,103410.0,102523.8,102708.6,345.46394805
2025-11-08 01:00:00,102708.6,103243.6,102660.3,103008.0,154.37149889
2025-11-08 02:00:00,103008.0,103335.9,102756.5,102851.0,175.14574668
2025-11-08 03:00:00,102851.1,103306.9,102587.5,102587.6,182.77562466
2025-11-08 04:00:00,102587.6,102831.2,102408.2,102562.3,129.87330561
2025-11-08 05:00:00,102560.6,102747.4,102283.8,102306.1,87.27766278
2025-11-08 06:00:00,102306.1,102526.2,102097.7,102230.3,240.97688216
2025-11-08 07:00:00,102230.4,102404.0,101912.0,102350.3,187.53242048
2025-11-08 08:00:00,102350.3,102688.4,102162.3,102436.8,163.20509243
2025-11-08 09:00:00,102436.8,102606.4,102230.0,102400.0,71.99397488
2025-11-08 10:00:00,102400.1,102591.7,102300.0,102475.1,48.18738913
2025-11-08 11:00:00,102475.1,102646.3,101725.0,101860.7,191.30953796
2025-11-08 12:00:00,101860.7,102113.2,101730.0,102066.8,156.57231805
2025-11-08 13:00:00,102067.0,102207.0,101729.6,101812.4,174.12734867
2025-11-08 14:00:00,101816.0,102094.7,101474.3,101842.9,252.09605888
2025-11-08 15:00:00,101843.0,101960.0,101500.0,101725.1,154.28317006
2025-11-08 16:00:00,101724.0,101973.1,101527.0,101862.9,151.41768184
2025-11-08 17:00:00,101863.0,102011.9,101574.3,101995.2,166.77834491
2025-11-08 18:00:00,101995.2,102226.1,101833.4,102140.8,106.43581839
2025-11-08 19:00:00,102140.7,102195.4,101524.5,101980.8,145.67099622
2025-11-08 20:00:00,101980.8,102182.8,101951.3,102075.8,47.95670605
2025-11-08 21:00:00,102075.9,102375.9,102027.0,102280.0,60.54890691
2025-11-08 22:00:00,102280.1,102429.0,102181.9,102382.1,71.12118641
2025-11-08 23:00:00,102382.1,102496.4,102287.1,102320.1,70.772236
2025-11-09 00:00:00,102320.1,102353.9,101629.6,101799.9,236.33120041
2025-11-09 01:00:00,101800.0,102108.9,101699.8,102052.1,121.96184536
2025-11-09 02:00:00,102052.1,102052.1,101589.1,101641.2,124.09783759
2025-11-09 03:00:00,101641.5,101816.5,101375.0,101659.3,179.87664151
2025-11-09 04:00:00,101659.3,102135.1,101635.5,101721.4,190.44460041
2025-11-09 05:00:00,101721.4,102014.8,101665.0,101928.0,130.49104322
2025-11-09 06:00:00,101927.6,101975.0,101706.5,101744.8,74.24404403
2025-11-09 07:00:00,101744.9,101969.6,101686.0,101943.1,180.62209981
2025-11-09 08:00:00,101943.1,102057.9,101813.0,101975.0,224.90785549
2025-11-09 09:00:00,101975.1,102126.9,101630.0,101658.8,186.56679154
2025-11-09 10:00:00,101658.8,101922.9,101515.0,101878.7,159.27961198
2025-11-09 11:00:00,101878.7,102315.5,101878.7,102243.9,154.56627612
2025-11-09 12:00:00,102243.9,102440.0,102058.0,102096.0,147.85748145
2025-11-09 13:00:00,102096.0,103000.0,102080.0,102914.5,268.73783233
2025-11-09 14:00:00,102914.5,104043.8,102770.0,103035.9,733.88076323
2025-11-09 15:00:00,103036.0,104187.6,102965.1,103753.1,274.16900305
2025-11-09 16:00:00,103753.0,103908.5,103333.1,103846.5,178.47206498
2025-11-09 17:00:00,103846.6,103963.0,103334.6,103644.9,153.35260409
2025-11-09 18:00:00,103645.0,104596.7,103511.6,104518.6,267.0862964
2025-11-09 19:00:00,104518.7,104830.9,104157.3,104806.1,280.84267353
2025-11-09 20:00:00,104806.2,105062.5,104400.1,104626.1,203.81670491
2025-11-09 21:00:00,104626.1,104848.3,104318.1,104532.4,126.43882714
2025-11-09 22:00:00,104533.1,104826.2,104081.3,104731.0,196.85082884
2025-11-09 23:00:00,104734.2,105478.0,104523.9,104722.4,339.74095487
2025-11-10 00:00:00,104722.5,106500.0,104274.5,106298.8,736.85781018
2025-11-10 01:00:00,106295.2,106663.2,105724.3,105724.4,501.11784699
2025-11-10 02:00:00,105724.4,106049.2,105604.9,106005.3,259.71089634
2025-11-10 03:00:00,106005.2,106291.2,105841.5,106034.9,348.41343875
2025-11-10 04:00:00,106038.0,106306.2,105846.7,106159.7,271.99738385
2025-11-10 05:00:00,106159.8,106470.9,106000.0,106099.9,209.42960264
2025-11-10 06:00:00,106100.0,106317.0,105952.4,106218.0,150.86857873
2025-11-10 07:00:00,106217.9,106530.5,106146.9,106464.6,423.57676029
2025-11-10 08:00:00,106464.6,106560.0,105898.8,105978.5,353.44630069
2025-11-10 09:00:00,105978.5,106614.0,105840.2,106456.8,293.79895105
2025-11-10 10:00:00,106456.9,106475.6,105981.3,106013.1,156.53946615
2025-11-10 11:00:00,106013.2,106324.5,105958.0,106188.3,141.16844089
2025-11-10 12:00:00,106188.2,106230.0,105875.1,105953.9,316.90387545
2025-11-10 13:00:00,105954.0,106600.0,105930.5,106543.8,241.64658989
2025-11-10 14:00:00,106543.8,106543.9,104700.0,104905.7,683.45955074
2025-11-10 15:00:00,104905.7,105627.1,104680.0,105078.8,668.5290254
2025-11-10 16:00:00,105080.4,105366.4,104794.9,105250.1,381.55080667
2025-11-10 17:00:00,105250.0,105985.2,105200.0,105952.1,258.75006655
2025-11-10 18:00:00,105952.5,106088.0,105475.0,105483.7,256.73292621
2025-11-10 19:00:00,105481.4,106040.6,105414.7,105823.1,265.34352961
2025-11-10 20:00:00,105823.1,106300.0,105802.1,106008.5,283.43676394
2025-11-10 21:00:00,106008.6,106024.2,105283.6,105626.2,359.59338744
2025-11-10 22:00:00,105632.9,106130.1,105371.0,106056.4,227.88699464
2025-11-10 23:00:00,106056.5,106275.4,105880.9,106012.0,243.27465297
2025-11-11 00:00:00,106012.0,106139.1,105500.0,106132.1,311.21832908
2025-11-11 01:00:00,106132.1,107500.0,106026.3,106103.4,766.4355924
2025-11-11 02:00:00,106103.5,107153.4,105616.4,106669.3,1153.10121452
2025-11-11 03:00:00,106669.3,107099.7,106370.0,106472.9,254.70240874
2025-11-11 04:00:00,106473.8,106559.0,105714.6,105767.0,325.69409694
2025-11-11 05:00:00,105767.0,105772.4,105175.0,105264.9,437.07080015
2025-11-11 06:00:00,105265.0,105350.0,104904.8,105275.1,523.44867408
2025-11-11 07:00:00,105275.1,105333.3,104755.0,104803.1,473.56682313
2025-11-11 08:00:00,104803.1,105275.0,104775.1,105162.1,224.78036926
2025-11-11 09:00:00,105162.1,105487.0,104916.4,104976.3,233.11728964
2025-11-11 10:00:00,104976.0,105239.9,104930.2,105178.9,154.76269891
2025-11-11 11:00:00,105179.0,105500.0,105150.0,105307.9,148.69434477
2025-11-11 12:00:00,105308.0,105500.0,104400.0,104549.9,511.6016761
2025-11-11 13:00:00,104549.9,104720.0,104238.0,104406.0,502.59192849
2025-11-11 14:00:00,104408.0,104692.7,103862.4,104582.0,703.23352157
2025-11-11 15:00:00,104581.6,104581.6,103200.0,103472.9,657.67009495
2025-11-11 16:00:00,103472.9,103743.5,103223.3,103423.2,293.56528708
2025-11-11 17:00:00,103424.0,103648.8,102852.8,103339.7,383.65846541
2025-11-11 18:00:00,103339.7,103574.9,103081.0,103402.9,292.83048489
2025-11-11 19:00:00,103402.9,103465.2,102878.4,103130.3,227.7316861
2025-11-11 20:00:00,103131.4,103233.3,102650.2,102820.2,253.05354138
2025-11-11 21:00:00,102820.2,103096.7,102500.0,102652.0,255.61583204
2025-11-11 22:00:00,102652.0,103160.5,102514.0,102998.9,156.0933818
2025-11-11 23:00:00,103000.6,103223.3,102809.5,103061.7,177.57208639
2025-11-12 00:00:00,103062.2,103349.9,102828.5,102899.7,234.12223042
2025-11-12 01:00:00,102899.8,103382.7,102680.0,103257.3,228.21654867
2025-11-12 02:00:00,103257.4,103420.0,102950.0,103157.4,246.16007278
2025-11-12 03:00:00,103158.0,103448.2,103100.0,103322.8,120.7711793
2025-11-12 04:00:00,103322.8,103469.9,103028.8,103250.0,115.0110865
2025-11-12 05:00:00,103250.0,103472.0,103232.0,103397.0,91.55902959
2025-11-12 06:00:00,103397.1,103649.9,103350.8,103362.8,121.01280529
2025-11-12 07:00:00,103362.9,103550.9,103075.0,103126.5,210.92717084
2025-11-12 08:00:00,103126.5,104235.5,103126.5,104153.0,395.58977883
2025-11-12 09:00:00,104153.0,105089.5,104141.0,104518.9,871.6880198
2025-11-12 10:00:00,104518.9,105039.9,104507.5,104899.1,337.77779163
2025-11-12 11:00:00,104899.1,105199.9,104734.2,105024.5,216.51975739
2025-11-12 12:00:00,105024.9,105332.8,104810.4,104994.6,263.18913405
2025-11-12 13:00:00,104991.3,105186.7,104612.9,105044.0,219.8345835
2025-11-12 14:00:00,105043.0,105043.0,103614.6,103993.9,660.17250914
2025-11-12 15:00:00,103994.0,104305.6,102000.0,102182.0,1029.79426876
2025-11-12 16:00:00,102181.9,102300.2,101341.0,101449.9,987.37712172
2025-11-12 17:00:00,101450.0,102150.0,101399.9,101750.0,375.33072763
2025-11-12 18:00:00,101750.0,101946.9,101420.3,101539.0,240.80307166
2025-11-12 19:00:00,101539.8,101571.9,100800.0,101296.5,442.13696932
2025-11-12 20:00:00,101296.5,101846.9,101141.0,101545.2,226.65029667
2025-11-12 21:00:00,101542.8,101924.4,101515.0,101924.4,126.58033544
2025-11-12 22:00:00,101923.7,102000.0,101437.9,101978.0,146.10453384
2025-11-12 23:00:00,101978.0,101999.9,101475.0,101658.0,172.1438303
2025-11-13 00:00:00,101658.0,102048.8,101467.0,101865.3,166.34140516
2025-11-13 01:00:00,101863.3,102613.7,101833.1,102017.5,402.50726389
2025-11-13 02:00:00,102017.5,102363.3,101975.0,102065.0,189.9003963
2025-11-13 03:00:00,102065.0,102565.0,100907.8,102131.9,700.23870735
2025-11-13 04:00:00,102132.0,102418.3,101666.6,102120.5,364.38338684
2025-11-13 05:00:00,102120.0,103399.9,101782.1,103142.9,545.21797914
2025-11-13 06:00:00,103144.8,103674.9,102907.0,103590.0,508.9637803
2025-11-13 07:00:00,103590.0,104039.0,103319.6,103476.0,531.86418688
2025-11-13 08:00:00,103476.1,103813.6,103281.2,103675.7,456.78968353
2025-11-13 09:00:00,103675.7,103745.3,102559.2,102831.0,586.66297282
2025-11-13 10:00:00,102831.1,103274.9,102774.9,102990.1,204.91243797
2025-11-13 11:00:00,102990.1,103145.0,102693.7,102938.1,159.75036852
2025-11-13 12:00:00,102938.0,103281.3,102734.4,103145.9,269.56703795
2025-11-13 13:00:00,103146.1,103168.9,102151.5,102323.8,431.72677206
2025-11-13 14:00:00,102324.6,103486.2,101750.0,102876.5,945.61912764
2025-11-13 15:00:00,102877.4,102996.2,101200.0,101388.5,1064.9145335
2025-11-13 16:00:00,101388.3,101535.9,100569.1,100635.5,1018.85478847
2025-11-13 17:00:00,100633.6,100813.9,99625.0,99652.9,1023.43283531
2025-11-13 18:00:00,99652.0,99921.2,98150.1,98594.7,1614.07956923
2025-11-13 19:00:00,98594.7,99288.9,98320.3,98680.5,625.17573403
2025-11-13 20:00:00,98680.4,99000.0,98000.9,98155.9,616.02770118
2025-11-13 21:00:00,98156.1,98903.9,98020.5,98814.7,308.66563169
2025-11-13 22:00:00,98814.7,99930.2,98698.7,99847.1,335.66088776
2025-11-13 23:00:00,99850.0,100499.9,99564.9,99688.7,414.07741321
2025-11-14 00:00:00,99688.7,99788.0,98727.0,98981.0,471.25823191
2025-11-14 01:00:00,98981.0,99559.6,98703.6,99254.2,370.85266604
2025-11-14 02:00:00,99255.0,99876.3,99245.9,99627.1,189.52201035
2025-11-14 03:00:00,99627.1,99651.3,98796.0,99149.4,282.82327397
2025-11-14 04:00:00,99149.5,99187.9,96699.7,97821.4,1451.1838509
2025-11-14 05:00:00,97820.9,98033.2,97032.0,97523.4,639.83749911
2025-11-14 06:00:00,97523.4,97601.5,95925.8,97557.8,888.86103485
2025-11-14 07:00:00,97557.9,97739.0,96786.3,97154.4,827.60033364
2025-11-14 08:00:00,97154.4,97459.1,96777.4,97374.3,412.81323649
2025-11-14 09:00:00,97374.5,97541.9,96671.1,96855.2,332.29992915
2025-11-14 10:00:00,96855.1,97289.2,96676.2,96759.3,209.74420693
2025-11-14 11:00:00,96759.3,96941.6,95708.1,96180.1,556.54622375
2025-11-14 12:00:00,96180.0,96180.0,94551.0,95363.7,1644.66912895
2025-11-14 13:00:00,95363.7,95730.7,94586.6,95249.8,932.37441287
2025-11-14 14:00:00,95249.7,96799.9,94965.3,96533.1,1565.07708475
2025-11-14 15:00:00,96533.2,97339.6,95855.1,96802.9,753.36266718
2025-11-14 16:00:00,96803.0,97407.5,96272.0,97020.0,648.38958948
2025-11-14 17:00:00,97020.0,97135.0,95612.3,95856.7,550.40213935
2025-11-14 18:00:00,95856.5,96330.3,94979.7,95083.7,407.67943094
2025-11-14 19:00:00,95083.6,95930.0,94800.0,95776.0,404.72211396
2025-11-14 20:00:00,95777.6,95940.5,94203.5,94373.0,769.10805758
2025-11-14 21:00:00,94373.2,95147.4,94237.9,95058.4,284.77364936
2025-11-14 22:00:00,95055.1,95476.0,94691.9,95176.0,304.86423386
2025-11-14 23:00:00,95174.9,95174.9,94000.1,94581.9,415.12501292
2025-11-15 00:00:00,94581.9,95412.0,94558.9,95147.0,352.0166632
2025-11-15 01:00:00,95147.0,95794.1,94743.1,95655.8,249.36660085
2025-11-15 02:00:00,95655.8,96489.7,95405.1,96480.1,260.7037862
2025-11-15 03:00:00,96480.0,96818.1,96131.3,96412.1,332.75774459
2025-11-15 04:00:00,96412.0,96508.9,95908.2,96114.2,152.37962808
2025-11-15 05:00:00,96114.3,96424.2,95970.4,96344.2,196.74278728
2025-11-15 06:00:00,96344.3,96586.1,95967.9,96126.0,120.84865645
2025-11-15 07:00:00,96126.1,96394.4,95973.3,96336.7,239.95103358
2025-11-15 08:00:00,96336.8,96355.0,95650.6,95912.7,222.6323596
2025-11-15 09:00:00,95912.5,96149.3,95671.3,95820.5,171.43133326
2025-11-15 10:00:00,95820.4,96064.9,95697.2,95954.1,81.53204266
2025-11-15 11:00:00,95954.1,95990.1,95633.1,95701.0,89.87210426
2025-11-15 12:00:00,95701.0,95877.3,95577.0,95815.4,83.9709584
2025-11-15 13:00:00,95815.4,96370.6,95727.9,96367.2,176.96861868
2025-11-15 14:00:00,96367.2,96475.7,96025.7,96249.9,165.25328181
2025-11-15 15:00:00,96249.9,96427.2,96072.9,96265.2,113.61839767
2025-11-15 16:00:00,96265.2,96332.4,95719.0,96153.7,184.64111267
2025-11-15 17:00:00,96153.7,96403.1,95854.7,96226.1,193.57661189
2025-11-15 18:00:00,96226.0,96348.2,95966.1,96052.5,95.29180202
2025-11-15 19:00:00,96054.5,96156.6,95925.9,96013.7,55.89012605
2025-11-15 20:00:00,96013.8,96024.8,95135.1,95287.5,138.68894588
2025-11-15 21:00:00,95287.5,95680.3,95126.0,95279.7,98.27278853
2025-11-15 22:00:00,95279.9,95665.8,95233.5,95624.9,65.93557668
2025-11-15 23:00:00,95625.0,95701.5,95501.0,95603.0,59.52111965
2025-11-16 00:00:00,95603.1,95708.6,95210.0,95375.1,137.97981088
2025-11-16 01:00:00,95375.2,95500.0,94854.4,95275.2,230.42166026
2025-11-16 02:00:00,95275.2,95965.9,95103.3,95965.7,159.05183544
2025-11-16 03:00:00,95965.9,95975.0,95622.4,95820.3,72.11473527
2025-11-16 04:00:00,95820.3,95923.4,95650.2,95826.2,105.3115578
2025-11-16 05:00:00,95826.3,96185.0,95817.7,95884.4,104.10025414
2025-11-16 06:00:00,95884.5,96038.7,95755.2,95794.8,56.48610443
2025-11-16 07:00:00,95794.9,96100.0,95736.9,96092.6,323.17116772
2025-11-16 08:00:00,96092.7,96226.9,95861.0,96107.0,89.47488118
2025-11-16 09:00:00,96107.1,96626.6,95930.0,96621.7,176.15612716
2025-11-16 10:00:00,96621.5,96621.5,96377.5,96449.1,123.4621236
2025-11-16 11:00:00,96449.1,96449.1,95509.3,95638.8,333.74836737
2025-11-16 12:00:00,95638.8,95918.2,95458.4,95761.9,170.57551618
2025-11-16 13:00:00,95761.8,95859.2,95124.0,95420.9,190.01704748
2025-11-16 14:00:00,95421.0,95690.7,95320.0,95540.2,105.33265674
2025-11-16 15:00:00,95540.2,95570.1,94383.1,94589.7,392.82793178
2025-11-16 16:00:00,94589.7,94952.9,94026.7,94231.2,611.64869913
2025-11-16 17:00:00,94228.7,94530.6,93784.8,94385.7,617.75010919
2025-11-16 18:00:00,94385.8,95569.9,93800.0,94050.8,574.06131673
2025-11-16 19:00:00,94050.8,94605.3,93949.8,94032.1,206.34658535
2025-11-16 20:00:00,94032.1,94745.8,93973.0,94099.5,143.94383179
2025-11-16 21:00:00,94099.8,94212.0,93380.0,93505.9,466.36851796
2025-11-16 22:00:00,93505.9,94506.6,93020.7,94202.6,447.38444091
2025-11-16 23:00:00,94201.4,94545.7,93000.0,94269.5,506.60219988
2025-11-17 00:00:00,94269.5,95389.1,93778.4,95305.0,444.75601349
2025-11-17 01:00:00,95304.9,95495.1,94734.8,94782.4,302.91894104
2025-11-17 02:00:00,94782.4,95408.5,94719.5,94981.3,195.06274699
2025-11-17 03:00:00,94981.4,95584.3,94974.3,95508.2,217.53291076
2025-11-17 04:00:00,95508.3,95581.6,94893.0,95109.2,227.69170774
2025-11-17 05:00:00,95109.2,95275.7,94914.4,95140.3,223.9658802
2025-11-17 06:00:00,95140.3,95356.0,94907.9,95291.2,208.85529299
2025-11-17 07:00:00,95291.3,95880.4,95206.3,95652.6,422.4712924
2025-11-17 08:00:00,95652.6,96020.0,95526.8,95622.1,234.30430133
2025-11-17 09:00:00,95622.2,95863.6,95290.0,95654.9,246.82716054
2025-11-17 10:00:00,95655.0,95882.5,95548.3,95648.8,226.14938209
2025-11-17 11:00:00,95648.9,95937.9,95394.5,95570.2,180.3356936
2025-11-17 12:00:00,95570.1,95573.9,95273.3,95322.1,216.35543405
2025-11-17 13:00:00,95322.3,95378.4,93560.3,93963.9,822.64411331
2025-11-17 14:00:00,93963.9,96055.8,93770.1,94766.7,900.50922323
2025-11-17 15:00:00,94766.9,95017.5,93805.4,93958.8,521.24341718
2025-11-17 16:00:00,93960.3,94418.9,93060.0,94304.1,774.47252854
2025-11-17 17:00:00,94304.3,94398.0,92678.0,92759.1,633.43971346
2025-11-17 18:00:00,92761.7,93211.4,92424.2,92543.6,551.75707406
2025-11-17 19:00:00,92543.6,92656.3,91600.0,91685.5,788.71608573
2025-11-17 20:00:00,91686.8,92227.3,91313.7,91918.2,715.18569354
2025-11-17 21:00:00,91918.2,92264.0,91530.6,91959.1,313.9580046
2025-11-17 22:00:00,91959.3,92397.0,91828.0,92250.1,297.83780759
2025-11-17 23:00:00,92250.3,92289.2,91794.4,92226.8,408.75043204
2025-11-18 00:00:00,92226.8,92372.9,91212.0,92165.2,704.56751041
2025-11-18 01:00:00,92164.9,92222.0,91612.0,91712.7,333.47140739
2025-11-18 02:00:00,91712.6,91750.0,90700.0,90874.9,1013.55769159
2025-11-18 03:00:00,90874.9,90919.5,89688.4,90841.1,1510.74606985
2025-11-18 04:00:00,90841.0,90860.3,89281.8,90078.7,1296.55110857
2025-11-18 05:00:00,90078.7,90479.4,89721.6,90223.0,527.99297221
2025-11-18 06:00:00,90223.4,90235.1,89382.9,89656.5,369.57564332
2025-11-18 07:00:00,89656.6,90550.0,89354.6,90508.1,699.05308268
2025-11-18 08:00:00,90509.8,91447.2,90509.8,91225.0,583.97973883
2025-11-18 09:00:00,91225.1,91477.9,90890.0,91393.2,973.5979644
2025-11-18 10:00:00,91393.1,91601.1,91255.6,91579.1,421.27891704
2025-11-18 11:00:00,91578.9,91605.9,91240.7,91523.9,327.24520718
2025-11-18 12:00:00,91524.5,91878.7,91100.1,91526.6,487.22281801
2025-11-18 13:00:00,91522.2,91663.9,90932.0,91479.5,289.36976755
2025-11-18 14:00:00,91479.6,92452.7,91217.7,91361.4,715.01091656
2025-11-18 15:00:00,91361.3,93024.7,91022.2,92906.2,924.53630118
2025-11-18 16:00:00,92906.3,93836.5,92585.4,93498.9,681.68403045
2025-11-18 17:00:00,93496.0,93653.4,92816.9,93259.8,296.6516807
2025-11-18 18:00:00,93259.9,93762.8,93150.6,93333.9,267.56591813
2025-11-18 19:00:00,93333.9,93611.1,92988.7,93176.9,156.0950484
2025-11-18 20:00:00,93177.1,93301.8,92646.2,92791.3,123.12457167
2025-11-18 21:00:00,92791.9,93035.3,92463.5,92496.1,151.44223356
2025-11-18 22:00:00,92496.2,93417.9,92490.6,93160.6,129.89641796
2025-11-18 23:00:00,93160.8,93170.1,92735.8,92967.1,162.25652168
2025-11-19 00:00:00,92967.1,92992.3,91900.0,92422.9,384.8895111
2025-11-19 01:00:00,92423.0,92655.8,91951.4,92447.0,315.73409214
2025-11-19 02:00:00,92447.0,92873.5,92290.4,92577.9,199.85224204
2025-11-19 03:00:00,92579.0,92644.3,91682.5,91892.3,321.01676681
2025-11-19 04:00:00,91892.1,91988.3,91154.7,91170.2,360.84253444
2025-11-19 05:00:00,91170.2,91276.7,90030.8,90470.0,663.43699358
2025-11-19 06:00:00,90470.0,91100.9,90290.0,90990.7,365.23713187
2025-11-19 07:00:00,90990.7,92016.4,90958.8,91861.7,362.53766508
2025-11-19 08:00:00,91861.7,91950.1,91295.9,91466.2,295.75583752
2025-11-19 09:00:00,91466.2,91520.0,91074.4,91512.9,232.20080013
2025-11-19 10:00:00,91513.1,91692.1,91228.7,91306.8,149.76002411
2025-11-19 11:00:00,91306.8,91783.4,91306.5,91403.0,187.87779149
2025-11-19 12:00:00,91403.1,91869.0,91213.7,91776.7,276.66658155
2025-11-19 13:00:00,91776.7,91894.5,91224.9,91399.9,258.0303056
2025-11-19 14:00:00,91400.0,91857.1,91041.2,91713.8,455.15484606
2025-11-19 15:00:00,91713.9,92387.6,89875.0,89951.1,793.64720016
2025-11-19 16:00:00,89947.7,90227.4,89460.0,89905.1,623.64257272
2025-11-19 17:00:00,89905.0,90125.4,88889.0,89500.7,642.59453457
2025-11-19 18:00:00,89500.7,89722.2,88801.5,89241.9,564.15500654
2025-11-19 19:00:00,89241.9,89375.0,88630.0,88882.9,423.58584378
2025-11-19 20:00:00,88883.0,89699.9,88611.7,89512.8,380.84694022
2025-11-19 21:00:00,89514.6,90854.3,89456.5,90610.1,457.41830623
2025-11-19 22:00:00,90610.0,90646.0,90110.0,90488.0,177.04113736
2025-11-19 23:00:00,90488.3,91597.0,90488.3,91561.1,394.0555833
2025-11-20 00:00:00,91561.0,92314.0,91191.9,91895.2,336.47132586
2025-11-20 01:00:00,91895.3,92718.0,91826.1,92599.9,342.83343425
2025-11-20 02:00:00,92600.0,92805.7,92319.4,92592.5,300.68321359
2025-11-20 03:00:00,92592.6,92720.0,92351.9,92441.9,238.56448708
2025-11-20 04:00:00,92441.7,92983.1,92132.7,92964.5,369.3069381
2025-11-20 05:00:00,92964.6,93158.5,92576.6,92625.7,256.09163522
2025-11-20 06:00:00,92625.7,92856.2,91700.0,91999.0,325.98959353
2025-11-20 07:00:00,91999.0,92446.7,91814.3,92323.0,338.93672669
2025-11-20 08:00:00,92323.0,92408.6,92049.5,92132.4,352.67383035
2025-11-20 09:00:00,92132.3,92139.9,91435.0,91903.3,282.24532174
2025-11-20 10:00:00,91903.0,92057.9,91600.0,91813.2,253.05208629
2025-11-20 11:00:00,91813.2,92031.6,91500.0,91937.1,125.75613005
2025-11-20 12:00:00,91937.1,91999.9,91681.2,91835.8,101.17756516
2025-11-20 13:00:00,91835.8,92550.0,91488.0,91528.0,504.08233087
2025-11-20 14:00:00,91528.1,91723.7,90432.0,91107.4,697.92332424
2025-11-20 15:00:00,91107.6,91187.2,89810.3,89862.5,480.2775997
2025-11-20 16:00:00,89862.5,89909.7,87488.0,87881.5,2922.49187548
2025-11-20 17:00:00,87881.3,88158.9,86333.1,87235.4,1815.52420659
2025-11-20 18:00:00,87235.3,87763.9,86333.0,86490.1,897.27979264
2025-11-20 19:00:00,86490.1,87156.3,86100.0,86922.8,520.25241114
2025-11-20 20:00:00,86922.7,87137.0,86332.0,86481.8,412.49365169
2025-11-20 21:00:00,86475.0,87679.9,86443.4,87294.3,549.85600456
2025-11-20 22:00:00,87294.1,88259.1,87219.1,88071.9,324.89799204
2025-11-20 23:00:00,88071.9,88170.9,86563.2,86636.1,465.72799723
2025-11-21 00:00:00,86638.0,87504.5,86590.4,87280.5,335.44302324
2025-11-21 01:00:00,87280.5,87467.0,86840.0,87056.0,321.76429056
2025-11-21 02:00:00,87056.0,87070.1,85349.1,85446.5,1081.60405911
2025-11-21 03:00:00,85446.4,86138.1,85441.9,85831.5,432.74128917
2025-11-21 04:00:00,85831.3,86120.7,85406.1,86060.2,417.74192036
2025-11-21 05:00:00,86060.0,86350.9,85831.5,86185.0,420.20510487
2025-11-21 06:00:00,86190.0,86257.0,85545.4,85576.4,442.99179628
2025-11-21 07:00:00,85576.5,85772.7,81330.7,84061.1,4781.99282642
2025-11-21 08:00:00,84062.3,84709.7,83600.0,83646.0,1018.23867562
2025-11-21 09:00:00,83646.1,83998.9,82124.6,82220.1,1318.44895416
2025-11-21 10:00:00,82220.0,82911.5,81660.0,82707.9,1322.80290882
2025-11-21 11:00:00,82707.9,83359.5,82204.6,82321.0,610.4640283
2025-11-21 12:00:00,82320.0,83597.2,80636.3,83283.7,1804.28287914
2025-11-21 13:00:00,83283.7,84433.1,83120.0,84114.0,887.09441693
2025-11-21 14:00:00,84114.0,85498.1,83552.0,84853.3,1412.10356415
2025-11-21 15:00:00,84853.3,85097.0,82751.8,82938.3,1314.20770766
2025-11-21 16:00:00,82938.2,84922.7,82337.3,84919.8,1143.70135005
2025-11-21 17:00:00,84919.9,85569.8,84580.7,84869.5,872.66058036
2025-11-21 18:00:00,84869.7,85083.4,83300.0,84584.7,1061.50005705
2025-11-21 19:00:00,84584.5,85027.4,84083.4,84214.1,251.78573837
2025-11-21 20:00:00,84213.9,84669.6,83457.3,84572.0,286.97958599
2025-11-21 21:00:00,84571.9,85411.6,84357.5,85181.7,269.63207897
2025-11-21 22:00:00,85181.9,85396.1,84266.7,84284.1,231.60453435
2025-11-21 23:00:00,84287.9,85349.5,84116.0,85135.0,256.38599057
2025-11-22 00:00:00,85135.0,85618.8,84567.7,84738.6,329.03318088
2025-11-22 01:00:00,84738.6,85204.5,84588.7,85175.0,227.6634614
2025-11-22 02:00:00,85175.1,85205.4,84289.5,84529.0,278.12525399
2025-11-22 03:00:00,84529.0,84611.7,84214.6,84449.9,191.0399057
2025-11-22 04:00:00,84449.9,84550.5,83836.2,84246.9,195.85502114
2025-11-22 05:00:00,84247.0,84322.2,83874.8,84281.0,216.10027359
2025-11-22 06:00:00,84281.0,84798.6,84081.3,84635.1,222.41130467
2025-11-22 07:00:00,84635.1,84671.7,84400.0,84583.2,186.87455859
2025-11-22 08:00:00,84583.1,84588.0,83940.0,84016.1,463.42492353
2025-11-22 09:00:00,84016.0,84345.4,83852.7,83930.0,836.11153771
2025-11-22 10:00:00,83930.0,84214.6,83503.5,83696.4,283.66857306
2025-11-22 11:00:00,83696.4,84344.7,83590.0,84098.5,226.68644677
2025-11-22 12:00:00,84098.6,84163.1,83617.7,83883.0,208.66266231
2025-11-22 13:00:00,83883.1,84136.0,83659.9,83945.9,228.48275484
2025-11-22 14:00:00,83946.1,84750.0,83936.6,84494.0,275.24673113
2025-11-22 15:00:00,84494.0,84573.9,84013.1,84282.9,197.73800994
2025-11-22 16:00:00,84282.9,84901.7,84223.2,84697.3,181.45980718
2025-11-22 17:00:00,84697.4,84722.0,84419.8,84553.1,117.70814949
2025-11-22 18:00:00,84553.1,84680.0,84473.9,84656.6,93.90443549
2025-11-22 19:00:00,84656.6,84792.0,84503.9,84605.0,64.59168001
2025-11-22 20:00:00,84605.1,84799.8,84236.3,84468.0,99.22922244
2025-11-22 21:00:00,84468.0,84513.2,84239.1,84414.0,73.23621193
2025-11-22 22:00:00,84414.1,85269.8,84282.0,85074.3,187.72148029
2025-11-22 23:00:00,85074.1,85180.8,84673.7,84741.1,122.03147622
2025-11-23 00:00:00,84741.2,85323.5,84679.3,84974.4,240.5361367
2025-11-23 01:00:00,84974.5,86159.3,84961.5,85882.3,397.73718782
2025-11-23 02:00:00,85882.9,86348.0,85682.5,86004.1,375.5710676
2025-11-23 03:00:00,86004.0,86308.6,85816.8,86308.5,120.28902615
2025-11-23 04:00:00,86308.6,86872.8,86158.0,86553.3,406.81809111
2025-11-23 05:00:00,86553.3,86590.9,86000.0,86364.2,183.6131425
2025-11-23 06:00:00,86364.3,86509.2,85867.1,85867.1,182.29792663
2025-11-23 07:00:00,85867.1,85922.4,85416.6,85769.2,362.07277133
2025-11-23 08:00:00,85769.3,86196.9,85763.3,86145.1,234.75913256
2025-11-23 09:00:00,86145.1,86482.4,86080.2,86407.6,163.25993557
2025-11-23 10:00:00,86407.6,86463.9,86061.0,86075.7,228.72923749
2025-11-23 11:00:00,86075.7,86437.7,85838.1,86343.4,267.47720348
2025-11-23 12:00:00,86343.5,86900.0,86277.0,86540.6,228.9453482
2025-11-23 13:00:00,86540.7,86932.4,86323.1,86929.4,169.57527542
2025-11-23 14:00:00,86929.4,87200.0,86482.0,86549.0,420.68736252
2025-11-23 15:00:00,86549.0,87240.0,86449.3,87084.1,284.79313172
2025-11-23 16:00:00,87084.0,87497.5,86670.1,86689.9,382.21131388
2025-11-23 17:00:00,86692.0,86956.9,86506.1,86743.9,195.37766716
2025-11-23 18:00:00,86744.0,87253.2,86724.0,86997.0,186.84298317
2025-11-23 19:00:00,86997.1,87678.9,86939.8,87322.3,180.53435037
2025-11-23 20:00:00,87322.4,87699.3,87239.1,87488.7,149.32533914
2025-11-23 21:00:00,87488.8,87998.0,87164.5,87997.9,150.89814831
2025-11-23 22:00:00,87997.9,88129.3,87554.0,88012.5,251.68720007
2025-11-23 23:00:00,88012.7,88089.7,86733.3,86846.6,304.43599577
2025-11-24 00:00:00,86846.7,87211.9,85948.8,86733.7,450.04364015
2025-11-24 01:00:00,86733.8,87087.6,86401.5,87073.1,315.1778798
2025-11-24 02:00:00,87076.1,88065.5,87027.6,87518.0,392.65365344
2025-11-24 03:00:00,87518.1,87789.5,87189.2,87451.3,198.87955179
2025-11-24 04:00:00,87451.3,87600.0,86450.0,86738.5,344.50031322
2025-11-24 05:00:00,86738.4,87837.0,86688.2,87473.1,343.58608029
2025-11-24 06:00:00,87473.2,87519.1,86821.0,86914.6,231.29013331
2025-11-24 07:00:00,86914.5,87345.0,86700.0,87045.4,314.15603242
2025-11-24 08:00:00,87045.5,87045.5,86708.1,86960.2,226.67445587
2025-11-24 09:00:00,86960.2,86960.2,85815.5,85947.7,476.29419615
2025-11-24 10:00:00,85947.8,86194.9,85685.8,86053.4,385.30127217
2025-11-24 11:00:00,86053.3,86438.5,85837.0,86277.3,227.40060263
2025-11-24 12:00:00,86277.2,86316.1,85888.0,86003.3,298.30248666
2025-11-24 13:00:00,86003.3,86569.9,85952.4,86149.1,319.09222566
2025-11-24 14:00:00,86149.0,86653.8,85278.2,86172.3,670.06311104
2025-11-24 15:00:00,86172.4,86747.5,85913.6,86615.8,460.40542236
2025-11-24 16:00:00,86615.8,87700.6,86615.7,87175.4,624.10615327
2025-11-24 17:00:00,87175.4,88448.0,86955.6,88365.3,616.19141408
2025-11-24 18:00:00,88365.5,88739.4,88192.4,88713.6,407.80605416
2025-11-24 19:00:00,88713.5,88840.5,88118.8,88333.6,365.59690106
2025-11-24 20:00:00,88330.9,89230.5,88330.9,89083.3,389.3828302
2025-11-24 21:00:00,89083.1,89129.0,88715.4,88754.9,279.77995961
2025-11-24 22:00:00,88754.9,89091.4,88592.7,88623.6,170.09362723
2025-11-24 23:00:00,88625.0,88694.0,88240.3,88281.8,159.64333878
2025-11-25 00:00:00,88281.8,88290.2,87857.3,88104.0,267.10702321
2025-11-25 01:00:00,88104.1,88200.8,87720.0,87736.1,276.68400954
2025-11-25 02:00:00,87736.2,87944.7,87459.9,87911.6,290.06107193
2025-11-25 03:00:00,87911.7,88040.0,87541.5,87812.1,272.17364877
2025-11-25 04:00:00,87812.0,88507.3,87788.3,88336.5,311.59858578
2025-11-25 05:00:00,88336.5,88336.5,87929.6,88118.0,199.76997104
2025-11-25 06:00:00,88118.1,88149.9,87803.1,88006.8,194.20700495
2025-11-25 07:00:00,88006.7,88062.0,87333.0,87397.5,367.18893185
2025-11-25 08:00:00,87397.6,87621.7,87000.0,87018.1,222.18192051
2025-11-25 09:00:00,87018.1,87240.3,86675.1,87225.4,729.22782112
2025-11-25 10:00:00,87225.4,87426.7,86928.6,87407.5,217.84852402
2025-11-25 11:00:00,87407.5,87542.7,87301.9,87365.0,166.63194753
2025-11-25 12:00:00,87365.1,87765.2,87365.1,87514.1,336.89660595
2025-11-25 13:00:00,87514.0,87725.1,86857.1,87077.6,331.84049003
2025-11-25 14:00:00,87077.7,87303.7,86118.2,86750.1,570.83802945
2025-11-25 15:00:00,86750.0,87302.8,86200.0,86987.9,305.23725512
2025-11-25 16:00:00,86988.1,87297.8,86704.0,87123.1,268.27526141
2025-11-25 17:00:00,87123.1,88141.6,87047.0,87617.0,330.77035154
2025-11-25 18:00:00,87617.1,87827.7,87228.4,87228.5,190.63239014
2025-11-25 19:00:00,87228.5,87333.7,86182.5,86878.0,339.47225983
2025-11-25 20:00:00,86878.1,87456.4,86712.2,87361.6,200.49914247
2025-11-25 21:00:00,87361.7,87435.9,86983.3,87032.5,88.05659818
2025-11-25 22:00:00,87032.6,87720.0,86582.8,87643.9,176.91017707
2025-11-25 23:00:00,87643.7,87882.1,87312.7,87359.1,164.61638095
2025-11-26 00:00:00,87359.1,87769.0,87349.0,87573.0,187.6470639
2025-11-26 01:00:00,87573.0,88224.2,87334.1,87918.9,220.85137582
2025-11-26 02:00:00,87919.0,88085.0,87648.8,87711.0,117.86489177
2025-11-26 03:00:00,87711.0,87882.3,87075.9,87120.0,297.61127078
2025-11-26 04:00:00,87120.1,87369.9,86902.0,87229.9,183.10797939
2025-11-26 05:00:00,87229.9,87739.9,87225.8,87515.4,168.31859986
2025-11-26 06:00:00,87515.4,87877.0,87455.4,87788.8,243.21818744
2025-11-26 07:00:00,87788.8,87975.0,87672.2,87934.8,185.3172667
2025-11-26 08:00:00,87934.8,87939.6,87415.5,87418.4,237.58075178
2025-11-26 09:00:00,87418.5,87454.1,86760.7,86843.5,338.36968307
2025-11-26 10:00:00,86843.5,87066.0,86675.2,86957.0,113.14256365
2025-11-26 11:00:00,86957.0,87104.1,86851.1,87098.7,116.99182824
2025-11-26 12:00:00,87097.0,87181.8,86317.4,86654.1,306.21754695
2025-11-26 13:00:00,86654.0,87139.9,86581.0,87132.8,242.91154705
2025-11-26 14:00:00,87132.9,87685.7,86800.0,86899.9,303.40919719
2025-11-26 15:00:00,86899.9,87342.4,86674.1,86965.0,679.8323566
2025-11-26 16:00:00,86965.0,87935.0,86949.3,87826.6,560.57376379
2025-11-26 17:00:00,87826.7,89958.0,87712.9,89823.0,851.31188739
2025-11-26 18:00:00,89823.0,90423.6,89666.6,90140.0,672.97424443
2025-11-26 19:00:00,90139.9,90190.0,89742.1,89961.9,218.94636844
2025-11-26 20:00:00,89962.0,90109.1,89510.7,89867.1,245.2459055
2025-11-26 21:00:00,89867.1,90484.9,89804.5,90185.2,269.09603019
2025-11-26 22:00:00,90185.3,90646.1,90127.4,90381.1,217.96701085
2025-11-26 23:00:00,90381.1,90599.9,90312.5,90482.1,356.6886836
2025-11-27 00:00:00,90482.1,90579.0,90090.0,90469.3,403.90760582
2025-11-27 01:00:00,90469.5,91227.1,90378.5,91141.9,355.97073991
2025-11-27 02:00:00,91141.5,91878.4,90875.0,91379.0,792.11619387
2025-11-27 03:00:00,91379.0,91611.1,91018.5,91078.5,551.68204158
2025-11-27 04:00:00,91078.4,91346.8,91044.4,91268.7,210.50924136
2025-11-27 05:00:00,91268.7,91538.4,90888.0,90961.0,288.05474939
2025-11-27 06:00:00,90961.1,91431.0,90961.1,91231.5,157.15315484
2025-11-27 07:00:00,91231.4,91496.7,91125.0,91396.1,339.3164089
2025-11-27 08:00:00,91396.2,91509.8,91219.4,91475.1,267.47209508
2025-11-27 09:00:00,91475.0,91949.5,91449.1,91554.0,472.71658275
2025-11-27 10:00:00,91554.0,91737.0,91340.0,91605.8,473.90174919
2025-11-27 11:00:00,91605.8,91616.0,91300.0,91368.8,191.24227546
2025-11-27 12:00:00,91368.8,91450.8,90950.0,90985.4,357.34266787
2025-11-27 13:00:00,90985.3,91070.0,90440.0,90856.8,541.30152641
2025-11-27 14:00:00,90856.8,90979.5,90579.8,90789.7,203.29934672
2025-11-27 15:00:00,90789.7,90983.3,90635.7,90959.9,161.16527667
2025-11-27 16:00:00,90959.8,91559.9,90852.0,91460.3,221.93401878
2025-11-27 17:00:00,91460.4,91628.3,91308.3,91476.9,103.46828738
2025-11-27 18:00:00,91477.0,91837.0,91347.5,91789.1,153.89624259
2025-11-27 19:00:00,91789.1,91789.1,91512.0,91536.8,106.09444308
2025-11-27 20:00:00,91536.8,91605.0,91400.1,91435.9,88.25182258
2025-11-27 21:00:00,91436.0,91592.3,91225.6,91410.0,111.76917751
2025-11-27 22:00:00,91410.0,91585.4,91111.0,91324.6,129.30911762
2025-11-27 23:00:00,91324.6,91558.9,91212.3,91330.3,74.99794203
2025-11-28 00:00:00,91330.2,91413.5,91070.0,91203.5,138.03293078
2025-11-28 01:00:00,91203.9,91207.5,90787.3,90800.0,174.01791373
2025-11-28 02:00:00,90800.0,91133.0,90654.6,91069.9,230.72249877
2025-11-28 03:00:00,91069.9,91304.9,90996.5,91211.0,244.99194416
2025-11-28 04:00:00,91211.0,91486.6,91125.6,91418.9,152.29449189
2025-11-28 05:00:00,91419.0,91709.9,91300.0,91599.9,381.81354597
2025-11-28 06:00:00,91600.0,91600.0,91150.2,91295.0,215.13552205
2025-11-28 07:00:00,91295.1,91561.8,90837.8,90902.7,770.71742419
2025-11-28 08:00:00,90902.0,91699.9,90899.0,91674.3,512.1529961
2025-11-28 09:00:00,91674.7,91849.9,91435.0,91598.6,267.96577019
2025-11-28 10:00:00,91598.7,91859.5,91474.0,91847.0,159.95389418
2025-11-28 11:00:00,91847.0,92000.0,91054.0,91432.4,278.61647749
2025-11-28 12:00:00,91432.5,91693.1,91397.6,91511.9,125.40415305
2025-11-28 13:00:00,91511.9,92623.6,91370.0,92361.4,389.35784399
2025-11-28 14:00:00,92361.5,93079.0,91815.9,92249.9,864.48887451
2025-11-28 15:00:00,92249.8,92784.0,91979.2,92356.1,458.59218699
2025-11-28 16:00:00,92356.1,92374.2,90873.1,90938.0,538.68174442
2025-11-28 17:00:00,90938.0,91201.5,90213.9,90671.6,399.39486373
2025-11-28 18:00:00,90671.5,90961.8,90433.1,90825.1,146.92686574
2025-11-28 19:00:00,90825.1,91196.9,90821.6,91146.8,210.73837308
2025-11-28 20:00:00,91146.9,91218.8,90864.3,91190.9,305.62632213
2025-11-28 21:00:00,91190.8,91237.8,90880.0,90880.0,263.93881521
2025-11-28 22:00:00,90880.1,91150.3,90700.0,91115.5,146.95053219
2025-11-28 23:00:00,91115.8,91191.4,90885.0,90890.5,60.1447119
2025-11-29 00:00:00,90890.6,90974.2,90761.0,90887.9,67.42144531
2025-11-29 01:00:00,90887.9,91116.6,90797.7,90882.2,53.9862272
2025-11-29 02:00:00,90878.9,90926.0,90537.0,90792.1,111.56748076
2025-11-29 03:00:00,90792.1,90873.8,90663.0,90675.0,60.9062552
2025-11-29 04:00:00,90675.9,90915.0,90552.2,90898.3,58.04631685
2025-11-29 05:00:00,90898.4,90920.0,90727.4,90750.9,55.95083143
2025-11-29 06:00:00,90751.0,90823.7,90315.0,90556.5,230.41226097
2025-11-29 07:00:00,90556.6,90689.4,90370.0,90563.8,575.87784793
2025-11-29 08:00:00,90563.8,90730.1,90475.5,90628.9,436.06433826
2025-11-29 09:00:00,90628.8,90676.4,90487.8,90559.0,491.86662028
2025-11-29 10:00:00,90559.0,90647.9,90373.5,90551.1,121.3911752
2025-11-29 11:00:00,90551.0,90680.0,90459.2,90675.0,50.65473476
2025-11-29 12:00:00,90675.1,90805.6,90531.1,90620.2,45.66177535
2025-11-29 13:00:00,90620.1,90803.4,90595.0,90780.8,58.3823124
2025-11-29 14:00:00,90780.9,90780.9,90619.1,90629.2,42.64884326
2025-11-29 15:00:00,90629.3,91101.0,90629.2,91068.0,408.53292328
2025-11-29 16:00:00,91068.0,91171.0,90863.3,91008.9,79.5056031
2025-11-29 17:00:00,91009.0,91023.8,90430.5,90430.5,153.151935
2025-11-29 18:00:00,90430.5,90723.3,90168.0,90697.0,199.14816528
2025-11-29 19:00:00,90697.0,90847.8,90605.0,90646.0,39.08199201
2025-11-29 20:00:00,90646.1,91042.7,90406.9,90966.5,100.19748228
2025-11-29 21:00:00,90966.5,91050.0,90808.8,91013.2,70.38513188
2025-11-29 22:00:00,91013.3,91013.3,90712.5,90756.0,59.400915
2025-11-29 23:00:00,90756.1,90893.4,90660.2,90801.9,73.54803707
2025-11-30 00:00:00,90801.9,90943.0,90764.0,90891.6,32.82339309
2025-11-30 01:00:00,90891.6,91051.4,90857.9,90905.1,54.46928419
2025-11-30 02:00:00,90905.1,91035.4,90749.5,90780.9,39.12163473
2025-11-30 03:00:00,90781.1,90923.0,90465.7,90918.3,95.50793166
2025-11-30 04:00:00,90918.3,90974.0,90800.0,90854.0,44.00057257
2025-11-30 05:00:00,90854.0,90854.0,90675.9,90786.3,99.82106496
2025-11-30 06:00:00,90786.4,90938.0,90718.0,90892.3,261.70416789
2025-11-30 07:00:00,90891.7,91049.7,90855.6,90959.9,390.51311259
2025-11-30 08:00:00,90960.0,91430.0,90924.8,91182.9,402.40612442
2025-11-30 09:00:00,91183.0,91624.2,91130.1,91407.0,218.64747841
2025-11-30 10:00:00,91407.0,91461.4,91200.0,91226.8,43.3531506
2025-11-30 11:00:00,91226.8,91387.5,90986.4,91048.0,65.02711351
2025-11-30 12:00:00,91048.0,91534.6,91003.1,91467.5,86.52921398
2025-11-30 13:00:00,91467.5,91972.1,91400.0,91769.4,203.15541584
2025-11-30 14:00:00,91769.4,91777.0,91258.8,91497.9,109.50475047
2025-11-30 15:00:00,91497.9,91610.0,91313.1,91439.9,81.21567322
2025-11-30 16:00:00,91440.0,91855.0,91409.1,91827.9,78.64781904
2025-11-30 17:00:00,91827.9,91827.9,91311.5,91490.1,71.67307738
2025-11-30 18:00:00,91490.1,91490.1,91158.0,91462.6,95.94579909
2025-11-30 19:00:00,91462.7,91497.3,91301.0,91464.0,36.94579765
2025-11-30 20:00:00,91464.0,91628.5,91181.8,91314.0,76.76527683
2025-11-30 21:00:00,91314.1,91331.6,90870.6,91170.5,143.1610716
2025-11-30 22:00:00,91170.4,91342.3,91027.5,91229.0,67.31192085
2025-11-30 23:00:00,91229.1,91253.1,90351.3,90367.3,289.92109568
2025-12-01 00:00:00,90367.2,90421.5,86974.1,87002.9,1745.65974348
2025-12-01 01:00:00,87002.9,87749.9,86951.0,87167.1,746.5032158
2025-12-01 02:00:00,87169.7,87504.0,86475.1,86724.0,685.99320649
2025-12-01 03:00:00,86724.1,86820.5,86179.7,86359.9,412.29008283
2025-12-01 04:00:00,86360.0,86369.3,85707.0,85813.0,625.35657407
2025-12-01 05:00:00,85813.0,86019.0,85615.6,86016.1,228.25374088
2025-12-01 06:00:00,86016.0,86361.0,85980.0,86240.2,320.77757982
2025-12-01 07:00:00,86240.2,86578.5,86066.3,86556.7,496.91587271
2025-12-01 08:00:00,86552.0,86888.0,86382.5,86858.1,614.84119947
2025-12-01 09:00:00,86856.6,86940.9,86524.1,86700.4,916.04080948
2025-12-01 10:00:00,86700.5,86818.0,86552.2,86646.0,151.20015161
2025-12-01 11:00:00,86646.1,86697.5,86138.5,86145.8,237.92394421
2025-12-01 12:00:00,86145.8,86229.6,84750.0,85432.0,832.20466349
2025-12-01 13:00:00,85432.0,86148.3,85356.0,85985.1,522.68282217
2025-12-01 14:00:00,85985.0,86666.5,85853.5,86052.0,495.65120274
2025-12-01 15:00:00,86052.0,86131.5,83833.4,84687.0,1034.93840215
2025-12-01 16:00:00,84687.1,85453.2,84050.0,84566.1,673.20580761
2025-12-01 17:00:00,84566.3,85265.7,84450.1,84941.4,220.97150184
2025-12-01 18:00:00,84937.0,85567.0,84728.0,85199.1,255.85625962
2025-12-01 19:00:00,85199.0,85298.9,84606.1,85025.9,134.90249154
2025-12-01 20:00:00,85025.8,85825.7,85009.8,85510.1,254.15769405
2025-12-01 21:00:00,85510.1,86493.5,85496.8,86430.0,349.17689859
2025-12-01 22:00:00,86430.0,86857.1,86279.4,86572.0,221.445655
2025-12-01 23:00:00,86572.1,86826.9,86250.0,86283.3,186.95449459
2025-12-02 00:00:00,86283.4,86666.0,86183.3,86515.9,120.96052323
2025-12-02 01:00:00,86515.1,87355.0,86377.9,86448.0,343.23412423
2025-12-02 02:00:00,86448.1,86857.1,86266.7,86543.0,187.88992772
2025-12-02 03:00:00,86543.0,87088.0,86210.0,86975.0,205.4152831
2025-12-02 04:00:00,86974.9,87266.0,86893.0,86964.9,175.65886249
2025-12-02 05:00:00,86965.0,87111.0,86816.0,87003.0,122.36174984
2025-12-02 06:00:00,87002.9,87175.5,86857.4,87078.8,267.18722765
2025-12-02 07:00:00,87078.7,87115.6,86881.5,87006.4,440.25016559
2025-12-02 08:00:00,87006.4,87052.5,86352.1,86465.4,400.74134104
2025-12-02 09:00:00,86465.2,86990.8,86450.1,86762.7,186.04576947
2025-12-02 10:00:00,86762.6,87599.8,86759.4,87278.7,253.02230747
2025-12-02 11:00:00,87277.0,87609.0,86999.0,87366.1,269.02222146
2025-12-02 12:00:00,87366.1,87558.0,87195.8,87267.2,226.43284459
2025-12-02 13:00:00,87267.2,87877.7,87031.6,87729.7,268.31504788
2025-12-02 14:00:00,87729.7,89263.0,87600.0,89262.9,832.59621213
2025-12-02 15:00:00,89262.9,91194.9,89262.9,90847.4,1530.20940362
2025-12-02 16:00:00,90847.4,91297.4,90214.8,90744.9,514.93524258
2025-12-02 17:00:00,90745.0,91999.9,90734.6,91450.6,461.18216689
2025-12-02 18:00:00,91451.0,92221.0,91347.2,91943.9,461.80903239
2025-12-02 19:00:00,91944.0,92299.4,91829.4,91896.0,410.73205427
2025-12-02 20:00:00,91895.9,91928.0,90719.5,91034.1,495.28908569
2025-12-02 21:00:00,91034.1,91633.3,90971.8,91569.0,177.41086445
2025-12-02 22:00:00,91569.0,92000.0,91520.0,91989.5,268.8101239
2025-12-02 23:00:00,91986.7,91993.9,91280.4,91284.0,128.95993634
2025-12-03 00:00:00,91283.9,91766.7,91004.0,91670.5,466.5301304
2025-12-03 01:00:00,91670.6,92476.1,91476.8,92244.9,338.55088399
2025-12-03 02:00:00,92245.1,93050.0,92163.8,92816.7,450.41005502
2025-12-03 03:00:00,92816.1,93076.3,92593.0,92624.3,221.12485094
2025-12-03 04:00:00,92624.3,93458.2,92624.2,93347.8,377.2907969
2025-12-03 05:00:00,93347.8,93657.2,93110.8,93637.1,417.70448496
2025-12-03 06:00:00,93637.0,93959.3,93160.7,93436.0,430.54662168
2025-12-03 07:00:00,93435.9,93462.2,92863.3,92995.9,897.28535373
2025-12-03 08:00:00,92996.1,93175.2,92675.2,92768.0,470.81445652
2025-12-03 09:00:00,92768.1,93215.2,92704.3,93179.1,218.81177777
2025-12-03 10:00:00,93179.1,93389.3,92861.6,92939.1,229.04974661
2025-12-03 11:00:00,92939.2,93048.0,92666.6,93006.9,223.31667945
2025-12-03 12:00:00,93006.9,93100.0,92690.0,92928.9,275.24402158
2025-12-03 13:00:00,92929.0,93250.0,92875.4,93128.1,268.02756729
2025-12-03 14:00:00,93128.2,93688.0,91690.8,92352.8,1347.89643722
2025-12-03 15:00:00,92356.1,92998.6,91931.8,92379.9,569.82644348
2025-12-03 16:00:00,92380.1,92740.1,91798.6,92253.3,316.90407532
2025-12-03 17:00:00,92253.4,93043.5,92204.8,92957.7,320.83679238
2025-12-03 18:00:00,92957.8,93500.0,92376.9,92613.1,310.99737788
2025-12-03 19:00:00,92613.2,93094.2,92529.0,93026.1,110.51457454
2025-12-03 20:00:00,93026.3,93387.1,92827.2,92970.6,164.51829038
2025-12-03 21:00:00,92971.0,93762.9,92853.5,93699.5,201.55090683
2025-12-03 22:00:00,93699.5,94162.8,93304.9,93783.6,451.79224734
2025-12-03 23:00:00,93784.0,94097.0,93373.9,93423.0,308.91321205
2025-12-04 00:00:00,93423.0,93470.7,92675.0,93055.9,359.53177322
2025-12-04 01:00:00,93050.5,93763.3,92996.0,93188.0,206.5674439
2025-12-04 02:00:00,93188.0,94074.9,93114.9,93935.7,535.26637593
2025-12-04 03:00:00,93935.8,94070.6,93399.0,93533.0,253.0412105
2025-12-04 04:00:00,93532.9,93577.9,93217.0,93353.7,136.94008968
2025-12-04 05:00:00,93353.9,93370.9,92777.3,92968.6,459.5022004
2025-12-04 06:00:00,92970.1,93365.4,92842.9,93138.0,195.31227723
2025-12-04 07:00:00,93137.9,93420.8,92876.1,93397.1,242.11204359
2025-12-04 08:00:00,93397.1,93594.4,93044.7,93250.0,367.39995158
2025-12-04 09:00:00,93251.8,93612.0,93226.0,93447.2,489.13619535
2025-12-04 10:00:00,93448.2,93554.4,93155.0,93258.4,156.34389827
2025-12-04 11:00:00,93258.5,93308.8,92732.3,92939.2,167.80467532
2025-12-04 12:00:00,92939.2,93193.2,92777.7,92992.1,160.43884087
2025-12-04 13:00:00,92987.9,93069.6,92430.5,92521.7,299.40054774
2025-12-04 14:00:00,92521.6,92823.1,91800.0,91902.1,350.85066152
2025-12-04 15:00:00,91901.8,93250.0,91889.3,92968.9,465.99368488
2025-12-04 16:00:00,92968.7,93178.0,92275.8,92433.5,335.27617914
2025-12-04 17:00:00,92429.4,92534.9,91754.5,92426.0,335.44160901
2025-12-04 18:00:00,92426.0,92550.0,91941.3,92126.2,153.35678897
2025-12-04 19:00:00,92128.5,92164.1,90887.6,91976.4,456.64232642
2025-12-04 20:00:00,91977.5,92531.2,91686.2,92467.7,186.42651103
2025-12-04 21:00:00,92467.8,92705.4,92086.7,92151.5,130.39935408
2025-12-04 22:00:00,92155.7,92492.4,92150.0,92341.1,89.3649664
2025-12-04 23:00:00,92340.9,92461.0,92062.6,92062.7,321.90379128
2025-12-05 00:00:00,92062.7,92471.9,92048.3,92293.1,101.5147977
2025-12-05 01:00:00,92293.1,92594.5,92222.2,92357.1,130.31251926
2025-12-05 02:00:00,92357.2,92696.1,92253.7,92509.5,170.99813353
2025-12-05 03:00:00,92509.6,92659.8,91970.0,92158.1,190.97143679
2025-12-05 04:00:00,92158.1,92385.0,91806.9,92026.3,229.53583643
2025-12-05 05:00:00,92028.0,92228.3,91880.0,91938.5,93.18906351
2025-12-05 06:00:00,91938.6,92282.8,91898.1,92273.0,114.60242374
2025-12-05 07:00:00,92272.9,92482.6,92199.0,92249.8,171.76138444
2025-12-05 08:00:00,92249.8,92254.3,91892.0,92111.0,191.08837397
2025-12-05 09:00:00,92111.1,92113.8,90972.1,91122.9,487.2457383
2025-12-05 10:00:00,91122.7,91487.1,91088.0,91274.9,121.61165252
2025-12-05 11:00:00,91275.0,91560.0,91127.1,91342.9,97.37343276
2025-12-05 12:00:00,91342.8,91426.0,91079.2,91240.0,102.27392295
2025-12-05 13:00:00,91240.0,91354.0,90229.0,90472.9,378.83218815
2025-12-05 14:00:00,90473.0,90740.5,89900.0,90293.2,474.26847473
2025-12-05 15:00:00,90293.2,91497.8,90263.5,90456.0,645.76648361
2025-12-05 16:00:00,90456.1,90499.9,88040.4,88811.1,1179.67317992
2025-12-05 17:00:00,88811.0,89544.3,88612.1,89338.9,321.90352027
2025-12-05 18:00:00,89338.9,89797.6,88909.4,88939.0,245.11195789
2025-12-05 19:00:00,88939.0,89803.3,88814.0,89639.1,184.12484045
2025-12-05 20:00:00,89639.0,89742.4,89196.3,89306.9,128.11737218
2025-12-05 21:00:00,89305.3,89492.1,89076.0,89180.9,101.14576427
2025-12-05 22:00:00,89181.0,89364.9,88907.0,89240.0,93.45371856
2025-12-05 23:00:00,89239.9,89379.5,88937.1,89330.8,92.36261302
2025-12-06 00:00:00,89330.9,89461.0,89040.3,89420.5,182.25774232
2025-12-06 01:00:00,89420.6,89497.9,89200.2,89323.9,54.25239518
2025-12-06 02:00:00,89324.0,89402.1,89169.0,89388.1,58.74616283
2025-12-06 03:00:00,89388.1,89800.0,89385.0,89677.2,153.32221157
2025-12-06 04:00:00,89677.2,89708.8,89514.5,89663.3,73.54303591
2025-12-06 05:00:00,89663.4,89732.3,89527.0,89600.1,43.46258721
2025-12-06 06:00:00,89600.2,89766.1,89510.3,89683.1,81.08867527
2025-12-06 07:00:00,89683.3,89713.8,89465.2,89583.0,508.00597325
2025-12-06 08:00:00,89583.9,89646.2,89203.1,89275.8,482.95284688
2025-12-06 09:00:00,89275.9,89666.6,89258.0,89563.1,139.39908081
2025-12-06 10:00:00,89563.2,89693.1,89459.6,89506.1,226.84062907
2025-12-06 11:00:00,89506.2,89740.7,89473.9,89629.5,170.88895499
2025-12-06 12:00:00,89629.5,89647.8,89560.0,89578.0,67.25596881
2025-12-06 13:00:00,89578.1,89790.0,89578.1,89672.8,81.86290799
2025-12-06 14:00:00,89672.8,90279.8,89658.0,90008.0,292.62138204
2025-12-06 15:00:00,90008.0,90044.0,89467.9,89756.4,189.77354111
2025-12-06 16:00:00,89756.5,89981.0,89686.6,89708.0,56.80352341
2025-12-06 17:00:00,89708.1,89839.9,89615.0,89708.3,46.37044149
2025-12-06 18:00:00,89708.3,89786.3,89530.1,89650.3,38.53711891
2025-12-06 19:00:00,89650.3,89749.1,89258.2,89409.2,180.73224833
2025-12-06 20:00:00,89409.2,89560.3,89320.3,89558.3,40.91719957
2025-12-06 21:00:00,89558.2,89622.0,89403.3,89425.0,35.16316273
2025-12-06 22:00:00,89425.1,89531.0,89258.0,89288.0,89.05899897
2025-12-06 23:00:00,89287.9,89334.4,88914.1,89233.9,134.04444488
2025-12-07 00:00:00,89234.0,89554.5,89183.6,89400.0,52.72033335
2025-12-07 01:00:00,89400.1,89591.2,89300.0,89300.1,57.70109405
2025-12-07 02:00:00,89300.1,89692.7,89300.0,89628.7,61.83541034
2025-12-07 03:00:00,89628.5,89745.9,89547.5,89720.9,82.41325061
2025-12-07 04:00:00,89720.9,89789.3,89470.9,89538.0,63.91026413
2025-12-07 05:00:00,89538.0,89563.0,89428.0,89513.8,34.14892592
2025-12-07 06:00:00,89513.8,89716.0,89491.7,89712.0,214.85282449
2025-12-07 07:00:00,89712.1,89736.7,89200.7,89382.0,349.0823339
2025-12-07 08:00:00,89382.0,89540.0,89202.1,89318.1,55.48941358
2025-12-07 09:00:00,89318.1,89402.0,89062.5,89112.1,85.79990841
2025-12-07 10:00:00,89112.1,89392.1,89090.9,89246.9,425.27224419
2025-12-07 11:00:00,89247.0,89280.0,89147.1,89158.6,42.13858299
2025-12-07 12:00:00,89158.6,89588.6,89122.8,89477.6,57.50155407
2025-12-07 13:00:00,89477.7,89514.0,88650.0,89052.0,199.34331435
2025-12-07 14:00:00,89051.9,89105.5,87731.7,88225.9,589.78871374
2025-12-07 15:00:00,88225.7,89714.5,88178.0,89554.8,478.2435353
2025-12-07 16:00:00,89554.7,89910.1,89112.0,89892.1,220.85645389
2025-12-07 17:00:00,89892.1,91294.7,89616.1,90960.5,516.49845304
2025-12-07 18:00:00,90960.4,91759.5,90960.3,91371.6,216.9598506
2025-12-07 19:00:00,91371.7,91549.3,91226.9,91423.0,67.22029699
2025-12-07 20:00:00,91423.1,91514.7,91314.1,91440.1,64.44657471
2025-12-07 21:00:00,91440.1,91440.1,89874.7,90234.1,220.53643969
2025-12-07 22:00:00,90234.2,90242.2,88985.0,89604.7,442.97659126
2025-12-07 23:00:00,89604.6,90470.6,89523.0,90394.1,151.63623511
2025-12-08 00:00:00,90394.1,90612.1,89868.4,90349.0,130.64540722
2025-12-08 01:00:00,90349.0,91688.0,90306.9,90908.0,326.43424124
2025-12-08 02:00:00,90911.7,91435.0,90807.4,91356.9,147.48035064
2025-12-08 03:00:00,91356.9,91418.9,90982.8,91074.4,154.45991975
2025-12-08 04:00:00,91074.4,91472.4,91025.9,91283.1,156.52264735
2025-12-08 05:00:00,91283.1,91442.6,91041.0,91333.9,144.48994526
2025-12-08 06:00:00,91334.0,91650.0,91245.0,91460.0,178.32380109
2025-12-08 07:00:00,91460.0,91875.3,91356.7,91560.1,297.51867268
2025-12-08 08:00:00,91560.2,91936.5,91481.9,91832.7,196.87357375
2025-12-08 09:00:00,91832.7,92288.0,91790.0,91911.1,295.56294595
2025-12-08 10:00:00,91911.2,92217.0,91817.6,92126.7,118.52744745
2025-12-08 11:00:00,92126.8,92182.1,91850.1,91958.0,140.09569621
2025-12-08 12:00:00,91957.9,91984.7,91652.2,91763.6,214.65183895
2025-12-08 13:00:00,91763.6,92113.2,91307.6,91462.9,283.99299
2025-12-08 14:00:00,91463.0,91776.4,90782.9,90847.1,466.54909474
2025-12-08 15:00:00,90847.1,90991.2,89612.7,89962.0,935.52012752
2025-12-08 16:00:00,89962.0,90482.2,89678.2,89977.9,376.15111168
2025-12-08 17:00:00,89978.0,90340.0,89698.0,90257.1,260.90576941
2025-12-08 18:00:00,90257.0,90511.3,89729.8,89907.2,147.86695889
2025-12-08 19:00:00,89907.2,90361.3,89864.0,90117.5,93.42378826
2025-12-08 20:00:00,90117.6,90920.0,90117.6,90790.5,136.48212692
2025-12-08 21:00:00,90790.4,91369.6,90670.1,91304.1,150.46530035
2025-12-08 22:00:00,91304.1,91385.8,90714.2,90822.4,120.06994356
2025-12-08 23:00:00,90822.4,91006.6,90481.8,90639.9,127.20334331
2025-12-09 00:00:00,90642.0,90847.8,90360.0,90393.6,100.38081768
2025-12-09 01:00:00,90393.6,90569.0,89968.9,90057.0,206.4395452
2025-12-09 02:00:00,90060.5,90369.8,89980.7,90072.8,119.0186181
2025-12-09 03:00:00,90075.6,90448.5,89812.5,90409.0,254.52311079
2025-12-09 04:00:00,90409.0,90526.0,89725.5,89921.0,259.80255573
2025-12-09 05:00:00,89921.0,90200.0,89500.0,89893.9,330.3393212
2025-12-09 06:00:00,89893.9,90235.0,89782.6,90165.0,201.79061023
2025-12-09 07:00:00,90165.1,90530.9,90089.3,90499.0,905.26325987
2025-12-09 08:00:00,90503.2,90612.7,90370.8,90498.1,219.59165798
2025-12-09 09:00:00,90498.1,90498.1,90135.3,90136.0,433.65332784
2025-12-09 10:00:00,90136.1,90345.5,89908.4,90298.8,243.71492793
2025-12-09 11:00:00,90298.8,90395.8,90134.9,90382.0,269.30774391
2025-12-09 12:00:00,90382.0,90700.1,90323.0,90574.0,243.1912308
2025-12-09 13:00:00,90574.1,90837.9,90170.0,90424.0,334.32312087
2025-12-09 14:00:00,90423.9,90624.3,89999.1,90357.5,395.46802552
2025-12-09 15:00:00,90357.4,92888.0,90293.3,92706.6,885.62540087
2025-12-09 16:00:00,92706.6,94488.0,92697.3,94183.0,1259.15664336
2025-12-09 17:00:00,94183.0,94600.0,93546.3,93916.9,539.54634934
2025-12-09 18:00:00,93916.9,94176.0,93664.1,93924.0,293.33262292
2025-12-09 19:00:00,93924.0,94227.1,93662.0,93805.0,195.72091212
2025-12-09 20:00:00,93805.1,93851.5,92773.6,93117.1,328.3355621
2025-12-09 21:00:00,93117.3,93236.1,92255.1,92645.2,291.61378972
2025-12-09 22:00:00,92645.2,93035.0,92510.0,92876.3,299.0613451
2025-12-09 23:00:00,92876.3,92980.9,92551.3,92682.5,167.77556067
2025-12-10 00:00:00,92682.4,92782.6,92067.1,92130.1,310.6800631
2025-12-10 01:00:00,92129.9,92392.6,91964.3,92312.2,143.77065529
2025-12-10 02:00:00,92312.2,92569.0,92020.0,92498.9,175.00499377
2025-12-10 03:00:00,92499.9,92555.0,92350.0,92410.2,119.59126158
2025-12-10 04:00:00,92410.2,92660.0,92388.0,92549.2,101.18736001
2025-12-10 05:00:00,92549.3,92726.0,92517.0,92558.9,86.92563074
2025-12-10 06:00:00,92559.0,92761.0,92396.7,92701.7,105.94456506
2025-12-10 07:00:00,92700.6,92784.9,92498.5,92784.9,496.79430535
2025-12-10 08:00:00,92785.0,92797.0,92542.0,92611.4,442.44293976
2025-12-10 09:00:00,92611.4,92947.3,92443.7,92919.9,235.86662898
2025-12-10 10:00:00,92919.9,93257.1,92150.0,92282.0,854.8629921
2025-12-10 11:00:00,92282.1,92472.8,91780.1,92131.0,799.40012705
2025-12-10 12:00:00,92131.1,92231.0,91828.7,91996.1,209.25369786
2025-12-10 13:00:00,91996.0,92229.9,91945.6,92097.0,157.79751166
2025-12-10 14:00:00,92096.9,92122.0,91609.5,91836.8,251.36503054
2025-12-10 15:00:00,91834.1,92148.4,91567.6,92069.9,278.09419569
2025-12-10 16:00:00,92070.0,92597.0,91896.0,92174.9,409.94351588
2025-12-10 17:00:00,92174.0,92512.9,92102.1,92384.3,207.68625127
2025-12-10 18:00:00,92384.4,93058.6,91980.0,92499.7,298.38256632
2025-12-10 19:00:00,92499.6,93283.2,91685.5,92959.6,972.23919566
2025-12-10 20:00:00,92959.7,94495.2,92260.0,92453.3,804.77893571
2025-12-10 21:00:00,92453.2,92772.6,91873.8,92351.4,241.87182423
2025-12-10 22:00:00,92351.5,92695.4,91953.7,92514.9,167.87256569
2025-12-10 23:00:00,92514.9,92592.9,91938.1,92013.7,173.18754256
2025-12-11 00:00:00,92013.6,92082.8,91048.1,91385.2,335.30472018
2025-12-11 01:00:00,91385.3,91408.0,90653.4,90673.8,279.1833207
2025-12-11 02:00:00,90673.8,90673.8,89872.5,90070.3,512.38051515
2025-12-11 03:00:00,90070.5,90083.5,89389.8,89881.1,397.6365867
2025-12-11 04:00:00,89881.0,90483.3,89688.0,90437.0,290.53147763
2025-12-11 05:00:00,90437.0,90437.0,90066.1,90303.8,199.17020937
2025-12-11 06:00:00,90303.8,90445.9,89954.9,90292.2,187.19643679
2025-12-11 07:00:00,90292.3,90329.2,90057.2,90271.0,271.86738121
2025-12-11 08:00:00,90270.9,90271.0,89964.9,90186.4,126.31077616
2025-12-11 09:00:00,90186.5,90523.3,90111.9,90233.0,800.5978254
2025-12-11 10:00:00,90233.3,90347.1,90170.0,90317.3,155.557461
2025-12-11 11:00:00,90317.4,90414.0,90204.1,90234.8,551.81074857
2025-12-11 12:00:00,90234.8,90381.3,90008.0,90029.0,148.4028197
2025-12-11 13:00:00,90029.1,90170.0,89876.1,90101.0,150.53066277
2025-12-11 14:00:00,90101.0,90484.2,89255.9,89548.1,500.5589693
2025-12-11 15:00:00,89548.1,90642.7,89408.0,89875.1,485.2247252
2025-12-11 16:00:00,89875.0,90180.2,89333.3,89736.9,204.82634057
2025-12-11 17:00:00,89737.1,90255.1,89630.0,89979.4,161.71465129
2025-12-11 18:00:00,89971.6,91183.4,89891.1,90705.9,335.91158054
2025-12-11 19:00:00,90705.7,91541.2,90583.1,90835.6,281.02742739
2025-12-11 20:00:00,90835.6,91829.2,90802.5,91781.4,186.21123828
2025-12-11 21:00:00,91789.2,93564.4,91703.3,92867.6,620.82572248
2025-12-11 22:00:00,92867.7,93198.2,92097.6,92371.5,376.20738183
2025-12-11 23:00:00,92373.3,92804.5,92337.1,92522.3,399.27092309
2025-12-12 00:00:00,92522.2,92658.5,91280.4,91577.7,358.3292851
2025-12-12 01:00:00,91577.7,92317.0,91545.9,92171.8,210.07472527
2025-12-12 02:00:00,92171.9,92747.2,91929.1,92584.4,249.48219932
2025-12-12 03:00:00,92584.5,92752.5,92175.0,92275.1,142.86960433
2025-12-12 04:00:00,92274.9,92468.1,92123.0,92397.5,168.48839422
2025-12-12 05:00:00,92397.6,92502.3,92078.6,92443.2,134.01676677
2025-12-12 06:00:00,92443.2,92719.3,92403.1,92506.6,134.63047044
2025-12-12 07:00:00,92506.7,92562.6,92250.3,92427.1,198.62147521
2025-12-12 08:00:00,92427.2,92479.1,92103.1,92347.4,159.40891768
2025-12-12 09:00:00,92346.9,92559.3,92088.5,92522.5,103.49380457
2025-12-12 10:00:00,92522.6,92635.6,92413.3,92493.0,183.00963292
2025-12-12 11:00:00,92493.1,92493.1,92276.3,92411.9,62.00548005
2025-12-12 12:00:00,92411.8,92425.1,92085.9,92425.1,165.86361655
2025-12-12 13:00:00,92425.1,92515.6,92250.3,92311.9,129.70306513
2025-12-12 14:00:00,92311.9,92666.5,91902.5,92445.5,329.62106883
2025-12-12 15:00:00,92445.5,92445.5,89777.7,89941.4,1021.78373382
2025-12-12 16:00:00,89933.7,90439.5,89466.6,90040.1,539.75715832
2025-12-12 17:00:00,90040.2,90622.7,89822.6,90075.6,335.39684545
2025-12-12 18:00:00,90075.7,90659.9,90039.0,90366.0,350.93473832
2025-12-12 19:00:00,90366.1,90398.9,90003.9,90197.1,179.75798504
2025-12-12 20:00:00,90197.1,90329.8,89888.8,90211.3,143.77395516
2025-12-12 21:00:00,90211.2,90347.6,90100.0,90192.0,100.17990399
2025-12-12 22:00:00,90186.0,90392.3,90184.7,90339.7,67.57906932
2025-12-12 23:00:00,90339.9,90387.0,90225.1,90268.1,43.02290384
2025-12-13 00:00:00,90268.1,90436.5,90206.9,90317.6,72.87979636
2025-12-13 01:00:00,90317.6,90360.0,90112.4,90224.9,53.88380277
2025-12-13 02:00:00,90225.0,90318.0,90206.2,90227.1,85.2432324
2025-12-13 03:00:00,90227.1,90469.9,90196.0,90341.9,135.46026992
2025-12-13 04:00:00,90341.9,90421.0,90271.5,90375.9,66.51295067
2025-12-13 05:00:00,90375.9,90394.0,90246.5,90340.4,162.18434809
2025-12-13 06:00:00,90340.5,90370.7,90251.6,90348.1,116.02051912
2025-12-13 07:00:00,90348.2,90416.9,90311.9,90330.0,559.66099937
2025-12-13 08:00:00,90330.1,90576.7,90314.6,90450.9,239.47088858
2025-12-13 09:00:00,90450.9,90513.5,90361.9,90415.0,142.43273878
2025-12-13 10:00:00,90415.1,90638.2,90415.1,90592.9,183.38279702
2025-12-13 11:00:00,90592.9,90611.8,90300.0,90341.7,106.74044916
2025-12-13 12:00:00,90341.7,90486.0,90294.5,90355.1,54.66533858
2025-12-13 13:00:00,90355.1,90468.8,90200.0,90262.0,297.84272778
2025-12-13 14:00:00,90262.0,90348.1,89930.1,90086.0,152.71142529
2025-12-13 15:00:00,90085.9,90293.1,90038.7,90100.7,74.60630179
2025-12-13 16:00:00,90100.6,90275.0,90032.5,90097.6,47.03441241
2025-12-13 17:00:00,90097.6,90105.8,89990.0,90054.0,36.70012025
2025-12-13 18:00:00,90054.1,90190.6,90044.1,90123.9,21.37263691
2025-12-13 19:00:00,90124.0,90225.5,90108.7,90182.5,16.58305732
2025-12-13 20:00:00,90182.4,90215.9,90044.0,90092.6,64.72020751
2025-12-13 21:00:00,90092.6,90192.0,89764.8,90171.5,67.18613368
2025-12-13 22:00:00,90171.5,90252.4,90002.5,90137.0,37.07301635
2025-12-13 23:00:00,90137.0,90279.0,90067.0,90241.1,25.03486913
2025-12-14 00:00:00,90241.1,90475.0,90125.0,90339.1,107.15131775
2025-12-14 01:00:00,90339.1,90458.2,90212.5,90300.4,57.87306423
2025-12-14 02:00:00,90300.5,90394.0,90247.2,90293.0,36.08459461
2025-12-14 03:00:00,90293.1,90310.0,90247.2,90266.5,46.3393048
2025-12-14 04:00:00,90266.6,90346.3,90131.3,90205.0,54.69097451
2025-12-14 05:00:00,90205.0,90234.0,90051.0,90208.7,72.44141003
2025-12-14 06:00:00,90208.7,90249.7,90100.0,90151.1,29.74349959
2025-12-14 07:00:00,90151.1,90291.1,90085.2,90256.1,114.17679632
2025-12-14 08:00:00,90256.0,90307.6,90104.9,90114.9,205.22209862
2025-12-14 09:00:00,90115.0,90158.0,90007.0,90025.9,57.74668524
2025-12-14 10:00:00,90026.0,90133.3,89786.4,89857.0,356.79876067
2025-12-14 11:00:00,89857.1,89857.1,88632.9,89355.0,716.52021275
2025-12-14 12:00:00,89355.1,89662.6,89100.0,89418.5,142.95710451
2025-12-14 13:00:00,89417.1,89498.0,89083.9,89484.1,93.66485585
2025-12-14 14:00:00,89484.1,89559.4,88884.0,89112.1,169.43066117
2025-12-14 15:00:00,89112.1,89180.0,88880.0,89027.7,76.91047471
2025-12-14 16:00:00,89027.7,89397.9,88505.4,88832.9,191.920253
2025-12-14 17:00:00,88833.0,89029.2,88600.0,88804.9,135.47267914
2025-12-14 18:00:00,88805.0,89082.4,88720.2,89004.7,85.78959057
2025-12-14 19:00:00,89004.7,89004.7,88465.9,88644.0,104.8662025
2025-12-14 20:00:00,88644.1,88833.0,88350.0,88556.9,147.3055239
2025-12-14 21:00:00,88557.0,88711.6,88342.4,88444.0,66.05346172
2025-12-14 22:00:00,88444.1,88604.9,88018.0,88411.0,162.34966857
2025-12-14 23:00:00,88411.0,88610.0,87564.5,88162.9,321.36472736
2025-12-15 00:00:00,88163.0,88688.0,88072.3,88456.0,187.50243092
2025-12-15 01:00:00,88456.0,89336.9,88421.0,89248.1,258.90828396
2025-12-15 02:00:00,89248.1,90021.9,89235.1,89315.0,215.7082354
2025-12-15 03:00:00,89315.0,89540.0,89226.5,89285.9,166.99620109
2025-12-15 04:00:00,89286.0,89790.9,89279.0,89669.9,183.76306218
2025-12-15 05:00:00,89669.9,89760.0,89500.0,89616.1,223.79511125
2025-12-15 06:00:00,89619.0,89922.9,89474.0,89743.4,101.70250397
2025-12-15 07:00:00,89743.4,89829.7,89523.8,89747.0,145.93321186
2025-12-15 08:00:00,89747.0,89900.0,89650.0,89770.1,103.64637054
2025-12-15 09:00:00,89770.0,89984.3,89768.0,89873.9,127.88025015
2025-12-15 10:00:00,89873.9,89976.0,89709.8,89858.9,156.27589988
2025-12-15 11:00:00,89858.9,89899.9,89588.0,89645.2,71.52782918
2025-12-15 12:00:00,89645.3,89762.5,89434.0,89700.0,86.49122959
2025-12-15 13:00:00,89700.1,89736.7,89288.0,89434.1,185.61715721
2025-12-15 14:00:00,89434.1,89879.9,87839.9,88055.3,532.78097755
2025-12-15 15:00:00,88055.2,88197.1,86626.6,87042.9,1023.37410354
2025-12-15 16:00:00,87044.6,87222.0,86057.0,86400.9,428.8483772
2025-12-15 17:00:00,86400.1,86499.8,85600.1,85766.0,342.50320966
2025-12-15 18:00:00,85766.0,86280.0,85147.7,86192.0,336.58794563
2025-12-15 19:00:00,86191.8,86565.9,85875.1,86149.1,268.11199158
2025-12-15 20:00:00,86149.0,86194.9,85614.0,85782.2,185.75964589
2025-12-15 21:00:00,85786.9,86300.0,85529.4,86237.3,151.68076295
2025-12-15 22:00:00,86237.4,86261.5,85821.1,86260.0,83.35660442
2025-12-15 23:00:00,86259.9,86470.0,86120.0,86432.9,167.31817145
2025-12-16 00:00:00,86433.0,86524.6,85841.9,85862.0,139.76070427
2025-12-16 01:00:00,85862.1,86171.9,85671.3,85894.1,140.84826345
2025-12-16 02:00:00,85894.2,86228.8,85800.0,85938.2,148.23730903
2025-12-16 03:00:00,85938.0,86011.8,85378.5,85865.7,224.89679159
2025-12-16 04:00:00,85865.7,85921.4,85265.2,85832.1,271.37222687
2025-12-16 05:00:00,85830.1,86194.8,85803.0,86020.0,208.31311492
2025-12-16 06:00:00,86020.1,86600.0,86020.1,86494.0,247.6327619
2025-12-16 07:00:00,86494.0,86603.5,85857.1,86009.3,314.68315198
2025-12-16 08:00:00,86009.4,86379.1,85930.0,86282.0,105.7297231
2025-12-16 09:00:00,86282.0,86425.3,86200.0,86352.3,66.20553357
2025-12-16 10:00:00,86352.3,87336.7,86269.1,86974.1,318.966249
2025-12-16 11:00:00,86974.1,87327.5,86815.2,87256.0,144.24194807
2025-12-16 12:00:00,87255.9,87481.5,87076.5,87211.5,203.89861069
2025-12-16 13:00:00,87211.5,87790.1,86416.7,86448.1,650.33184437
2025-12-16 14:00:00,86448.2,87763.1,86109.0,87297.3,526.38891622
2025-12-16 15:00:00,87298.7,88180.0,86844.3,87968.9,631.09012549
2025-12-16 16:00:00,87968.9,88050.0,87386.3,87581.9,286.02277671
2025-12-16 17:00:00,87581.9,87843.0,87095.3,87127.1,152.40196993
2025-12-16 18:00:00,87127.1,88015.9,87062.5,87784.9,222.20652391
2025-12-16 19:00:00,87784.8,87791.6,87288.1,87592.3,109.53294244
2025-12-16 20:00:00,87592.1,87835.9,87345.0,87573.6,77.63720347
2025-12-16 21:00:00,87573.5,87905.5,87500.0,87762.9,52.29040971
2025-12-16 22:00:00,87762.8,87930.1,87636.2,87789.9,50.51942412
2025-12-16 23:00:00,87790.0,87868.9,87600.0,87863.0,80.74808088
2025-12-17 00:00:00,87863.0,87865.0,87429.0,87532.8,106.63115505
2025-12-17 01:00:00,87532.9,87948.8,87486.0,87556.0,136.46718275
2025-12-17 02:00:00,87556.0,87594.0,87196.7,87485.0,190.03729685
2025-12-17 03:00:00,87485.1,87617.1,87155.1,87216.0,125.64386901
2025-12-17 04:00:00,87216.1,87390.9,86732.0,86758.0,144.59319946
2025-12-17 05:00:00,86758.0,86761.9,86211.5,86636.7,224.2878086
2025-12-17 06:00:00,86636.1,86998.9,86597.0,86776.0,197.46780484
2025-12-17 07:00:00,86776.1,87165.9,86597.0,87043.1,210.0929529
2025-12-17 08:00:00,87043.0,87043.1,86323.9,86397.9,142.50965748
2025-12-17 09:00:00,86398.0,86609.9,86262.8,86420.1,120.42066569
2025-12-17 10:00:00,86420.1,86829.0,86242.2,86626.1,184.79785908
2025-12-17 11:00:00,86626.2,87130.0,86558.6,86970.7,106.57096343
2025-12-17 12:00:00,86977.2,87210.5,86818.1,87018.6,172.72933588
2025-12-17 13:00:00,87018.6,87849.6,86811.3,87622.2,226.79099094
2025-12-17 14:00:00,87622.1,89693.9,87167.5,89682.6,952.79783092
2025-12-17 15:00:00,89682.6,90375.0,87136.3,87231.9,1499.6909279
2025-12-17 16:00:00,87231.7,87776.3,86172.5,86994.5,723.78276718
2025-12-17 17:00:00,86994.4,87106.0,86266.6,86423.3,193.21961264
2025-12-17 18:00:00,86428.0,86845.6,85650.0,85830.0,256.83046516
2025-12-17 19:00:00,85830.8,86199.8,85328.4,86017.2,283.07520361
2025-12-17 20:00:00,86017.4,86251.5,85660.1,85896.5,200.63437416
2025-12-17 21:00:00,85900.5,86060.0,85700.5,85994.2,86.02355593
2025-12-17 22:00:00,85996.0,86465.7,85884.0,86344.2,119.49816876
2025-12-17 23:00:00,86349.9,86352.9,85955.6,86248.1,82.20065326
2025-12-18 00:00:00,86248.1,86318.8,86050.0,86236.8,74.36581584
2025-12-18 01:00:00,86236.9,86253.1,85865.8,86130.0,94.32599025
2025-12-18 02:00:00,86130.1,86872.9,86011.2,86693.5,185.79210279
2025-12-18 03:00:00,86693.6,86699.9,86262.2,86622.0,180.66122433
2025-12-18 04:00:00,86621.9,86895.3,86602.0,86763.7,131.03023947
2025-12-18 05:00:00,86763.8,86791.2,86388.0,86440.1,116.34097429
2025-12-18 06:00:00,86440.1,86660.0,86410.0,86647.8,95.03984564
2025-12-18 07:00:00,86647.9,86870.3,86590.2,86834.1,120.38939889
2025-12-18 08:00:00,86834.0,87138.0,86684.6,86973.0,211.94845423
2025-12-18 09:00:00,86973.0,87392.0,86801.3,87282.0,204.92750182
2025-12-18 10:00:00,87282.0,87453.1,87216.0,87351.5,118.57388236
2025-12-18 11:00:00,87351.5,87356.9,87058.8,87276.7,103.33808759
2025-12-18 12:00:00,87276.7,87434.8,87118.9,87258.7,96.28235872
2025-12-18 13:00:00,87258.8,89195.9,87258.8,88850.1,1184.17604324
2025-12-18 14:00:00,88850.0,89480.0,87725.3,88351.9,901.31404245
2025-12-18 15:00:00,88351.8,89360.0,87977.9,88513.7,784.04186683
2025-12-18 16:00:00,88513.7,88531.0,87854.4,88014.7,390.01678102
2025-12-18 17:00:00,88014.8,88030.9,85477.3,86490.5,1078.79794447
2025-12-18 18:00:00,86490.5,86891.3,85724.3,85994.6,349.37756758
2025-12-18 19:00:00,85988.7,86033.9,84480.0,84481.1,863.13911395
2025-12-18 20:00:00,84483.5,85276.8,84456.2,84578.2,301.48033575
2025-12-18 21:00:00,84578.2,85838.6,84564.7,85623.0,257.65925341
2025-12-18 22:00:00,85630.7,85754.8,85285.7,85587.0,159.32149775
2025-12-18 23:00:00,85587.0,85623.9,85318.0,85506.1,125.87686772
2025-12-19 00:00:00,85506.1,85606.0,85300.0,85606.0,98.00734492
2025-12-19 01:00:00,85607.0,85607.0,85120.0,85323.1,140.52269318
2025-12-19 02:00:00,85323.0,85929.2,85130.1,85650.4,233.78312895
2025-12-19 03:00:00,85650.3,87568.0,85608.3,86899.0,704.54270204
2025-12-19 04:00:00,86890.0,87375.0,86850.4,87099.8,292.55090911
2025-12-19 05:00:00,87100.7,87236.4,86687.4,87145.0,228.29420001
2025-12-19 06:00:00,87143.5,87488.0,86909.1,87487.9,168.5257649
2025-12-19 07:00:00,87487.9,88400.0,87483.7,87954.6,416.90670192
2025-12-19 08:00:00,87954.6,88214.3,87741.0,88101.1,165.13524494
2025-12-19 09:00:00,88101.0,88171.2,87901.9,88109.4,83.01463745
2025-12-19 10:00:00,88108.1,88333.3,87915.6,88267.8,188.35652772
2025-12-19 11:00:00,88267.8,88370.0,88141.7,88193.3,77.6049698
2025-12-19 12:00:00,88193.3,88268.7,87830.0,87854.6,153.51499052
2025-12-19 13:00:00,87854.6,88210.2,87825.2,87994.1,196.95555786
2025-12-19 14:00:00,87994.1,88564.7,87515.4,88176.1,484.27373462
2025-12-19 15:00:00,88175.9,89426.3,87705.9,87957.9,961.30436128
2025-12-19 16:00:00,87958.0,88882.3,87872.4,87984.1,307.43398821
2025-12-19 17:00:00,87984.1,88342.9,86880.0,86947.0,486.55734347
2025-12-19 18:00:00,86947.0,87473.8,86846.8,87159.3,171.04750112
2025-12-19 19:00:00,87159.3,88120.9,87134.7,87833.2,182.87551298
2025-12-19 20:00:00,87836.1,88412.5,87603.6,88086.2,250.99376228
2025-12-19 21:00:00,88086.2,88088.2,87796.7,87840.9,132.89681626
2025-12-19 22:00:00,87841.1,88427.9,87837.7,88350.5,293.90128132
2025-12-19 23:00:00,88350.5,88362.4,88122.8,88143.1,70.32310301
2025-12-20 00:00:00,88143.0,88196.9,87965.9,88008.9,75.7626118
2025-12-20 01:00:00,88009.0,88174.4,88008.9,88082.2,26.40764809
2025-12-20 02:00:00,88082.3,88316.7,88000.0,88210.4,75.22586476
2025-12-20 03:00:00,88210.3,88342.9,88190.2,88219.5,75.98746166
2025-12-20 04:00:00,88219.5,88336.9,88120.0,88295.5,82.0799338
2025-12-20 05:00:00,88295.4,88574.9,88275.6,88300.4,101.6670334
2025-12-20 06:00:00,88300.4,88450.0,88287.0,88308.6,33.61957419
2025-12-20 07:00:00,88308.7,88334.0,88190.0,88276.9,58.81443732
2025-12-20 08:00:00,88277.0,88429.0,88253.8,88253.8,57.68026804
2025-12-20 09:00:00,88253.9,88341.0,88221.9,88227.1,36.79457422
2025-12-20 10:00:00,88227.1,88278.9,88122.9,88166.0,64.91063978
2025-12-20 11:00:00,88166.0,88309.0,88111.0,88276.3,44.6484907
2025-12-20 12:00:00,88276.3,88336.0,88178.6,88250.7,46.50304635
2025-12-20 13:00:00,88250.8,88344.3,87800.0,88269.5,187.47889554
2025-12-20 14:00:00,88269.6,88280.4,88015.0,88253.1,124.64413783
2025-12-20 15:00:00,88253.1,88262.0,88005.0,88175.0,102.96822758
2025-12-20 16:00:00,88175.1,88236.5,88130.7,88152.9,63.18208432
2025-12-20 17:00:00,88153.0,88257.3,88107.0,88185.4,35.43449185
2025-12-20 18:00:00,88185.5,88420.0,88158.5,88316.2,63.41436131
2025-12-20 19:00:00,88316.3,88331.9,88208.0,88233.9,21.9527864
2025-12-20 20:00:00,88234.0,88320.9,88215.1,88284.0,10.9514341
2025-12-20 21:00:00,88284.0,88451.5,88192.3,88217.6,44.25500445
2025-12-20 22:00:00,88217.7,88346.7,88148.0,88282.1,33.46944774
2025-12-20 23:00:00,88282.1,88430.9,88258.4,88366.1,44.04470511
2025-12-21 00:00:00,88366.0,88437.0,88312.0,88395.0,44.4504759
2025-12-21 01:00:00,88395.0,88395.0,88025.0,88025.0,90.65481904
2025-12-21 02:00:00,88025.1,88150.1,87877.7,87953.4,107.10774253
2025-12-21 03:00:00,87953.5,88163.0,87941.0,88089.8,35.99155335
2025-12-21 04:00:00,88089.9,88165.5,88052.0,88082.0,43.63462896
2025-12-21 05:00:00,88082.0,88162.6,88060.0,88146.0,33.32653984
2025-12-21 06:00:00,88146.1,88210.2,88078.5,88096.9,34.84395826
2025-12-21 07:00:00,88096.9,88198.3,88065.3,88183.8,45.6673267
2025-12-21 08:00:00,88183.8,88753.3,88150.0,88540.4,229.17586616
2025-12-21 09:00:00,88540.5,89081.6,88500.1,88900.3,393.25549418
2025-12-21 10:00:00,88900.3,88976.9,88585.1,88672.8,123.61334215
2025-12-21 11:00:00,88672.9,88759.9,88584.8,88610.0,90.52939286
2025-12-21 12:00:00,88610.0,88934.2,88463.0,88636.0,175.84014315
2025-12-21 13:00:00,88636.0,88700.3,87607.6,87679.2,482.02475945
2025-12-21 14:00:00,87678.1,88150.1,87619.7,88067.1,248.7938737
2025-12-21 15:00:00,88067.1,88269.8,87815.2,88071.1,132.82370269
2025-12-21 16:00:00,88071.0,88368.5,87985.0,88368.0,303.28562392
2025-12-21 17:00:00,88368.1,88500.0,88287.0,88325.1,163.87301549
2025-12-21 18:00:00,88325.0,88459.9,87958.6,88450.1,146.73550432
2025-12-21 19:00:00,88450.1,88613.5,88210.1,88496.0,105.07740028
2025-12-21 20:00:00,88496.0,88511.7,88239.4,88241.0,35.30087723
2025-12-21 21:00:00,88241.0,88386.2,88100.0,88165.9,32.01161606
2025-12-21 22:00:00,88166.0,88496.2,88128.0,88482.8,50.99513349
2025-12-21 23:00:00,88482.9,88829.6,88349.9,88656.1,215.75971855
2025-12-22 00:00:00,88656.2,89673.3,88611.5,88627.9,555.82737517
2025-12-22 01:00:00,88627.9,89288.0,88524.5,88631.2,254.35467161
2025-12-22 02:00:00,88631.3,88659.5,87886.9,88461.1,317.09797037
2025-12-22 03:00:00,88461.1,88853.1,88288.0,88779.7,179.87947482
2025-12-22 04:00:00,88779.7,89034.1,88726.3,88912.1,120.16295983
2025-12-22 05:00:00,88912.1,89000.0,88771.2,88834.0,84.44326415
2025-12-22 06:00:00,88834.0,89008.1,88733.8,88909.1,101.63911886
2025-12-22 07:00:00,88909.2,89213.6,88892.0,89164.4,332.67829554
2025-12-22 08:00:00,89164.7,89905.0,89090.0,89333.9,430.79857919
2025-12-22 09:00:00,89334.0,89833.8,89296.4,89827.6,157.06294784
2025-12-22 10:00:00,89827.6,89863.0,89608.8,89779.0,164.5576899
2025-12-22 11:00:00,89779.1,90125.0,89639.4,89940.9,209.85307759
2025-12-22 12:00:00,89940.6,90598.0,89863.9,90215.0,328.9216423
2025-12-22 13:00:00,90215.1,90339.4,89739.5,89913.1,202.17675679
2025-12-22 14:00:00,89913.1,90300.0,89437.4,90133.5,525.75465329
2025-12-22 15:00:00,90133.5,90460.5,89195.0,89733.9,609.42645911
2025-12-22 16:00:00,89733.9,90118.0,89524.0,89554.9,346.29631025
2025-12-22 17:00:00,89554.9,89575.2,89083.3,89314.1,228.82856551
2025-12-22 18:00:00,89312.0,89526.0,89143.1,89148.1,129.44463232
2025-12-22 19:00:00,89148.0,89150.1,87964.0,88059.1,291.79039684
2025-12-22 20:00:00,88059.0,88487.9,87923.5,88357.0,202.73747903
2025-12-22 21:00:00,88357.0,88618.9,88228.0,88286.0,73.85845389
2025-12-22 22:00:00,88283.5,88828.6,88159.5,88667.2,114.31297865
2025-12-22 23:00:00,88667.2,88700.0,88433.5,88621.2,75.26016899
2025-12-23 00:00:00,88621.3,88938.2,88507.9,88774.2,124.82760329
2025-12-23 01:00:00,88774.3,88889.6,88430.9,88518.0,94.17095207
2025-12-23 02:00:00,88518.0,88754.3,88123.5,88205.0,213.67956261
2025-12-23 03:00:00,88206.4,88352.1,87796.4,88169.5,332.54826563
2025-12-23 04:00:00,88169.5,88372.0,87925.4,87925.9,79.66170456
2025-12-23 05:00:00,87925.9,88023.6,87616.1,87763.2,185.88684436
2025-12-23 06:00:00,87763.3,87783.0,87047.8,87407.0,373.02047273
2025-12-23 07:00:00,87407.1,87701.9,87380.0,87579.2,262.32321742
2025-12-23 08:00:00,87579.2,87710.0,87433.6,87477.9,495.46622395
2025-12-23 09:00:00,87477.9,87622.0,87301.1,87537.6,128.18136943
2025-12-23 10:00:00,87537.6,87657.9,87512.2,87613.0,66.57811447
2025-12-23 11:00:00,87612.9,87884.6,87570.9,87852.1,134.006848
2025-12-23 12:00:00,87852.0,87950.0,87583.0,87787.3,158.33604416
2025-12-23 13:00:00,87787.2,87900.0,87413.0,87612.4,229.12147212
2025-12-23 14:00:00,87612.4,87823.4,86578.9,86867.5,582.52274908
2025-12-23 15:00:00,86867.5,87544.0,86716.5,87444.9,347.75867871
2025-12-23 16:00:00,87444.9,88185.0,87333.0,87999.0,373.69986132
2025-12-23 17:00:00,87998.9,88273.0,87167.0,87176.0,249.21751144
2025-12-23 18:00:00,87176.1,88173.3,87165.9,87969.5,256.90615032
2025-12-23 19:00:00,87969.6,88038.9,87644.1,87751.9,148.67413607
2025-12-23 20:00:00,87751.9,88364.9,87524.0,87677.0,177.66542433
2025-12-23 21:00:00,87681.5,87850.0,87533.0,87709.3,80.03798346
2025-12-23 22:00:00,87709.3,87770.0,87215.7,87398.4,122.37539964
2025-12-23 23:00:00,87398.5,87515.6,87177.9,87487.4,176.12530613
2025-12-24 00:00:00,87487.5,87671.6,87265.1,87656.9,96.81665536
2025-12-24 01:00:00,87657.0,87871.4,87502.0,87633.9,116.48705166
2025-12-24 02:00:00,87634.0,87658.3,86940.8,87141.8,218.33959511
2025-12-24 03:00:00,87141.9,87394.1,86870.6,87345.9,135.24384152
2025-12-24 04:00:00,87345.9,87465.8,87094.3,87142.9,59.44444002
2025-12-24 05:00:00,87142.9,87252.2,86792.8,86955.3,147.75609827
2025-12-24 06:00:00,86955.4,87066.5,86803.1,87023.3,87.18156655
2025-12-24 07:00:00,87023.4,87176.2,86917.0,86917.1,108.24461252
2025-12-24 08:00:00,86917.0,87076.0,86764.8,86791.0,82.8477885
2025-12-24 09:00:00,86791.1,86896.0,86720.9,86805.7,74.66521662
2025-12-24 10:00:00,86804.5,87196.9,86800.0,87085.1,81.08629432
2025-12-24 11:00:00,87085.1,87350.0,87082.2,87207.1,76.65756235
2025-12-24 12:00:00,87207.0,87488.0,87143.0,87430.9,131.54793899
2025-12-24 13:00:00,87430.9,87436.5,87043.7,87282.7,132.61398189
2025-12-24 14:00:00,87282.8,87436.2,86400.0,86988.0,454.558932
2025-12-24 15:00:00,86987.6,87217.4,86584.6,87043.1,225.42165962
2025-12-24 16:00:00,87043.1,87685.4,86919.0,87279.6,308.6976392
2025-12-24 17:00:00,87279.6,87576.4,87249.9,87317.9,104.05876723
2025-12-24 18:00:00,87317.8,87502.7,87233.2,87468.0,97.05602753
2025-12-24 19:00:00,87468.0,87574.0,87337.9,87559.0,77.83461915
2025-12-24 20:00:00,87559.1,87682.0,87521.5,87554.1,46.8745097
2025-12-24 21:00:00,87554.2,87790.5,87554.1,87698.5,77.03357371
2025-12-24 22:00:00,87698.5,88054.8,87694.0,88003.0,80.3860597
2025-12-24 23:00:00,88003.1,88031.2,87594.0,87669.9,99.52390748
2025-12-25 00:00:00,87670.0,87741.5,87517.7,87569.1,52.84888422
2025-12-25 01:00:00,87569.1,87747.0,87566.0,87700.3,39.60966887
2025-12-25 02:00:00,87700.4,87957.6,87573.5,87886.0,66.53487298
2025-12-25 03:00:00,87886.0,87918.8,87771.8,87841.4,38.34139305
2025-12-25 04:00:00,87841.3,87842.4,87742.6,87785.9,45.16965182
2025-12-25 05:00:00,87785.8,87785.8,87659.7,87749.0,56.23466634
2025-12-25 06:00:00,87749.1,87837.6,87682.5,87822.8,73.22196801
2025-12-25 07:00:00,87822.7,87860.0,87746.9,87829.9,71.24121189
2025-12-25 08:00:00,87829.9,87884.3,87351.2,87585.0,169.85107326
2025-12-25 09:00:00,87585.0,87600.0,87450.8,87519.9,46.52648246
2025-12-25 10:00:00,87520.0,87526.4,87262.0,87418.9,52.62117056
2025-12-25 11:00:00,87419.0,87584.0,87413.4,87515.0,36.19171739
2025-12-25 12:00:00,87514.9,87584.5,87475.2,87566.3,44.64329945
2025-12-25 13:00:00,87566.3,87687.0,87403.0,87634.1,49.94049118
2025-12-25 14:00:00,87634.1,87758.9,87553.3,87721.7,71.37489971
2025-12-25 15:00:00,87721.7,88603.5,87709.5,88367.1,351.06990576
2025-12-25 16:00:00,88367.2,88472.0,88003.9,88082.6,106.28285746
2025-12-25 17:00:00,88082.7,88204.0,88000.3,88137.6,60.42422815
2025-12-25 18:00:00,88137.7,88308.8,88133.9,88236.0,43.99301756
2025-12-25 19:00:00,88236.1,88245.1,88066.3,88150.0,36.89967349
2025-12-25 20:00:00,88150.0,88170.6,87645.8,87882.2,94.98959758
2025-12-25 21:00:00,87882.3,87988.3,87817.0,87900.0,56.75083682
2025-12-25 22:00:00,87900.1,87915.0,87317.2,87654.9,126.54005339
2025-12-25 23:00:00,87655.0,87778.7,86947.4,87232.0,209.65824182
2025-12-26 00:00:00,87232.1,87326.0,86893.8,87130.0,218.80436298
2025-12-26 01:00:00,87130.0,87500.9,87129.9,87436.7,135.00175599
2025-12-26 02:00:00,87436.7,89432.5,87423.4,89185.1,789.20846299
2025-12-26 03:00:00,89185.2,89270.0,88689.3,88832.0,332.63602913
2025-12-26 04:00:00,88832.0,89148.0,88515.8,88967.0,155.11289009
2025-12-26 05:00:00,88967.0,89051.0,88822.6,88992.0,85.39876991
2025-12-26 06:00:00,88992.1,89248.2,88992.1,89122.1,146.5468646
2025-12-26 07:00:00,89124.4,89569.3,88354.5,88479.9,729.53298639
2025-12-26 08:00:00,88480.0,88883.0,88420.7,88741.0,391.65316318
2025-12-26 09:00:00,88741.0,88914.0,88652.1,88813.6,91.34720901
2025-12-26 10:00:00,88813.7,88881.3,88685.6,88751.9,80.09826927
2025-12-26 11:00:00,88752.3,88757.0,88529.0,88532.0,56.37518366
2025-12-26 12:00:00,88532.0,88755.3,88531.9,88684.0,109.57762661
2025-12-26 13:00:00,88684.1,89052.0,88625.1,89000.0,107.09255157
2025-12-26 14:00:00,89000.1,89050.0,87350.7,87386.4,603.16672319
2025-12-26 15:00:00,87386.4,87386.4,86666.0,87139.0,697.62452607
2025-12-26 16:00:00,87139.0,87384.0,86837.1,86850.0,374.07245659
2025-12-26 17:00:00,86850.0,87458.5,86816.7,87319.9,222.45736361
2025-12-26 18:00:00,87320.0,87376.7,87139.4,87269.9,91.36510275
2025-12-26 19:00:00,87269.9,87581.3,87239.2,87497.1,52.30242948
2025-12-26 20:00:00,87497.0,87791.7,87392.2,87583.8,103.30835987
2025-12-26 21:00:00,87584.0,87697.2,87456.0,87463.9,92.50039282
2025-12-26 22:00:00,87464.0,87583.1,87300.0,87541.0,177.42813859
2025-12-26 23:00:00,87541.0,87544.6,87333.1,87362.0,75.59660767
2025-12-27 00:00:00,87362.0,87409.0,87245.1,87398.0,33.43229572
2025-12-27 01:00:00,87398.1,87481.7,87326.9,87471.3,51.30361833
2025-12-27 02:00:00,87471.3,87489.0,87388.9,87443.9,47.21501987
2025-12-27 03:00:00,87444.0,87532.9,87383.0,87510.0,40.79114392
2025-12-27 04:00:00,87510.0,87522.1,87436.2,87469.9,49.31791089
2025-12-27 05:00:00,87470.0,87539.0,87446.7,87505.9,74.20581898
2025-12-27 06:00:00,87506.0,87583.3,87417.8,87471.3,336.74907191
2025-12-27 07:00:00,87471.2,87719.1,87471.2,87539.9,383.65210295
2025-12-27 08:00:00,87539.9,87690.6,87539.8,87590.2,356.01586355
2025-12-27 09:00:00,87590.2,87670.1,87537.8,87616.1,32.30811532
2025-12-27 10:00:00,87616.2,87626.0,87370.0,87503.2,54.59344364
2025-12-27 11:00:00,87503.3,87543.2,87434.1,87467.4,38.43762842
2025-12-27 12:00:00,87467.3,87515.4,87425.3,87473.8,33.58346662
2025-12-27 13:00:00,87473.9,87474.2,87319.3,87454.5,40.80896915
2025-12-27 14:00:00,87454.6,87555.5,87398.1,87541.0,96.05252218
2025-12-27 15:00:00,87541.1,87591.1,87479.9,87559.5,45.0589253
2025-12-27 16:00:00,87559.5,87585.4,87446.8,87502.0,75.28448354
2025-12-27 17:00:00,87502.0,87562.4,87470.7,87562.3,32.83169802
2025-12-27 18:00:00,87562.4,87574.7,87466.2,87494.8,25.7604425
2025-12-27 19:00:00,87494.9,87588.3,87494.8,87574.0,24.67191928
2025-12-27 20:00:00,87574.1,87630.1,87529.1,87563.7,29.55957038
2025-12-27 21:00:00,87563.8,87678.0,87563.7,87670.9,20.90542494
2025-12-27 22:00:00,87671.0,87953.6,87503.1,87567.0,103.10298237
2025-12-27 23:00:00,87567.1,87981.4,87567.1,87872.1,72.77839419
2025-12-28 00:00:00,87872.1,87948.6,87709.0,87836.9,105.78787576
2025-12-28 01:00:00,87837.0,87937.9,87736.5,87784.9,35.76600048
2025-12-28 02:00:00,87785.0,87869.7,87750.0,87808.0,41.68529236
2025-12-28 03:00:00,87808.1,87840.1,87735.4,87739.1,33.70499278
2025-12-28 04:00:00,87739.1,87830.0,87696.6,87721.5,58.16606359
2025-12-28 05:00:00,87721.5,87721.5,87610.3,87649.0,31.12979489
2025-12-28 06:00:00,87649.0,87789.2,87639.1,87732.1,62.08779232
2025-12-28 07:00:00,87732.1,87740.1,87672.9,87732.9,52.92467397
2025-12-28 08:00:00,87732.9,87978.3,87732.9,87802.9,238.57069259
2025-12-28 09:00:00,87803.0,87900.1,87722.0,87795.9,100.80710021
2025-12-28 10:00:00,87796.0,88031.1,87795.9,87867.9,1091.97552131
2025-12-28 11:00:00,87868.0,87929.0,87824.4,87886.2,38.98986826
2025-12-28 12:00:00,87886.3,87902.5,87782.9,87856.0,101.19252913
2025-12-28 13:00:00,87856.1,87958.0,87799.9,87897.0,326.74521234
2025-12-28 14:00:00,87898.5,88088.0,87898.5,87913.9,88.97749243
2025-12-28 15:00:00,87914.0,88000.0,87827.2,87839.2,67.69379127
2025-12-28 16:00:00,87839.2,87900.0,87740.0,87814.7,42.48765416
2025-12-28 17:00:00,87814.8,87930.0,87736.1,87761.1,29.45673286
2025-12-28 18:00:00,87761.1,87770.9,87501.1,87600.1,97.61359572
2025-12-28 19:00:00,87600.1,87691.4,87505.7,87521.0,79.24729164
2025-12-28 20:00:00,87520.9,87654.0,87446.8,87516.1,45.20166819
2025-12-28 21:00:00,87516.1,87599.6,87442.1,87586.2,38.52342218
2025-12-28 22:00:00,87586.2,87991.0,87484.0,87901.9,83.41920545
2025-12-28 23:00:00,87901.9,88049.3,87645.0,87951.0,114.04919336
2025-12-29 00:00:00,87951.0,88445.0,87814.0,88303.0,244.96235243
2025-12-29 01:00:00,88303.0,88484.2,87868.8,88443.9,201.73048254
2025-12-29 02:00:00,88444.0,89377.3,88444.0,89161.1,768.71814036
2025-12-29 03:00:00,89161.2,90168.2,89087.9,90117.0,692.3442209
2025-12-29 04:00:00,90117.1,90389.4,89950.8,90135.0,338.53804201
2025-12-29 05:00:00,90135.0,90290.1,89920.0,89976.0,232.94715897
2025-12-29 06:00:00,89976.1,90115.6,89745.1,89762.9,274.23519796
2025-12-29 07:00:00,89763.0,89846.4,89506.0,89612.3,385.74527874
2025-12-29 08:00:00,89612.3,89846.0,89458.2,89548.0,213.53520207
2025-12-29 09:00:00,89548.0,89609.7,87772.7,88108.9,602.17710101
2025-12-29 10:00:00,88109.0,88277.5,87661.3,87785.0,294.78020888
2025-12-29 11:00:00,87785.0,87797.5,87571.1,87571.2,258.16311593
2025-12-29 12:00:00,87571.2,87626.2,86804.2,87377.9,618.48955501
2025-12-29 13:00:00,87378.0,87533.2,87166.0,87379.6,285.09705999
2025-12-29 14:00:00,87379.7,88194.3,87247.6,87430.9,411.18990316
2025-12-29 15:00:00,87430.9,87912.5,87208.1,87686.7,297.59853001
2025-12-29 16:00:00,87686.6,87832.0,87442.1,87624.0,171.09123002
2025-12-29 17:00:00,87624.1,87840.2,87350.0,87840.1,140.63038953
2025-12-29 18:00:00,87840.1,87996.1,87359.0,87448.9,158.71757979
2025-12-29 19:00:00,87449.0,87668.0,87308.9,87352.0,95.19705186
2025-12-29 20:00:00,87352.0,87593.7,87075.7,87207.5,196.92928587
2025-12-29 21:00:00,87207.4,87363.2,87175.1,87335.7,69.54929234
2025-12-29 22:00:00,87335.8,87400.0,87074.0,87343.7,101.37234178
2025-12-29 23:00:00,87343.8,87395.4,87180.2,87232.1,59.13188271
2025-12-30 00:00:00,87232.1,87368.8,87106.0,87245.8,104.1668536
2025-12-30 01:00:00,87245.8,87351.5,87112.4,87306.0,104.92240091
2025-12-30 02:00:00,87306.0,87333.6,86983.8,87104.4,212.26143144
2025-12-30 03:00:00,87104.5,87419.0,86825.6,87366.0,189.71483644
2025-12-30 04:00:00,87366.0,87488.0,87291.7,87302.6,73.93227511
2025-12-30 05:00:00,87302.7,87383.0,87147.1,87251.9,57.21136275
2025-12-30 06:00:00,87252.0,87520.9,87236.9,87441.9,50.87973233
2025-12-30 07:00:00,87442.0,87625.7,87380.0,87496.0,202.97208483
2025-12-30 08:00:00,87496.1,88228.7,87496.1,87866.4,342.19094485
2025-12-30 09:00:00,87866.4,88030.2,87659.0,87986.0,162.57972201
2025-12-30 10:00:00,87986.0,88178.7,87909.0,87953.0,110.49862624
2025-12-30 11:00:00,87953.1,88029.5,87760.5,87899.2,92.88283887
2025-12-30 12:00:00,87899.3,88085.9,87899.3,88022.7,86.15702569
2025-12-30 13:00:00,88022.8,88137.5,87908.0,88110.0,156.42252183
2025-12-30 14:00:00,88110.1,89000.0,87837.0,88876.9,475.27601636
2025-12-30 15:00:00,88876.0,89152.5,88199.9,89005.0,499.46704559
2025-12-30 16:00:00,89000.6,89400.0,88583.4,88750.6,428.08294015
2025-12-30 17:00:00,88750.5,88896.0,88141.1,88374.3,247.03215783
2025-12-30 18:00:00,88374.3,88506.9,88137.6,88307.1,112.28804287
2025-12-30 19:00:00,88307.1,88423.0,87967.5,88223.1,102.2687865
2025-12-30 20:00:00,88223.1,88223.1,87875.0,87936.0,180.55668615
2025-12-30 21:00:00,87936.1,88328.2,87875.4,88278.6,64.28787068
2025-12-30 22:00:00,88278.7,88475.0,88278.7,88427.5,90.87814985
2025-12-30 23:00:00,88427.5,88576.3,88371.0,88496.6,82.25732973
2025-12-31 00:00:00,88496.5,88496.6,88253.4,88264.0,69.72619596
2025-12-31 01:00:00,88264.0,88789.0,88177.6,88655.1,130.76692716
2025-12-31 02:00:00,88655.0,88750.0,88532.0,88676.1,209.02330148
2025-12-31 03:00:00,88676.1,88822.7,88376.2,88456.8,123.3710837
2025-12-31 04:00:00,88456.8,88553.1,88332.0,88332.0,100.38030144
2025-12-31 05:00:00,88332.1,88527.7,88332.1,88465.9,93.34493093
2025-12-31 06:00:00,88462.9,88563.6,88462.9,88513.0,54.46958357
2025-12-31 07:00:00,88512.9,88639.9,88432.5,88614.2,91.35321828
2025-12-31 08:00:00,88614.3,88731.6,88379.8,88438.0,116.63458564
2025-12-31 09:00:00,88437.9,88714.8,88437.9,88671.1,125.11212993
2025-12-31 10:00:00,88671.1,88888.0,88666.8,88848.0,243.67690045
2025-12-31 11:00:00,88848.1,89052.1,88810.0,89017.1,187.43939699
2025-12-31 12:00:00,89017.0,89044.0,88750.0,88778.2,164.93132525
2025-12-31 13:00:00,88778.1,89053.0,88750.0,88987.2,107.6018034
2025-12-31 14:00:00,88987.2,89217.5,88278.7,88487.0,331.1011153
2025-12-31 15:00:00,88487.0,88487.0,87777.3,87945.0,496.23885386
2025-12-31 16:00:00,87945.0,88048.5,87399.2,87656.9,382.3872864
2025-12-31 17:00:00,87657.0,87742.3,87490.0,87614.0,149.74010085
2025-12-31 18:00:00,87620.9,87980.0,87573.0,87683.9,118.34301546
2025-12-31 19:00:00,87684.0,87866.9,87524.4,87542.1,131.4858463
2025-12-31 20:00:00,87542.0,87706.0,87240.0,87660.0,181.62186071
2025-12-31 21:00:00,87663.9,87875.0,87663.9,87792.7,54.79468754
2025-12-31 22:00:00,87792.0,87880.0,87661.8,87725.6,62.59889068
2025-12-31 23:00:00,87725.7,87726.9,87621.7,87638.9,55.93272928
2026-01-01 00:00:00,87638.8,87844.9,87620.9,87806.0,49.47873346
2026-01-01 01:00:00,87806.1,88039.9,87806.1,87957.0,100.96789867
2026-01-01 02:00:00,87957.1,88085.2,87892.0,87914.0,72.03332002
2026-01-01 03:00:00,87912.9,88026.4,87833.1,87845.4,57.52510255
2026-01-01 04:00:00,87849.0,87855.0,87551.9,87587.3,134.16873886
2026-01-01 05:00:00,87587.3,87747.4,87587.2,87702.4,119.28806764
2026-01-01 06:00:00,87702.5,87702.5,87636.2,87649.4,32.6112202
2026-01-01 07:00:00,87649.5,87679.5,87594.7,87637.0,126.27879963
2026-01-01 08:00:00,87637.0,87806.0,87626.0,87771.9,121.25203187
2026-01-01 09:00:00,87771.9,87957.5,87755.0,87877.1,69.96112756
2026-01-01 10:00:00,87877.1,87884.0,87795.3,87863.1,25.5785612
2026-01-01 11:00:00,87863.1,88022.5,87841.5,88022.1,62.03210179
2026-01-01 12:00:00,88022.0,88038.0,87914.2,87941.1,51.71367232
2026-01-01 13:00:00,87941.1,88020.0,87863.4,87916.0,65.88283202
2026-01-01 14:00:00,87916.1,87972.3,87806.0,87963.3,137.45026673
2026-01-01 15:00:00,87963.3,88109.0,87919.2,88034.0,59.55404706
2026-01-01 16:00:00,88034.1,88048.0,87878.4,87994.7,81.48603136
2026-01-01 17:00:00,87994.7,88507.9,87975.7,88323.9,180.80855535
2026-01-01 18:00:00,88324.0,88363.9,88109.0,88197.0,64.49182602
2026-01-01 19:00:00,88197.0,88434.7,88082.0,88385.9,54.14387394
2026-01-01 20:00:00,88385.9,88389.0,88244.0,88250.8,43.15029431
2026-01-01 21:00:00,88250.9,88446.3,88250.8,88388.9,24.95038366
2026-01-01 22:00:00,88389.0,88694.9,88388.9,88646.3,104.90032778
2026-01-01 23:00:00,88646.3,88920.5,88476.8,88847.1,177.30132445
2026-01-02 00:00:00,88847.0,88893.6,88588.0,88832.9,169.63044608
2026-01-02 01:00:00,88833.0,88874.7,88504.1,88640.2,115.81464879
2026-01-02 02:00:00,88640.3,88666.7,88382.0,88638.0,151.12986379
2026-01-02 03:00:00,88638.1,89118.9,88567.7,88946.3,384.72626527
2026-01-02 04:00:00,88946.4,88990.0,88633.5,88640.6,98.4660087
2026-01-02 05:00:00,88640.6,88787.9,88577.0,88762.9,90.65548927
2026-01-02 06:00:00,88763.0,89086.9,88734.1,88939.5,144.10861862
2026-01-02 07:00:00,88939.5,89054.7,88829.9,88854.8,206.27936093
2026-01-02 08:00:00,88854.9,89192.0,88811.0,89182.9,138.06026374
2026-01-02 09:00:00,89182.9,89493.0,89107.4,89471.9,308.08429703
2026-01-02 10:00:00,89471.9,89941.3,89457.1,89654.9,589.8401629
2026-01-02 11:00:00,89655.0,89674.8,89358.0,89501.9,268.54816583
2026-01-02 12:00:00,89502.0,89590.6,89385.8,89412.0,110.85585884
2026-01-02 13:00:00,89412.1,89687.9,89304.3,89347.9,189.01774635
2026-01-02 14:00:00,89347.9,90170.3,88459.7,89580.1,904.85498278
2026-01-02 15:00:00,89581.0,89881.8,88798.5,89411.0,699.72041125
2026-01-02 16:00:00,89410.9,90818.0,89200.3,90374.6,847.53053091
2026-01-02 17:00:00,90374.6,90960.0,90182.5,90368.8,409.54192809
2026-01-02 18:00:00,90368.9,90559.2,89551.6,89774.1,361.63042715
2026-01-02 19:00:00,89774.1,90155.5,89650.9,89894.8,189.59690189
2026-01-02 20:00:00,89900.0,90074.7,89620.8,89732.4,194.32371221
2026-01-02 21:00:00,89738.0,90165.3,89727.1,90059.8,89.62756739
2026-01-02 22:00:00,90059.7,90391.3,90021.0,90188.0,173.17778852
2026-01-02 23:00:00,90187.9,90193.8,89886.9,89986.9,129.23232477
2026-01-03 00:00:00,89987.0,90190.4,89950.1,90156.9,103.25915441
2026-01-03 01:00:00,90156.9,90308.4,90078.7,90285.0,74.10272701
2026-01-03 02:00:00,90285.1,90407.7,90142.7,90336.3,110.5829984
2026-01-03 03:00:00,90336.4,90377.5,90200.0,90325.5,72.8913188
2026-01-03 04:00:00,90325.4,90478.6,90051.5,90164.2,131.69115474
2026-01-03 05:00:00,90167.7,90205.4,89927.2,90036.0,98.73119582
2026-01-03 06:00:00,90036.1,90142.8,89856.2,89874.4,55.10312988
2026-01-03 07:00:00,89874.4,89952.8,89321.2,89583.0,319.00717481
2026-01-03 08:00:00,89583.0,89833.3,89434.6,89673.3,168.22727322
2026-01-03 09:00:00,89673.4,89989.0,89642.9,89790.7,100.86946203
2026-01-03 10:00:00,89790.7,89874.9,89715.0,89754.0,55.54181641
2026-01-03 11:00:00,89754.1,89781.0,89675.8,89754.1,36.47427656
2026-01-03 12:00:00,89754.0,90039.9,89667.3,90039.4,90.70118863
2026-01-03 13:00:00,90039.4,90060.0,89920.6,90006.1,64.05521561
2026-01-03 14:00:00,90006.1,90233.0,89958.1,90126.9,85.59264284
2026-01-03 15:00:00,90127.0,90127.0,89967.9,89971.4,55.78574794
2026-01-03 16:00:00,89972.9,90215.2,89921.7,90104.1,76.44004227
2026-01-03 17:00:00,90104.1,90130.0,90033.4,90097.2,33.65885651
2026-01-03 18:00:00,90097.2,90197.7,90036.6,90145.9,26.71892018
2026-01-03 19:00:00,90146.0,90151.8,90062.4,90128.4,23.45938305
2026-01-03 20:00:00,90128.5,90370.0,90026.1,90369.9,42.64092001
2026-01-03 21:00:00,90370.0,90736.1,90322.2,90561.5,185.50677724
2026-01-03 22:00:00,90561.6,90730.0,90494.9,90591.9,65.6076599
2026-01-03 23:00:00,90592.0,90699.3,90470.0,90633.0,69.6359657
2026-01-04 00:00:00,90632.9,91612.7,90632.9,91347.7,600.93999358
2026-01-04 01:00:00,91347.6,91479.9,91005.0,91237.0,135.31749374
2026-01-04 02:00:00,91237.1,91298.4,91084.0,91134.9,103.50578431
2026-01-04 03:00:00,91135.0,91357.1,91086.7,91235.9,152.02812438
2026-01-04 04:00:00,91235.9,91585.0,91192.3,91408.0,142.43905671
2026-01-04 05:00:00,91408.0,91499.9,91354.9,91489.0,130.85483745
2026-01-04 06:00:00,91489.1,91820.0,91241.2,91241.3,257.75820954
2026-01-04 07:00:00,91241.3,91542.2,91221.2,91524.1,213.76127781
2026-01-04 08:00:00,91524.1,91534.9,91181.0,91368.1,533.94521589
2026-01-04 09:00:00,91368.1,91477.5,91250.1,91458.1,119.29933776
2026-01-04 10:00:00,91458.1,91622.9,91396.7,91602.5,515.20361605
2026-01-04 11:00:00,91602.6,91602.6,91249.0,91308.3,154.93769015
2026-01-04 12:00:00,91308.2,91372.3,91094.9,91150.3,320.33426449
2026-01-04 13:00:00,91150.2,91273.1,91021.2,91261.8,98.80919566
2026-01-04 14:00:00,91261.9,91412.1,91150.0,91337.6,83.82145302
2026-01-04 15:00:00,91337.6,91375.0,91098.7,91332.9,69.11026853
2026-01-04 16:00:00,91332.9,91450.0,91250.0,91325.0,91.86789868
2026-01-04 17:00:00,91325.1,91434.4,91309.0,91343.5,54.61661233
2026-01-04 18:00:00,91343.6,91343.6,90980.0,91209.9,81.05764303
2026-01-04 19:00:00,91210.0,91210.0,90875.0,91150.8,219.86543363
2026-01-04 20:00:00,91150.8,91349.6,91137.0,91317.9,28.09500149
2026-01-04 21:00:00,91318.0,91427.9,91183.5,91286.1,50.03216367
2026-01-04 22:00:00,91286.1,91405.8,91156.4,91223.1,35.24168611
2026-01-04 23:00:00,91223.1,91588.0,91223.1,91537.1,140.57606796
2026-01-05 00:00:00,91537.0,92423.1,91523.0,92404.9,473.89922435
2026-01-05 01:00:00,92404.9,93411.5,92283.0,92963.9,844.32075159
2026-01-05 02:00:00,92964.0,93164.0,92747.0,93046.9,246.48039217
2026-01-05 03:00:00,93047.0,93213.7,92882.0,92886.0,207.30680469
2026-01-05 04:00:00,92886.0,92964.0,92346.0,92606.9,291.41215832
2026-01-05 05:00:00,92607.0,92744.4,92357.0,92365.7,240.17193643
2026-01-05 06:00:00,92365.7,92510.9,92165.1,92493.1,190.4477144
2026-01-05 07:00:00,92493.2,92640.0,92486.0,92526.0,177.51962971
2026-01-05 08:00:00,92526.0,92777.6,92466.0,92474.6,146.74296848
2026-01-05 09:00:00,92474.7,92842.7,92337.1,92694.4,161.22648103
2026-01-05 10:00:00,92694.4,93152.5,92676.1,93085.9,179.54386598
2026-01-05 11:00:00,93086.0,93160.9,92896.3,93133.0,169.39718867
2026-01-05 12:00:00,93133.1,93215.1,92758.9,92880.7,153.59000691
2026-01-05 13:00:00,92880.8,93015.5,92546.6,92741.8,174.54025717
2026-01-05 14:00:00,92741.8,93681.5,92413.1,93424.7,568.05976117
2026-01-05 15:00:00,93424.9,94010.0,93174.3,93957.1,635.3094337
2026-01-05 16:00:00,93957.0,94077.7,93587.0,93709.1,332.50356765
2026-01-05 17:00:00,93709.1,94480.1,93259.4,94324.0,487.87180679
2026-01-05 18:00:00,94324.1,94510.0,93920.7,94451.1,294.41839038
2026-01-05 19:00:00,94451.1,94499.0,94133.6,94302.8,265.03268352
2026-01-05 20:00:00,94302.8,94793.7,94034.2,94174.5,369.73854488
2026-01-05 21:00:00,94175.4,94231.0,93801.8,94092.9,123.1601902
2026-01-05 22:00:00,94092.9,94399.0,94008.0,94171.0,92.9220835
2026-01-05 23:00:00,94171.1,94195.5,93858.4,93870.9,139.4293094
2026-01-06 00:00:00,93871.0,93984.6,93552.1,93812.9,163.14202423
2026-01-06 01:00:00,93806.0,94160.0,93743.0,93778.1,108.84374216
2026-01-06 02:00:00,93776.4,93871.8,93526.9,93620.0,109.9714503
2026-01-06 03:00:00,93620.1,93935.3,93605.0,93768.3,90.7707732
2026-01-06 04:00:00,93768.4,93999.0,93741.0,93805.1,86.93710926
2026-01-06 05:00:00,93805.0,93819.0,93576.7,93604.0,102.31880622
2026-01-06 06:00:00,93604.0,93942.6,93537.8,93779.2,174.68641446
2026-01-06 07:00:00,93779.3,93785.0,93140.0,93258.1,300.39582824
2026-01-06 08:00:00,93258.1,93425.5,93179.2,93243.1,177.31483373
2026-01-06 09:00:00,93243.1,93571.7,93225.0,93467.9,501.07189289
2026-01-06 10:00:00,93468.0,93670.7,93409.8,93578.0,358.67137443
2026-01-06 11:00:00,93578.0,93906.0,93577.9,93843.3,183.77094798
2026-01-06 12:00:00,93843.4,93991.9,93792.2,93870.2,84.67754532
2026-01-06 13:00:00,93870.2,93870.2,93642.3,93725.0,169.34278901
2026-01-06 14:00:00,93725.1,94446.6,93526.0,93833.1,660.320541
2026-01-06 15:00:00,93833.1,94309.3,93345.6,93648.1,499.98973875
2026-01-06 16:00:00,93648.2,93768.7,92323.5,92685.1,692.93957724
2026-01-06 17:00:00,92685.1,92760.1,91555.0,91593.0,633.02813729
2026-01-06 18:00:00,91593.1,92222.2,91277.7,92039.5,429.86029645
2026-01-06 19:00:00,92042.6,92345.8,91913.0,92103.2,160.11585098
2026-01-06 20:00:00,92103.3,92698.0,92103.2,92515.0,132.84267984
2026-01-06 21:00:00,92513.0,93853.5,92387.1,93260.0,392.65794256
2026-01-06 22:00:00,93259.9,93531.5,92972.5,93362.4,156.36758067
2026-01-06 23:00:00,93362.4,93790.1,93341.9,93750.0,180.20402358
2026-01-07 00:00:00,93750.0,93750.0,92644.7,92706.0,278.34323896
2026-01-07 01:00:00,92706.0,92882.0,92330.8,92450.1,280.62106993
2026-01-07 02:00:00,92450.1,93062.6,92248.5,92957.9,239.1501388
2026-01-07 03:00:00,92961.7,93115.1,92751.7,92814.4,112.80591108
2026-01-07 04:00:00,92814.4,92922.1,92608.7,92674.3,123.60238802
2026-01-07 05:00:00,92674.4,92854.1,92508.4,92531.3,108.1108779
2026-01-07 06:00:00,92531.4,92897.3,92522.0,92620.6,85.4359549
2026-01-07 07:00:00,92620.6,92893.9,92620.6,92883.6,113.6924571
2026-01-07 08:00:00,92883.6,92962.3,92700.0,92721.9,507.32497816
2026-01-07 09:00:00,92721.9,92722.3,91600.0,91711.7,878.51118389
2026-01-07 10:00:00,91711.5,91999.3,91607.2,91977.7,318.00451081
2026-01-07 11:00:00,91977.8,92250.0,91930.0,92088.7,246.6420986
2026-01-07 12:00:00,92088.7,92190.0,91979.2,91999.8,304.53229881
2026-01-07 13:00:00,91999.9,92287.9,91867.2,92043.8,134.3689785
2026-01-07 14:00:00,92043.7,92159.3,91371.8,91968.3,531.13802153
2026-01-07 15:00:00,91968.4,92003.9,91019.3,91347.0,552.72101069
2026-01-07 16:00:00,91347.0,91788.3,91152.1,91259.0,300.98979256
2026-01-07 17:00:00,91259.0,91690.7,91033.4,91255.1,211.66057016
2026-01-07 18:00:00,91254.9,91442.4,90725.0,90901.1,308.4780459
2026-01-07 19:00:00,90901.1,91274.1,90670.0,91186.0,241.89414718
2026-01-07 20:00:00,91186.0,91299.0,90781.1,91051.0,163.70879774
2026-01-07 21:00:00,91051.0,91235.0,91037.6,91094.3,71.54506012
2026-01-07 22:00:00,91094.2,91384.1,90877.4,91180.5,110.47188197
2026-01-07 23:00:00,91180.4,91483.0,91013.0,91370.9,223.28465234
2026-01-08 00:00:00,91373.7,91510.2,91077.0,91390.1,136.87187053
2026-01-08 01:00:00,91390.0,91669.7,91300.0,91424.0,113.27365931
2026-01-08 02:00:00,91424.1,91465.0,90760.0,90952.9,180.54992748
2026-01-08 03:00:00,90953.0,91113.6,90615.2,90813.0,147.50184627
2026-01-08 04:00:00,90812.9,91155.4,90706.7,91020.9,119.60210996
2026-01-08 05:00:00,91021.1,91182.9,90756.8,90822.9,128.35157703
2026-01-08 06:00:00,90823.0,90872.0,89887.9,89888.0,534.15431405
2026-01-08 07:00:00,89888.0,90600.0,89630.4,90551.1,690.70658421
2026-01-08 08:00:00,90551.0,90792.6,90163.6,90218.0,202.69627926
2026-01-08 09:00:00,90218.0,90366.0,89953.8,90018.0,173.44759215
2026-01-08 10:00:00,90017.9,90488.0,89770.8,90412.2,878.62777065
2026-01-08 11:00:00,90412.2,90482.3,90019.3,90221.1,170.2826085
2026-01-08 12:00:00,90221.2,90232.4,89783.0,89989.7,228.30812069
2026-01-08 13:00:00,89989.6,90110.0,89879.2,89970.6,130.2191492
2026-01-08 14:00:00,89970.7,90165.8,89327.8,90024.5,458.53074197
2026-01-08 15:00:00,90024.5,90831.9,89822.4,90790.5,335.21906294
2026-01-08 16:00:00,90790.5,90941.2,90321.5,90937.6,336.05652974
2026-01-08 17:00:00,90937.7,91442.4,90836.6,91370.0,305.88758862
2026-01-08 18:00:00,91370.0,91467.3,90951.3,91108.9,203.81549115
2026-01-08 19:00:00,91109.0,91323.7,90811.2,90933.6,85.47998733
2026-01-08 20:00:00,90933.6,90991.7,90574.3,90926.7,171.17972133
2026-01-08 21:00:00,90924.5,91337.8,90924.5,91269.3,113.35228098
2026-01-08 22:00:00,91271.0,91493.3,91015.2,91229.9,109.67391911
2026-01-08 23:00:00,91230.0,91333.0,91047.2,91097.2,84.5684225
2026-01-09 00:00:00,91097.2,91300.0,91063.0,91290.7,51.18006323
2026-01-09 01:00:00,91290.8,91628.6,90855.2,91055.1,270.79216066
2026-01-09 02:00:00,91055.0,91478.2,91023.0,91042.9,202.41538551
2026-01-09 03:00:00,91043.0,91265.3,90967.8,91223.9,96.22589305
2026-01-09 04:00:00,91224.0,91235.2,90941.1,91020.1,55.56725758
2026-01-09 05:00:00,91020.0,91122.5,90916.4,91091.8,74.52379482
2026-01-09 06:00:00,91091.9,91151.7,90983.4,91145.1,69.08838179
2026-01-09 07:00:00,91145.1,91145.1,90753.0,90753.1,173.35831274
2026-01-09 08:00:00,90753.1,90851.1,89700.0,90033.2,456.60596479
2026-01-09 09:00:00,90033.2,90477.8,90017.6,90343.7,159.18555821
2026-01-09 10:00:00,90343.8,90562.2,90284.0,90491.0,232.95917461
2026-01-09 11:00:00,90491.1,90694.5,90404.9,90452.0,331.23290013
2026-01-09 12:00:00,90452.0,90608.5,90224.7,90453.4,458.56923458
2026-01-09 13:00:00,90453.5,90963.7,90406.0,90607.9,266.95517019
2026-01-09 14:00:00,90607.9,90668.5,89946.8,90155.2,286.43652272
2026-01-09 15:00:00,90155.3,92020.2,89841.8,91183.9,1013.5974065
2026-01-09 16:00:00,91183.8,91781.9,91176.5,91625.3,251.47651806
2026-01-09 17:00:00,91625.4,91679.1,91017.5,91430.0,171.56957093
2026-01-09 18:00:00,91430.0,91505.7,90345.6,90824.6,254.30722661
2026-01-09 19:00:00,90824.5,90824.5,90183.7,90334.4,230.58417948
2026-01-09 20:00:00,90334.3,90585.4,90231.1,90301.8,98.09802467
2026-01-09 21:00:00,90303.7,90645.2,90124.7,90537.2,78.9789626
2026-01-09 22:00:00,90537.3,90701.5,90354.9,90624.0,64.84387907
2026-01-09 23:00:00,90624.0,90721.2,90603.0,90636.0,44.81002134
2026-01-10 00:00:00,90636.0,90680.9,90518.4,90598.0,35.85626752
2026-01-10 01:00:00,90598.0,90727.3,90582.0,90682.0,37.5031033
2026-01-10 02:00:00,90682.0,90776.0,90600.8,90694.9,64.9869354
2026-01-10 03:00:00,90695.0,90696.3,90552.3,90639.1,46.61942945
2026-01-10 04:00:00,90639.0,90646.4,90409.0,90451.1,69.67011209
2026-01-10 05:00:00,90451.5,90619.7,90430.1,90605.1,63.95340875
2026-01-10 06:00:00,90605.1,90612.7,90479.9,90513.0,46.95004061
2026-01-10 07:00:00,90513.1,90689.4,90513.0,90679.9,136.38814306
2026-01-10 08:00:00,90679.8,90750.0,90591.0,90659.6,473.50553113
2026-01-10 09:00:00,90659.8,90763.0,90632.7,90763.0,556.49637094
2026-01-10 10:00:00,90763.1,90836.3,90724.0,90836.3,44.82954435
2026-01-10 11:00:00,90836.3,90836.3,90699.2,90727.0,50.20163023
2026-01-10 12:00:00,90727.0,90790.6,90664.1,90729.0,193.24406859
2026-01-10 13:00:00,90729.0,90755.5,90636.0,90649.9,29.989345
2026-01-10 14:00:00,90650.0,90661.0,90536.0,90589.8,129.72394911
2026-01-10 15:00:00,90589.9,90667.0,90580.0,90661.2,28.08074322
2026-01-10 16:00:00,90661.1,90727.3,90601.7,90678.0,22.05498105
2026-01-10 17:00:00,90678.0,90742.0,90536.9,90542.0,36.01980307
2026-01-10 18:00:00,90541.9,90605.1,90511.3,90593.0,56.2344261
2026-01-10 19:00:00,90593.1,90625.7,90581.4,90621.3,19.05548206
2026-01-10 20:00:00,90621.2,90654.7,90549.8,90568.6,38.83663912
2026-01-10 21:00:00,90568.7,90568.7,90504.2,90505.0,28.37184261
2026-01-10 22:00:00,90505.1,90591.2,90396.3,90424.4,171.97670891
2026-01-10 23:00:00,90424.4,90567.0,90424.1,90504.9,33.63895727
2026-01-11 00:00:00,90504.9,90646.9,90449.3,90629.0,29.20374612
2026-01-11 01:00:00,90629.1,90674.0,90557.0,90625.7,24.50238031
2026-01-11 02:00:00,90625.8,90727.9,90610.0,90692.1,31.70904088
2026-01-11 03:00:00,90692.1,90733.1,90635.0,90733.0,43.57694718
2026-01-11 04:00:00,90733.1,90809.9,90659.6,90799.1,81.37199858
2026-01-11 05:00:00,90799.1,90859.9,90736.1,90777.8,42.06634215
2026-01-11 06:00:00,90777.8,90800.0,90586.3,90743.0,47.13946115
2026-01-11 07:00:00,90743.0,90765.0,90672.0,90713.0,51.55423959
2026-01-11 08:00:00,90712.9,90806.3,90620.0,90787.3,276.10927202
2026-01-11 09:00:00,90788.2,90816.4,90653.5,90739.1,421.88545174
2026-01-11 10:00:00,90739.1,90761.4,90689.0,90728.9,28.76752492
2026-01-11 11:00:00,90729.0,90752.0,90696.0,90751.8,31.45814483
2026-01-11 12:00:00,90751.9,91033.0,90723.0,90938.1,93.10870438
2026-01-11 13:00:00,90938.1,90972.7,90822.5,90854.0,82.39697913
2026-01-11 14:00:00,90854.1,91199.8,90854.0,91126.1,101.61169412
2026-01-11 15:00:00,91126.1,91157.9,90711.4,90875.0,137.06704753
2026-01-11 16:00:00,90875.0,91284.6,90875.0,91041.9,118.59822454
2026-01-11 17:00:00,91042.0,91138.0,90912.0,90991.0,48.32468048
2026-01-11 18:00:00,90991.1,90991.1,90800.0,90882.9,45.99045951
2026-01-11 19:00:00,90882.9,90932.0,90680.0,90693.1,31.54357856
2026-01-11 20:00:00,90693.1,90740.5,90424.3,90709.0,148.94350958
2026-01-11 21:00:00,90709.1,90836.3,90600.0,90759.0,44.86306926
2026-01-11 22:00:00,90759.1,90759.1,90455.8,90534.5,82.35397267
2026-01-11 23:00:00,90534.4,91039.8,90230.3,91012.0,214.07575229
2026-01-12 00:00:00,91008.3,91255.6,90697.7,91255.6,222.78259444
2026-01-12 01:00:00,91255.7,91800.0,91099.4,91410.9,335.61197399
2026-01-12 02:00:00,91411.0,92396.4,91376.1,92210.1,422.74899793
2026-01-12 03:00:00,92211.8,92520.6,91805.4,91805.4,319.01275403
2026-01-12 04:00:00,91805.5,92281.7,91755.6,92160.0,124.53717313
2026-01-12 05:00:00,92160.1,92264.9,92048.4,92115.0,96.42016732
2026-01-12 06:00:00,92114.9,92208.0,91820.0,91839.1,136.64802883
2026-01-12 07:00:00,91839.1,91962.1,91400.0,91415.1,528.490474
2026-01-12 08:00:00,91415.1,91628.9,90400.0,90749.1,580.69904075
2026-01-12 09:00:00,90749.1,90933.3,90646.1,90692.2,180.95933636
2026-01-12 10:00:00,90692.1,90793.0,90375.0,90435.9,149.27260652
2026-01-12 11:00:00,90434.2,90816.1,90427.0,90630.1,165.21326359
2026-01-12 12:00:00,90630.1,90870.4,90618.0,90789.0,73.0402834
2026-01-12 13:00:00,90789.1,90829.7,90541.6,90632.1,150.14423847
2026-01-12 14:00:00,90632.1,91122.8,90132.1,90908.1,438.77331825
2026-01-12 15:00:00,90908.0,91679.6,90710.0,91666.9,367.10261225
2026-01-12 16:00:00,91666.0,92316.7,91575.0,92117.8,641.42504829
2026-01-12 17:00:00,92117.9,92299.1,91007.1,91522.5,510.64948513
2026-01-12 18:00:00,91522.6,91958.1,91415.1,91689.1,206.60046223
2026-01-12 19:00:00,91689.2,91881.3,91437.6,91864.9,131.5242544
2026-01-12 20:00:00,91864.9,92048.4,91416.6,91493.3,212.87155641
2026-01-12 21:00:00,91492.1,91500.0,90948.4,91056.0,158.43788366
2026-01-12 22:00:00,91056.0,91444.5,91056.0,91243.7,133.99910154
2026-01-12 23:00:00,91243.7,91319.9,91076.5,91304.0,53.12812533
2026-01-13 00:00:00,91304.0,91548.9,91257.0,91481.1,154.30764832
2026-01-13 01:00:00,91481.1,91548.0,91054.3,91188.0,82.43368771
2026-01-13 02:00:00,91188.0,91382.1,91102.2,91125.4,118.68310015
2026-01-13 03:00:00,91125.5,91471.2,91125.1,91412.0,120.6913497
2026-01-13 04:00:00,91412.1,91647.2,91349.9,91515.9,62.52384798
2026-01-13 05:00:00,91516.0,92256.9,91480.5,91924.5,273.85033642
2026-01-13 06:00:00,91924.6,92270.8,91811.5,92179.1,186.56114257
2026-01-13 07:00:00,92179.2,92207.0,91882.9,91949.7,672.8691819
2026-01-13 08:00:00,91949.7,92253.2,91908.4,92170.1,374.1430512
2026-01-13 09:00:00,92170.1,92666.0,91940.7,92264.7,332.88317456
2026-01-13 10:00:00,92264.7,92338.6,92022.0,92134.4,129.23897115
2026-01-13 11:00:00,92134.5,92258.6,91970.7,92001.0,128.14715601
2026-01-13 12:00:00,92001.1,92150.0,91916.2,92104.9,89.96696491
2026-01-13 13:00:00,92105.0,92607.0,91989.1,92074.9,501.55595981
2026-01-13 14:00:00,92074.9,92922.8,91790.0,92471.1,495.65949432
2026-01-13 15:00:00,92471.0,93456.0,92134.8,93455.9,595.3351178
2026-01-13 16:00:00,93455.9,93753.0,93080.7,93392.0,724.56704923
2026-01-13 17:00:00,93392.1,93494.0,93101.1,93244.0,228.59657494
2026-01-13 18:00:00,93243.0,93871.7,93200.1,93629.4,265.82168368
2026-01-13 19:00:00,93629.4,94243.6,93475.0,94224.1,515.69539456
2026-01-13 20:00:00,94224.2,94510.1,94117.4,94412.6,723.26348036
2026-01-13 21:00:00,94412.7,94526.3,94060.0,94091.0,235.63804212
2026-01-13 22:00:00,94091.1,96543.0,94091.1,95755.0,1836.33443741
2026-01-13 23:00:00,95758.0,96097.0,95070.0,95411.8,613.68722289
2026-01-14 00:00:00,95411.8,95664.6,95173.9,95241.0,239.37544371
2026-01-14 01:00:00,95241.0,95581.9,95142.8,95245.0,360.14014907
2026-01-14 02:00:00,95245.1,95561.9,95211.4,95349.0,242.3064343
2026-01-14 03:00:00,95349.0,95722.5,95283.2,95722.3,181.53390932
2026-01-14 04:00:00,95722.3,95796.8,95230.3,95246.0,218.86185582
2026-01-14 05:00:00,95246.1,95280.7,94957.7,95012.5,350.08250115
2026-01-14 06:00:00,95012.5,95037.4,94521.7,95037.3,399.21719965
2026-01-14 07:00:00,95037.4,95230.0,94844.0,95201.9,499.48489874
2026-01-14 08:00:00,95201.9,95310.5,94866.6,94901.2,220.24319921
2026-01-14 09:00:00,94901.2,95181.0,94883.1,95091.1,376.50842309
2026-01-14 10:00:00,95091.0,95297.5,94895.4,95094.3,282.47880667
2026-01-14 11:00:00,95093.8,95093.8,94750.0,94797.7,220.8793008
2026-01-14 12:00:00,94797.7,95165.7,94688.1,95079.7,188.18468783
2026-01-14 13:00:00,95079.7,95240.2,94892.3,94997.0,149.57372963
2026-01-14 14:00:00,94997.0,96820.5,94983.9,96481.3,1151.60693601
2026-01-14 15:00:00,96481.3,97088.0,96186.1,96755.6,1109.24876434
2026-01-14 16:00:00,96755.5,97696.7,96732.0,97285.5,1524.90198265
2026-01-14 17:00:00,97285.5,97776.0,96766.0,96953.2,1043.78772161
2026-01-14 18:00:00,96953.1,97109.5,96229.5,96806.3,834.83314115
2026-01-14 19:00:00,96806.3,97648.6,96685.7,97257.8,512.45694584
2026-01-14 20:00:00,97257.8,97925.4,97207.7,97656.2,604.26613274
2026-01-14 21:00:00,97656.2,97714.9,97376.1,97560.8,247.19876154
2026-01-14 22:00:00,97560.9,97581.3,96758.1,96886.9,306.83909196
2026-01-14 23:00:00,96886.9,97369.9,96865.0,96945.9,147.39971304
2026-01-15 00:00:00,96946.0,96999.6,96500.0,96653.5,352.2215868
2026-01-15 01:00:00,96655.4,96961.8,96307.1,96446.2,240.95478859
2026-01-15 02:00:00,96446.1,96614.5,96100.0,96333.0,177.53382637
2026-01-15 03:00:00,96333.0,96400.0,95780.0,95990.5,358.45345002
2026-01-15 04:00:00,95990.5,96395.0,95965.4,96318.6,230.24339335
2026-01-15 05:00:00,96318.7,96522.7,96250.0,96438.9,174.80981203
2026-01-15 06:00:00,96438.8,96585.9,96187.9,96246.1,134.40190292
2026-01-15 07:00:00,96246.0,96762.9,96196.7,96634.5,384.03294522
2026-01-15 08:00:00,96634.6,96663.6,96293.1,96650.2,189.67915936
2026-01-15 09:00:00,96650.1,97189.9,96564.9,97036.9,208.62644932
2026-01-15 10:00:00,97037.0,97071.3,96746.8,96815.0,137.07544168
2026-01-15 11:00:00,96815.1,96945.0,96591.0,96597.0,103.70532775
2026-01-15 12:00:00,96597.1,97006.0,96532.2,96987.0,93.5530348
2026-01-15 13:00:00,96987.1,97029.0,96623.0,96860.0,113.61641007
2026-01-15 14:00:00,96860.0,97150.0,95600.0,96070.4,596.52116179
2026-01-15 15:00:00,96070.3,96788.5,95451.0,96742.1,665.93198629
2026-01-15 16:00:00,96742.0,96943.4,96274.2,96729.1,348.74419006
2026-01-15 17:00:00,96729.1,97074.5,96415.0,96620.9,267.35041268
2026-01-15 18:00:00,96620.9,96626.9,95749.9,95841.1,266.91131556
2026-01-15 19:00:00,95841.2,95921.3,95188.0,95511.6,479.9527461
2026-01-15 20:00:00,95511.7,95661.7,95132.9,95251.9,182.91682329
2026-01-15 21:00:00,95252.0,95625.0,95196.5,95591.7,114.1285799
2026-01-15 22:00:00,95591.7,95875.0,95500.0,95590.8,97.06817119
2026-01-15 23:00:00,95590.7,95722.8,95408.9,95607.0,135.51780523
2026-01-16 00:00:00,95607.0,95828.4,95581.1,95630.9,84.87937453
2026-01-16 01:00:00,95631.0,95852.7,95422.4,95672.9,100.47429203
2026-01-16 02:00:00,95673.0,95684.8,95391.1,95505.9,99.65966422
2026-01-16 03:00:00,95506.0,95588.0,95336.2,95356.0,73.89088171
2026-01-16 04:00:00,95356.0,95590.6,95160.0,95277.9,156.03622422
2026-01-16 05:00:00,95277.8,95693.9,95257.0,95674.3,182.39441925
2026-01-16 06:00:00,95674.4,95836.3,95547.6,95747.2,127.42582506
2026-01-16 07:00:00,95747.3,95789.8,95451.3,95650.7,365.65779912
2026-01-16 08:00:00,95650.7,95845.9,95574.5,95668.0,178.83695771
2026-01-16 09:00:00,95668.0,95777.7,95553.8,95618.1,135.65839384
2026-01-16 10:00:00,95618.1,95634.0,95307.7,95320.6,101.24459737
2026-01-16 11:00:00,95320.7,95472.5,95265.3,95431.4,98.38618223
2026-01-16 12:00:00,95431.5,95569.2,95365.6,95448.8,35.70892238
2026-01-16 13:00:00,95448.9,95584.5,95301.0,95453.3,149.6042465
2026-01-16 14:00:00,95453.4,95813.0,95200.0,95200.1,250.07611767
2026-01-16 15:00:00,95200.0,95684.7,94303.6,94589.3,754.68332082
2026-01-16 16:00:00,94589.2,94990.9,94514.1,94877.7,225.30494688
2026-01-16 17:00:00,94877.8,95135.1,94567.1,95084.5,157.76476488
2026-01-16 18:00:00,95084.4,95221.5,94982.3,95016.0,95.90567393
2026-01-16 19:00:00,95016.1,95055.9,94842.1,95007.7,71.69890213
2026-01-16 20:00:00,95007.4,95569.0,94686.0,95567.2,197.01308711
2026-01-16 21:00:00,95567.1,95600.0,95368.3,95522.5,89.84018951
2026-01-16 22:00:00,95522.5,95574.6,95263.5,95523.0,83.76324032
2026-01-16 23:00:00,95523.1,95599.9,95443.0,95560.0,54.08857505
2026-01-17 00:00:00,95560.1,95585.9,95440.2,95465.1,50.2856467
2026-01-17 01:00:00,95465.1,95525.0,95355.7,95387.0,78.89482524
2026-01-17 02:00:00,95387.0,95420.0,95196.5,95354.0,110.80396114
2026-01-17 03:00:00,95354.0,95381.8,95233.0,95369.0,72.0224245
2026-01-17 04:00:00,95369.0,95369.1,95260.0,95303.0,60.5738524
2026-01-17 05:00:00,95303.0,95380.5,95285.0,95317.8,49.59549159
2026-01-17 06:00:00,95317.9,95348.3,95199.7,95236.0,46.10699043
2026-01-17 07:00:00,95236.1,95236.1,95027.4,95101.1,174.3698326
2026-01-17 08:00:00,95101.1,95250.0,95000.0,95244.5,117.52597391
2026-01-17 09:00:00,95244.6,95283.0,95174.4,95257.0,56.57134216
2026-01-17 10:00:00,95257.1,95265.3,95116.1,95116.1,49.1833923
2026-01-17 11:00:00,95116.1,95318.9,95069.0,95318.8,45.23631085
2026-01-17 12:00:00,95318.9,95405.7,95232.0,95252.9,53.39885362
2026-01-17 13:00:00,95253.0,95433.0,95195.0,95432.9,67.0397641
2026-01-17 14:00:00,95433.0,95535.4,95354.0,95472.0,97.20681455
2026-01-17 15:00:00,95472.0,95638.0,95417.8,95571.0,166.07357982
2026-01-17 16:00:00,95571.0,95571.0,95221.0,95311.5,114.28798508
2026-01-17 17:00:00,95311.5,95439.7,95293.9,95364.0,47.59025301
2026-01-17 18:00:00,95364.0,95467.7,95353.0,95433.4,24.36971356
2026-01-17 19:00:00,95433.4,95433.4,95290.0,95295.4,23.30569641
2026-01-17 20:00:00,95295.4,95384.0,95289.4,95374.0,34.12546097
2026-01-17 21:00:00,95374.1,95415.0,95286.4,95314.0,24.43330138
2026-01-17 22:00:00,95314.0,95314.0,95052.0,95173.1,117.62640403
2026-01-17 23:00:00,95173.1,95218.3,95125.7,95153.9,47.6480308
2026-01-18 00:00:00,95153.9,95250.0,95065.5,95117.3,108.97322615
2026-01-18 01:00:00,95118.0,95118.0,94878.1,94966.8,105.88730936
2026-01-18 02:00:00,94966.9,95082.4,94880.0,95027.5,107.89847145
2026-01-18 03:00:00,95027.7,95208.9,95027.7,95190.9,63.70229837
2026-01-18 04:00:00,95191.0,95191.0,95076.0,95099.1,23.18037249
2026-01-18 05:00:00,95099.1,95256.2,95049.6,95196.4,87.81861002
2026-01-18 06:00:00,95196.5,95220.2,95144.0,95179.9,29.49547746
2026-01-18 07:00:00,95179.9,95190.9,95030.0,95036.1,71.0518417
2026-01-18 08:00:00,95036.0,95195.0,95030.0,95183.4,17.05504625
2026-01-18 09:00:00,95183.4,95299.9,95150.0,95275.1,94.57823448
2026-01-18 10:00:00,95275.1,95297.9,95082.2,95176.0,44.79804455
2026-01-18 11:00:00,95176.0,95181.1,95083.7,95165.9,36.20611186
2026-01-18 12:00:00,95166.0,95178.6,95092.0,95112.1,44.26598845
2026-01-18 13:00:00,95112.1,95210.0,94919.0,95154.9,125.15111748
2026-01-18 14:00:00,95155.0,95375.0,94934.8,94962.7,132.57029186
2026-01-18 15:00:00,94962.8,95122.3,94930.0,95113.9,52.09782551
2026-01-18 16:00:00,95114.0,95185.6,95068.0,95168.1,44.67623475
2026-01-18 17:00:00,95168.1,95270.4,95142.2,95270.4,40.79353468
2026-01-18 18:00:00,95270.4,95513.0,95177.4,95437.7,83.16016384
2026-01-18 19:00:00,95437.8,95506.6,95330.1,95378.0,47.46903442
2026-01-18 20:00:00,95378.1,95443.1,95286.0,95307.4,35.85986145
2026-01-18 21:00:00,95307.5,95433.0,95283.0,95432.0,17.9593877
2026-01-18 22:00:00,95432.0,95529.0,95406.1,95496.0,32.59297594
2026-01-18 23:00:00,95495.9,95495.9,93600.0,93674.1,864.38207612
2026-01-19 00:00:00,93674.0,93674.0,91900.0,92720.1,1891.977615
2026-01-19 01:00:00,92720.0,92874.5,92250.0,92584.7,418.62815472
2026-01-19 02:00:00,92584.8,92675.0,92400.0,92570.0,285.7617375
2026-01-19 03:00:00,92570.0,92780.0,92497.9,92693.4,338.69133611
2026-01-19 04:00:00,92693.3,92744.0,92502.4,92673.8,159.20064651
2026-01-19 05:00:00,92673.8,92806.0,92506.4,92513.2,111.65713787
2026-01-19 06:00:00,92513.2,92636.9,92378.1,92581.1,144.33482695
2026-01-19 07:00:00,92581.2,92857.1,92551.6,92834.2,621.76754808
2026-01-19 08:00:00,92834.2,93368.6,92693.3,93258.2,703.91731237
2026-01-19 09:00:00,93258.2,93259.2,92942.9,93047.1,521.25655888
2026-01-19 10:00:00,93047.1,93080.0,92887.2,93059.8,90.84270278
2026-01-19 11:00:00,93059.9,93306.1,92973.9,93190.1,107.70019386
2026-01-19 12:00:00,93190.1,93229.0,93005.0,93063.9,110.26708613
2026-01-19 13:00:00,93064.0,93133.2,92806.0,93027.9,184.23924676
2026-01-19 14:00:00,93028.0,93031.8,92700.0,92813.0,95.38484625
2026-01-19 15:00:00,92813.1,93078.8,92813.1,93063.0,152.5528026
2026-01-19 16:00:00,93063.0,93400.0,92992.3,93298.9,169.37749267
2026-01-19 17:00:00,93299.0,93384.0,93146.0,93232.0,115.15071948
2026-01-19 18:00:00,93232.1,93249.1,92900.0,93054.0,126.23379754
2026-01-19 19:00:00,93054.1,93147.6,92984.9,93104.1,53.75210264
2026-01-19 20:00:00,93104.1,93274.1,93098.0,93133.5,36.92349997
2026-01-19 21:00:00,93134.7,93344.4,93003.2,93004.0,58.09025563
2026-01-19 22:00:00,93004.1,93055.2,92565.1,92565.1,215.4248012
2026-01-19 23:00:00,92565.2,92750.0,92160.1,92628.0,310.28756067
2026-01-20 00:00:00,92627.9,92870.0,92371.0,92715.1,116.13607101
2026-01-20 01:00:00,92715.0,92867.6,92531.5,92720.2,128.59749325
2026-01-20 02:00:00,92720.3,92727.9,92375.0,92554.1,150.40533414
2026-01-20 03:00:00,92554.1,92648.1,92253.7,92446.3,138.74765642
2026-01-20 04:00:00,92446.4,92478.2,92000.0,92069.5,200.75131718
2026-01-20 05:00:00,92069.6,92081.7,91304.6,91632.0,878.18840796
2026-01-20 06:00:00,91632.0,91640.0,90800.0,90939.9,741.81879404
2026-01-20 07:00:00,90939.9,91300.0,90875.1,91188.3,548.99588263
2026-01-20 08:00:00,91188.3,91272.7,90684.8,91119.1,857.63050399
2026-01-20 09:00:00,91119.0,91119.0,90898.3,91044.3,628.40389527
2026-01-20 10:00:00,91044.2,91290.9,91000.0,91265.4,163.17679963
2026-01-20 11:00:00,91265.4,91438.2,91221.2,91226.7,136.12028337
2026-01-20 12:00:00,91226.7,91317.5,91064.0,91281.8,152.40801376
2026-01-20 13:00:00,91281.8,91289.3,90777.0,90953.5,259.15394455
2026-01-20 14:00:00,90953.5,91374.9,90264.5,90533.4,704.65509386
2026-01-20 15:00:00,90529.3,90806.2,89852.0,90681.1,792.99892718
2026-01-20 16:00:00,90681.1,90973.8,90024.6,90163.1,324.65090479
2026-01-20 17:00:00,90163.0,90502.1,89444.0,89775.4,459.275839
2026-01-20 18:00:00,89776.7,89958.9,89400.0,89495.2,240.97045826
2026-01-20 19:00:00,89498.9,89790.8,89300.0,89728.1,229.21970048
2026-01-20 20:00:00,89728.1,89847.9,89396.0,89731.0,228.549267
2026-01-20 21:00:00,89729.6,89832.4,89423.4,89473.1,86.42678146
2026-01-20 22:00:00,89473.2,89649.1,87806.2,88495.2,711.42629618
2026-01-20 23:00:00,88495.1,88527.9,87894.0,88418.6,322.8464854
2026-01-21 00:00:00,88418.6,88962.6,88250.4,88916.0,896.38759068
2026-01-21 01:00:00,88916.0,89154.1,88839.0,89013.7,312.21774296
2026-01-21 02:00:00,89013.8,89355.2,88996.0,89040.0,246.40695312
2026-01-21 03:00:00,89040.0,89589.0,89031.9,89431.2,268.69902542
2026-01-21 04:00:00,89431.2,89638.0,89349.0,89439.1,182.04352349
2026-01-21 05:00:00,89439.1,90111.4,89430.3,89951.0,305.36624565
2026-01-21 06:00:00,89951.0,89951.0,89482.5,89645.0,186.85064046
2026-01-21 07:00:00,89645.0,89760.0,89092.9,89212.8,408.47767314
2026-01-21 08:00:00,89212.5,89383.6,89000.0,89199.0,252.1637034
2026-01-21 09:00:00,89198.9,89480.9,89071.0,89103.9,186.38113514
2026-01-21 10:00:00,89105.6,89390.5,89069.1,89247.9,113.78716557
2026-01-21 11:00:00,89247.5,89375.0,88694.5,88792.2,246.46098261
2026-01-21 12:00:00,88788.1,88857.0,88178.1,88734.1,412.0861542
2026-01-21 13:00:00,88734.0,89025.0,88563.7,88672.9,331.60569026
2026-01-21 14:00:00,88672.9,89998.1,88614.0,89795.8,841.14585338
2026-01-21 15:00:00,89799.7,90592.0,89760.7,90279.5,929.86631348
2026-01-21 16:00:00,90279.5,90354.7,87583.9,87595.4,919.5217531
2026-01-21 17:00:00,87595.4,88153.8,87258.7,87931.8,568.44061788
2026-01-21 18:00:00,87931.8,88658.0,87583.0,88482.1,211.53094468
2026-01-21 19:00:00,88482.1,90454.2,88286.8,90358.0,684.17964881
2026-01-21 20:00:00,90358.1,90374.7,89457.2,90207.4,336.91462059
2026-01-21 21:00:00,90207.4,90333.3,89963.9,90242.3,127.663653
2026-01-21 22:00:00,90242.4,90381.8,89767.0,89767.1,128.88751003
2026-01-21 23:00:00,89767.1,90215.2,89360.0,89456.1,226.24390116
2026-01-22 00:00:00,89456.1,90037.8,89456.1,89905.7,127.4048515
2026-01-22 01:00:00,89905.8,90187.7,89820.7,90110.9,181.99867318
2026-01-22 02:00:00,90109.9,90355.0,89848.4,89941.4,236.42847221
2026-01-22 03:00:00,89941.4,90150.0,89699.6,89890.5,112.41973153
2026-01-22 04:00:00,89890.5,90072.2,89831.1,89994.6,144.3781704
2026-01-22 05:00:00,89994.7,90067.3,89927.2,90021.8,85.30134457
2026-01-22 06:00:00,90021.9,90208.2,89894.0,90165.1,195.12109468
2026-01-22 07:00:00,90165.0,90194.8,89746.9,89802.7,305.26304459
2026-01-22 08:00:00,89802.8,89950.0,89750.0,89909.9,183.42899712
2026-01-22 09:00:00,89910.0,90121.5,89888.4,90026.9,504.34041085
2026-01-22 10:00:00,90027.9,90100.0,89942.9,90075.7,501.00902334
2026-01-22 11:00:00,90075.6,90149.0,89900.0,89942.7,115.82018976
2026-01-22 12:00:00,89942.8,90092.2,89875.0,90019.2,132.93811513
2026-01-22 13:00:00,90019.2,90333.4,89483.6,89607.0,276.10657579
2026-01-22 14:00:00,89607.0,89727.2,89054.5,89088.0,329.84607323
2026-01-22 15:00:00,89087.9,89452.0,88515.3,89003.2,387.73279828
2026-01-22 16:00:00,89003.3,89268.9,88680.0,89055.1,239.85762781
2026-01-22 17:00:00,89055.0,89612.5,89014.5,89552.5,129.5460103
2026-01-22 18:00:00,89552.6,89784.9,89307.6,89336.9,162.26576003
2026-01-22 19:00:00,89334.1,89922.0,89094.9,89778.3,134.02505895
2026-01-22 20:00:00,89777.7,89943.4,89375.0,89416.0,118.20326611
2026-01-22 21:00:00,89414.1,89663.5,89230.0,89263.5,87.8132462
2026-01-22 22:00:00,89263.6,89577.1,89142.7,89347.3,97.77330616
2026-01-22 23:00:00,89347.0,89587.1,89169.6,89560.2,52.72349073
2026-01-23 00:00:00,89560.2,89640.0,89454.4,89526.1,65.66113746
2026-01-23 01:00:00,89526.1,89943.0,89526.1,89942.9,94.74530304
2026-01-23 02:00:00,89939.7,89984.9,89661.7,89665.1,171.87362937
2026-01-23 03:00:00,89665.1,89927.2,89650.0,89927.1,187.47588568
2026-01-23 04:00:00,89927.2,90096.9,89888.3,89973.0,188.31501044
2026-01-23 05:00:00,89970.5,89970.5,89472.7,89620.3,146.54048783
2026-01-23 06:00:00,89620.3,89813.8,89406.7,89510.9,223.39188418
2026-01-23 07:00:00,89511.0,89691.8,89447.6,89542.1,434.63484862
2026-01-23 08:00:00,89542.1,89632.5,89126.2,89219.0,1015.92066101
2026-01-23 09:00:00,89219.0,89386.5,88900.1,88978.0,256.93904883
2026-01-23 10:00:00,88978.0,89157.0,88869.5,89049.9,139.76773923
2026-01-23 11:00:00,89050.0,89349.0,89000.0,89211.0,90.72697877
2026-01-23 12:00:00,89211.0,89375.0,89100.1,89264.0,38.03681385
2026-01-23 13:00:00,89264.1,89446.2,89236.5,89352.2,118.53286607
2026-01-23 14:00:00,89352.2,89717.2,88656.3,89010.7,410.23799057
2026-01-23 15:00:00,89012.5,89858.9,88563.6,89754.2,274.68419553
2026-01-23 16:00:00,89754.3,90485.7,89484.0,90123.0,416.51789568
2026-01-23 17:00:00,90123.1,91222.0,89981.6,90612.0,513.5418981
2026-01-23 18:00:00,90612.0,91021.4,90470.1,90524.3,245.04186286
2026-01-23 19:00:00,90524.2,90530.0,89620.0,89980.0,349.86745834
2026-01-23 20:00:00,89980.0,90155.0,89217.9,89508.3,232.93776512
2026-01-23 21:00:00,89508.2,89694.5,89326.4,89353.1,85.80018685
2026-01-23 22:00:00,89353.0,89755.8,89341.0,89637.8,100.85051962
2026-01-23 23:00:00,89637.8,89637.8,89472.7,89608.0,35.0838638
2026-01-24 00:00:00,89608.1,89639.0,89427.6,89452.5,59.56561866
2026-01-24 01:00:00,89452.6,89587.1,89450.7,89551.5,32.9557023
2026-01-24 02:00:00,89551.6,89716.9,89551.6,89706.0,40.19428312
2026-01-24 03:00:00,89705.9,89933.1,89679.0,89777.0,84.80454388
2026-01-24 04:00:00,89777.0,89847.7,89716.0,89840.0,41.37251945
2026-01-24 05:00:00,89840.0,89849.3,89748.7,89783.0,65.87714691
2026-01-24 06:00:00,89783.0,89786.5,89642.9,89655.0,36.36325478
2026-01-24 07:00:00,89655.0,89682.2,89552.4,89608.0,222.3487721
2026-01-24 08:00:00,89607.9,89687.0,89559.7,89664.9,102.99639632
2026-01-24 09:00:00,89664.8,89664.9,89549.2,89598.0,36.43840844
2026-01-24 10:00:00,89598.0,89659.0,89581.0,89626.9,41.78333367
2026-01-24 11:00:00,89627.0,89670.7,89586.8,89587.9,30.00383579
2026-01-24 12:00:00,89587.9,89597.5,89486.8,89539.0,58.41342279
2026-01-24 13:00:00,89539.1,89554.5,89370.4,89370.4,40.6541653
2026-01-24 14:00:00,89370.4,89515.0,89178.5,89457.3,90.19768747
2026-01-24 15:00:00,89457.4,89503.3,89258.3,89279.9,61.89451849
2026-01-24 16:00:00,89280.0,89360.5,89169.6,89281.0,92.04112123
2026-01-24 17:00:00,89281.1,89412.7,89249.0,89402.4,48.42709562
2026-01-24 18:00:00,89402.4,89460.0,89381.5,89394.7,14.26485853
2026-01-24 19:00:00,89394.8,89394.8,89272.5,89335.8,17.25989061
2026-01-24 20:00:00,89335.7,89403.2,89335.7,89387.6,11.00977623
2026-01-24 21:00:00,89387.6,89391.7,89270.0,89391.6,32.53737886
2026-01-24 22:00:00,89391.7,89498.7,89303.3,89439.6,45.84261056
2026-01-24 23:00:00,89439.5,89507.2,89215.0,89227.6,59.60877604
2026-01-25 00:00:00,89227.5,89317.0,89181.0,89316.9,23.85467167
2026-01-25 01:00:00,89317.0,89326.0,89106.0,89179.2,58.09708907
2026-01-25 02:00:00,89179.3,89270.0,89133.4,89141.0,43.77432995
2026-01-25 03:00:00,89141.0,89180.0,88850.0,88959.8,98.83338487
2026-01-25 04:00:00,88959.9,89086.9,88940.1,89002.1,173.48092766
2026-01-25 05:00:00,89002.1,89050.0,88875.0,88991.8,185.70577435
2026-01-25 06:00:00,88991.9,88991.9,88653.0,88843.1,297.27871389
2026-01-25 07:00:00,88843.1,88843.1,88633.6,88662.0,105.65456018
2026-01-25 08:00:00,88661.9,88764.0,88133.5,88303.1,175.0470887
2026-01-25 09:00:00,88303.0,88493.2,88232.8,88404.0,82.60444576
2026-01-25 10:00:00,88404.0,88684.7,88404.0,88655.1,100.0744167
2026-01-25 11:00:00,88654.4,88709.0,88538.4,88574.9,48.11683329
2026-01-25 12:00:00,88575.0,88805.1,88447.4,88796.4,189.85756664
2026-01-25 13:00:00,88796.5,88974.0,88650.2,88926.0,63.29973787
2026-01-25 14:00:00,88926.1,88945.9,88625.0,88704.2,85.31956341
2026-01-25 15:00:00,88704.2,88759.4,88378.8,88456.1,92.94266558
2026-01-25 16:00:00,88456.1,88456.1,87573.3,88087.9,425.05490377
2026-01-25 17:00:00,88087.9,88112.5,87764.1,87886.3,121.0311218
2026-01-25 18:00:00,87886.3,87986.1,86800.9,87419.5,675.30650411
2026-01-25 19:00:00,87420.0,87503.0,86181.6,86503.3,574.3725638
2026-01-25 20:00:00,86503.3,86721.8,86229.7,86666.5,219.71196253
2026-01-25 21:00:00,86666.6,87012.2,86400.3,86570.3,203.55462311
2026-01-25 22:00:00,86570.9,86692.3,86230.8,86541.1,219.49706787
2026-01-25 23:00:00,86541.0,86794.9,86090.0,86666.8,349.74083854
2026-01-26 00:00:00,86666.8,87182.4,86515.2,86847.1,194.95449305
2026-01-26 01:00:00,86847.1,87820.0,86813.4,87700.1,343.55396014
2026-01-26 02:00:00,87700.1,87970.3,87435.0,87560.9,180.15982532
2026-01-26 03:00:00,87561.0,87678.7,87078.1,87273.6,280.76120501
2026-01-26 04:00:00,87273.7,87943.3,87240.0,87728.9,339.39679071
2026-01-26 05:00:00,87729.0,87943.3,87664.0,87804.8,177.89216312
2026-01-26 06:00:00,87804.9,88019.8,87751.5,87934.9,179.75762796
2026-01-26 07:00:00,87934.9,88073.2,87695.1,87998.8,429.22413635
2026-01-26 08:00:00,87998.8,88385.7,87842.7,87973.0,336.46685512
2026-01-26 09:00:00,87973.1,88004.3,87599.1,87659.9,151.13571131
2026-01-26 10:00:00,87659.9,87954.3,87646.4,87893.6,70.08172001
2026-01-26 11:00:00,87893.6,87980.0,87762.8,87858.1,100.1451391
2026-01-26 12:00:00,87858.1,87971.6,87741.8,87799.9,130.48360013
2026-01-26 13:00:00,87799.9,88052.3,87704.1,87962.4,144.79718859
2026-01-26 14:00:00,87962.4,88524.7,87452.7,88186.3,721.74462337
2026-01-26 15:00:00,88186.2,88857.0,87333.7,87643.0,686.26306122
2026-01-26 16:00:00,87643.1,87950.0,87211.8,87615.4,318.81344909
2026-01-26 17:00:00,87618.5,87788.6,87041.1,87698.0,210.16125643
2026-01-26 18:00:00,87698.1,88412.0,87650.3,88408.9,201.9386306
2026-01-26 19:00:00,88408.9,88545.0,87957.5,88017.6,162.96808358
2026-01-26 20:00:00,88017.6,88135.6,87549.5,87641.8,102.58009893
2026-01-26 21:00:00,87641.8,88250.0,87578.6,88074.7,138.141201
2026-01-26 22:00:00,88074.7,88281.3,88010.1,88145.9,104.64871328
2026-01-26 23:00:00,88145.8,88664.7,88026.3,88347.9,147.62493913
2026-01-27 00:00:00,88348.0,88459.0,88205.0,88350.8,81.27634192
2026-01-27 01:00:00,88350.8,88712.5,88200.0,88559.3,117.84249638
2026-01-27 02:00:00,88559.8,88850.0,88550.0,88820.1,172.18901693
2026-01-27 03:00:00,88818.5,88885.0,88580.4,88784.0,107.97047553
2026-01-27 04:00:00,88784.0,88996.0,88520.0,88582.9,170.24340361
2026-01-27 05:00:00,88582.9,88588.9,88402.2,88459.9,116.37397462
2026-01-27 06:00:00,88459.9,88533.1,88268.1,88328.0,76.77247707
2026-01-27 07:00:00,88327.9,88563.5,88309.6,88322.6,305.02928235
2026-01-27 08:00:00,88322.6,88393.4,88127.0,88176.1,526.74828025
2026-01-27 09:00:00,88176.1,88176.2,87875.0,87895.6,360.72350145
2026-01-27 10:00:00,87895.6,88066.6,87761.0,87789.9,90.33055385
2026-01-27 11:00:00,87790.0,88101.2,87750.0,87991.3,65.56482446
2026-01-27 12:00:00,87990.6,88157.9,87953.1,87983.9,80.52919062
2026-01-27 13:00:00,87984.0,88067.5,87806.0,87979.8,74.55699653
2026-01-27 14:00:00,87979.8,88456.9,87654.7,87734.9,253.62683937
2026-01-27 15:00:00,87738.0,88192.5,87577.4,88038.9,288.61666951
2026-01-27 16:00:00,88039.0,88837.4,88000.9,88638.9,338.34529544
2026-01-27 17:00:00,88639.0,88700.0,87311.7,87556.0,401.12121349
2026-01-27 18:00:00,87556.0,88520.0,87460.9,88287.5,259.95078362
2026-01-27 19:00:00,88288.9,88550.7,88056.2,88414.7,126.65606534
2026-01-27 20:00:00,88412.7,89499.8,88377.5,89400.9,542.93261291
2026-01-27 21:00:00,89399.3,89526.3,89006.5,89079.0,183.54008945
2026-01-27 22:00:00,89079.1,89431.8,89018.1,89244.7,92.47467556
2026-01-27 23:00:00,89244.7,89516.0,89142.3,89250.0,102.22626143
2026-01-28 00:00:00,89250.1,89488.3,89151.1,89476.6,90.25828143
2026-01-28 01:00:00,89476.6,89495.0,89196.2,89400.8,92.89723759
2026-01-28 02:00:00,89400.8,89450.0,89102.3,89288.0,92.32902972
2026-01-28 03:00:00,89288.1,89337.0,88986.9,89119.3,121.63910105
2026-01-28 04:00:00,89119.2,89168.3,88840.0,88979.6,75.7490099
2026-01-28 05:00:00,88979.6,89105.0,88852.1,89089.8,139.5602112
2026-01-28 06:00:00,89089.8,89394.0,89089.8,89323.2,181.57564974
2026-01-28 07:00:00,89323.3,89350.0,89108.6,89129.6,214.54621193
2026-01-28 08:00:00,89129.6,89262.0,88811.0,88924.9,291.91427285
2026-01-28 09:00:00,88924.9,89573.9,88857.4,89572.5,233.04782723
2026-01-28 10:00:00,89572.5,89717.8,89335.0,89410.1,138.3042463
2026-01-28 11:00:00,89410.2,90156.9,89314.3,90070.6,362.45278539
2026-01-28 12:00:00,90070.5,90166.9,89792.8,89995.0,245.90914358
2026-01-28 13:00:00,89995.1,90488.0,89971.0,90262.2,578.12081684
2026-01-28 14:00:00,90262.3,90263.0,89454.4,89614.0,452.69833818
2026-01-28 15:00:00,89614.1,89846.9,88906.9,89480.5,514.45249137
2026-01-28 16:00:00,89480.5,89829.0,89250.1,89644.0,340.15118086
2026-01-28 17:00:00,89643.9,90606.1,89300.0,90170.0,649.96665111
2026-01-28 18:00:00,90170.1,90180.9,89309.1,89546.2,339.50073602
2026-01-28 19:00:00,89546.2,89719.9,89023.5,89397.2,314.45911095
2026-01-28 20:00:00,89396.3,89898.0,89008.1,89134.7,235.63917743
2026-01-28 21:00:00,89134.1,89486.9,88875.0,89412.1,206.31393061
2026-01-28 22:00:00,89412.4,89476.1,89140.0,89383.3,63.50401386
2026-01-28 23:00:00,89383.3,89470.0,89210.0,89299.9,41.23689604
2026-01-29 00:00:00,89299.9,89348.7,88900.1,89144.8,71.13644892
2026-01-29 01:00:00,89145.0,89155.9,88550.0,88603.0,213.54285967
2026-01-29 02:00:00,88603.1,88757.9,87702.5,87904.0,501.80899425
2026-01-29 03:00:00,87904.1,88260.6,87782.1,88060.0,254.1657542
2026-01-29 04:00:00,88060.1,88342.8,87903.2,88317.2,154.08053398
2026-01-29 05:00:00,88317.0,88412.1,88143.5,88183.4,88.25062647
2026-01-29 06:00:00,88183.3,88342.4,88168.5,88315.1,70.24759496
2026-01-29 07:00:00,88315.1,88427.0,88250.0,88352.9,250.5997345
2026-01-29 08:00:00,88352.8,88500.0,87900.1,88056.1,499.51088883
2026-01-29 09:00:00,88056.2,88146.6,87880.5,87880.5,216.54095882
2026-01-29 10:00:00,87880.5,88000.0,87817.0,87947.1,177.90521769
2026-01-29 11:00:00,87947.1,88050.3,87745.3,87831.1,194.8617966
2026-01-29 12:00:00,87831.2,88120.0,87811.0,88113.0,106.77776637
2026-01-29 13:00:00,88113.0,88169.6,87946.3,88041.8,146.3401364
2026-01-29 14:00:00,88044.2,88070.9,87000.0,87008.5,548.42178233
2026-01-29 15:00:00,87008.5,87033.4,84389.9,84950.5,2362.91369797
2026-01-29 16:00:00,84951.0,85403.1,84280.0,85279.1,999.52972668
2026-01-29 17:00:00,85279.1,85631.3,84013.5,84261.8,696.90846318
2026-01-29 18:00:00,84261.9,84632.2,83409.3,83477.9,675.57746739
2026-01-29 19:00:00,83478.0,84333.3,83371.0,84016.2,460.54671187
2026-01-29 20:00:00,84016.3,84391.0,83833.6,84201.5,550.99726466
2026-01-29 21:00:00,84212.2,84658.5,84193.9,84523.7,188.4693118
2026-01-29 22:00:00,84527.9,84611.9,84307.0,84566.2,123.71455474
2026-01-29 23:00:00,84566.2,84739.1,84440.1,84654.7,165.4756126
2026-01-30 00:00:00,84654.7,84735.7,84151.5,84196.9,232.81344862
2026-01-30 01:00:00,84196.9,84197.0,81010.0,82479.1,2153.87161409
2026-01-30 02:00:00,82479.0,82546.8,81161.7,82160.0,843.16636083
2026-01-30 03:00:00,82160.0,82735.1,82038.9,82681.2,514.10681663
2026-01-30 04:00:00,82681.3,83326.4,82681.2,82933.9,265.81928757
2026-01-30 05:00:00,82933.9,83327.4,82894.5,82904.9,196.24212696
2026-01-30 06:00:00,82904.8,82914.3,82053.9,82599.8,582.20473521
2026-01-30 07:00:00,82599.8,83100.0,82467.3,82806.0,1493.88152172
2026-01-30 08:00:00,82805.9,82969.4,82438.0,82661.0,392.00622577
2026-01-30 09:00:00,82661.1,82826.3,82153.6,82353.4,226.30712652
2026-01-30 10:00:00,82353.0,82887.9,82161.2,82824.5,147.58154136
2026-01-30 11:00:00,82824.5,83306.4,82677.2,83149.8,252.04738533
2026-01-30 12:00:00,83149.7,83318.3,82638.4,82797.0,241.91246715
2026-01-30 13:00:00,82797.1,83076.9,82416.8,82743.9,437.43636754
2026-01-30 14:00:00,82744.0,83796.7,82734.6,83100.0,705.83868284
2026-01-30 15:00:00,83100.0,83618.0,82383.4,82885.4,493.71143199
2026-01-30 16:00:00,82882.1,83495.2,82560.9,83149.7,297.09437471
2026-01-30 17:00:00,83149.6,83482.0,82641.0,82943.4,368.33539742
2026-01-30 18:00:00,82943.3,84196.8,81888.9,83945.0,815.6343167
2026-01-30 19:00:00,83945.1,84631.3,83927.4,84247.9,643.00483084
2026-01-30 20:00:00,84247.9,84316.6,83535.5,83903.0,823.2626655
2026-01-30 21:00:00,83903.1,84500.0,83795.4,84268.0,286.39294453
2026-01-30 22:00:00,84279.4,84327.8,83915.6,84222.1,162.30852802
2026-01-30 23:00:00,84222.1,84299.4,83936.6,84253.2,97.21256529
2026-01-31 00:00:00,84253.3,84276.9,84020.0,84073.4,184.782098
2026-01-31 01:00:00,84073.4,84268.1,83908.5,84010.9,155.10266017
2026-01-31 02:00:00,84011.0,84181.8,83821.6,84124.1,156.40539102
2026-01-31 03:00:00,84124.2,84229.9,83992.0,84013.0,117.39168685
2026-01-31 04:00:00,84013.0,84140.0,83936.3,83991.0,136.65160078
2026-01-31 05:00:00,83990.9,84096.0,83904.1,84000.1,137.5120829
2026-01-31 06:00:00,84000.1,84050.1,83636.3,83787.0,235.70615404
2026-01-31 07:00:00,83787.0,83800.0,83412.1,83552.0,695.85988548
2026-01-31 08:00:00,83551.9,83629.9,82581.0,83062.9,916.6990127
2026-01-31 09:00:00,83065.0,83310.9,82893.0,83118.0,419.39926524
2026-01-31 10:00:00,83118.1,83209.8,82923.6,83169.8,144.24054433
2026-01-31 11:00:00,83169.8,83169.8,82860.4,83024.8,98.91671554
2026-01-31 12:00:00,83024.9,83150.0,82720.2,82771.9,180.88671907
2026-01-31 13:00:00,82772.0,82931.8,82488.1,82776.1,192.39005374
2026-01-31 14:00:00,82776.1,82945.0,80831.6,81486.1,1392.51552361
2026-01-31 15:00:00,81486.1,81785.6,81083.4,81302.0,458.58911508
2026-01-31 16:00:00,81302.0,82216.0,80100.6,80359.1,1558.7325173
2026-01-31 17:00:00,80359.0,80542.4,78100.0,78891.0,2299.70346403
2026-01-31 18:00:00,78891.0,79139.0,75678.0,78028.9,2701.97864836
2026-01-31 19:00:00,78034.6,78566.1,77200.0,77756.0,841.63504664
2026-01-31 20:00:00,77756.1,78138.6,77079.5,78000.0,747.52801924
2026-01-31 21:00:00,77993.0,78368.9,77372.1,78294.0,397.49758266
2026-01-31 22:00:00,78300.0,78495.8,77988.3,78158.0,296.53634445
2026-01-31 23:00:00,78156.1,79230.8,78073.8,78738.9,587.61889804
2026-02-01 00:00:00,78739.0,79422.0,78648.0,78897.6,357.40995231
2026-02-01 01:00:00,78896.2,78946.0,78289.4,78531.0,256.42120429
2026-02-01 02:00:00,78531.0,79058.9,78378.2,78902.1,191.27090227
2026-02-01 03:00:00,78902.1,79003.5,78674.0,78864.1,133.00336939
2026-02-01 04:00:00,78864.1,79116.0,78727.1,78972.0,221.61670802
2026-02-01 05:00:00,78976.9,79006.0,78525.2,78611.4,341.03047375
2026-02-01 06:00:00,78611.5,78819.8,78267.1,78300.1,300.50304115
2026-02-01 07:00:00,78300.2,78730.0,77967.6,78358.1,407.86807707
2026-02-01 08:00:00,78358.0,78870.0,78263.7,78606.3,235.64004632
2026-02-01 09:00:00,78606.3,79149.6,78555.0,79044.1,207.99259375
2026-02-01 10:00:00,79045.0,79232.0,78150.6,78276.9,312.232859
2026-02-01 11:00:00,78277.0,78876.6,78277.0,78754.8,108.25519586
2026-02-01 12:00:00,78754.9,78760.0,78254.5,78461.6,130.29662449
2026-02-01 13:00:00,78461.5,78774.7,78206.0,78327.0,197.02105158
2026-02-01 14:00:00,78327.1,78524.9,77219.2,78209.3,771.05204069
2026-02-01 15:00:00,78213.2,78266.1,76780.0,77600.9,761.01545135
2026-02-01 16:00:00,77601.9,77841.4,77094.2,77495.1,381.05577333
2026-02-01 17:00:00,77495.0,77758.4,77308.1,77758.4,244.06012084
2026-02-01 18:00:00,77758.4,78443.4,77732.5,78037.1,233.15123559
2026-02-01 19:00:00,78037.1,78111.1,77001.0,77176.1,190.00631471
2026-02-01 20:00:00,77176.0,77752.8,76607.6,77111.2,366.6479084
2026-02-01 21:00:00,77111.3,77174.9,76365.2,76535.6,490.792811
2026-02-01 22:00:00,76534.4,77796.8,76460.0,77256.9,480.50053883
2026-02-01 23:00:00,77256.8,77621.5,75715.3,76978.0,1139.6408955
2026-02-02 00:00:00,76978.0,78153.7,76621.2,77682.1,513.02943137
2026-02-02 01:00:00,77682.0,77960.5,76636.3,77528.9,370.72689364
2026-02-02 02:00:00,77526.1,77559.5,76460.2,76500.1,380.35479779
2026-02-02 03:00:00,76500.1,76586.0,74612.0,76298.4,2259.38764079
2026-02-02 04:00:00,76306.0,76612.1,75340.8,75891.0,523.12408456
2026-02-02 05:00:00,75891.0,75998.9,74908.3,75494.1,684.58626939
2026-02-02 06:00:00,75494.0,76835.1,74950.5,76542.5,958.29650963
2026-02-02 07:00:00,76546.0,76950.0,76323.0,76648.0,588.92424938
2026-02-02 08:00:00,76649.0,77179.4,76621.2,76869.9,848.54638399
2026-02-02 09:00:00,76869.9,77817.9,76649.5,77709.5,669.97955441
2026-02-02 10:00:00,77709.5,77871.2,77464.0,77503.9,219.22467633
2026-02-02 11:00:00,77503.9,77969.9,77446.1,77761.0,270.61248697
2026-02-02 12:00:00,77761.0,78481.3,77711.0,77985.9,496.92952042
2026-02-02 13:00:00,77985.9,78439.3,77797.1,78225.1,369.04543506
2026-02-02 14:00:00,78225.0,78884.6,77625.0,77843.0,851.22498884
2026-02-02 15:00:00,77844.9,79335.5,77554.5,78851.7,1352.01240956
2026-02-02 16:00:00,78845.1,79292.0,78579.1,78633.0,575.54976888
2026-02-02 17:00:00,78632.9,79214.4,78592.1,78986.1,376.86643354
2026-02-02 18:00:00,78986.1,78986.1,78360.9,78567.1,408.65698369
2026-02-02 19:00:00,78567.1,78695.6,78277.7,78326.7,281.39588668
2026-02-02 20:00:00,78325.9,78664.5,77890.7,78007.6,489.34797916
2026-02-02 21:00:00,78007.6,78577.7,77893.1,78532.9,189.78964107
2026-02-02 22:00:00,78533.2,78853.1,78529.6,78803.0,174.35257611
2026-02-02 23:00:00,78803.0,78972.4,78562.5,78737.9,145.41264614
2026-02-03 00:00:00,78734.1,79111.9,78414.0,79075.1,186.54245448
2026-02-03 01:00:00,79075.1,79196.9,78719.6,79018.1,105.48088781
2026-02-03 02:00:00,79018.1,79018.1,77800.1,77808.1,269.88377286
2026-02-03 03:00:00,77808.1,78904.0,77636.2,78747.2,252.17347807
2026-02-03 04:00:00,78750.0,78999.0,78488.2,78805.5,220.53080062
2026-02-03 05:00:00,78805.5,78808.1,78200.0,78242.1,173.11347805
2026-02-03 06:00:00,78241.1,78670.0,77936.7,78595.0,920.55977693
2026-02-03 07:00:00,78595.0,78918.0,78484.3,78779.8,565.27042528
2026-02-03 08:00:00,78779.8,79079.6,78461.6,78746.4,549.48431176
2026-02-03 09:00:00,78746.4,78840.5,77942.9,78400.0,379.70441117
2026-02-03 10:00:00,78400.1,78563.0,78062.6,78115.1,123.52123016
2026-02-03 11:00:00,78115.1,78344.5,78004.1,78080.0,117.24061374
2026-02-03 12:00:00,78081.0,78415.0,77999.0,78330.0,162.36322194
2026-02-03 13:00:00,78329.9,78463.3,78188.7,78306.0,182.83810279
2026-02-03 14:00:00,78305.1,78432.9,77177.1,77206.1,563.38218002
2026-02-03 15:00:00,77206.1,78210.3,77057.0,78134.1,800.42652144
2026-02-03 16:00:00,78134.1,78140.0,76487.8,76487.9,891.17654046
2026-02-03 17:00:00,76487.9,76532.3,74888.8,74916.2,769.75667178
2026-02-03 18:00:00,74917.3,75308.5,73150.0,73151.6,1979.18748463
2026-02-03 19:00:00,73151.3,75256.7,72917.8,74940.1,1070.41498589
2026-02-03 20:00:00,74940.0,76720.9,74583.4,76470.0,858.5257067
2026-02-03 21:00:00,76470.4,76969.0,76134.4,76240.1,296.00023849
2026-02-03 22:00:00,76240.1,76306.5,75416.6,75716.3,324.76205353
2026-02-03 23:00:00,75716.3,76006.7,75439.4,75778.0,271.65280486
2026-02-04 00:00:00,75778.0,76270.1,75469.3,75922.0,214.34861252
2026-02-04 01:00:00,75922.1,76793.9,75922.1,76437.0,215.01391239
2026-02-04 02:00:00,76437.1,76615.0,75721.1,75970.1,177.77114148
2026-02-04 03:00:00,75970.1,76974.4,75913.1,76707.1,332.506402
2026-02-04 04:00:00,76707.1,76843.7,76431.0,76495.1,209.02731299
2026-02-04 05:00:00,76495.1,76534.6,76110.8,76293.0,303.44776097
2026-02-04 06:00:00,76293.0,76789.9,76264.3,76659.0,188.92772401
2026-02-04 07:00:00,76659.1,76665.8,76344.0,76522.0,577.05002526
2026-02-04 08:00:00,76522.0,76600.0,76066.9,76585.0,311.1593704
2026-02-04 09:00:00,76585.0,76615.1,75970.4,76123.5,454.32267197
2026-02-04 10:00:00,76123.5,76373.6,76067.4,76304.0,178.37673437
2026-02-04 11:00:00,76304.1,76304.1,75675.6,76025.0,289.37644512
2026-02-04 12:00:00,76025.1,76271.4,76009.0,76179.0,204.23515221
2026-02-04 13:00:00,76179.1,76198.0,74869.6,74873.1,507.13621038
2026-02-04 14:00:00,74869.6,75790.0,74251.0,74359.7,742.16842033
2026-02-04 15:00:00,74360.0,75330.4,73801.0,74140.1,1124.52263471
2026-02-04 16:00:00,74142.4,74242.3,73078.8,73642.0,758.8922204
2026-02-04 17:00:00,73642.0,73857.3,72140.0,72584.9,1240.98284087
2026-02-04 18:00:00,72585.0,74140.7,72274.8,73429.5,982.48702157
2026-02-04 19:00:00,73432.0,74036.9,73047.9,73923.1,448.73817741
2026-02-04 20:00:00,73926.0,74156.3,73427.8,73519.1,225.35191219
2026-02-04 21:00:00,73519.0,73656.0,72213.2,72809.0,436.85722453
2026-02-04 22:00:00,72809.0,73692.3,71877.5,72543.2,645.87935718
2026-02-04 23:00:00,72543.1,73518.2,72464.0,73168.1,364.10349712
2026-02-05 00:00:00,73166.0,73332.9,72757.7,72867.2,228.43306156
2026-02-05 01:00:00,72870.4,73333.0,71955.5,72413.9,528.55419298
2026-02-05 02:00:00,72413.9,72843.6,71313.2,71457.1,1128.6148357
2026-02-05 03:00:00,71461.1,71883.8,71150.4,71226.0,670.80535137
2026-02-05 04:00:00,71226.1,71442.8,70703.0,70883.0,1031.96155362
2026-02-05 05:00:00,70883.1,71159.6,70146.0,70733.5,1175.86046552
2026-02-05 06:00:00,70733.6,70985.0,70403.8,70951.2,518.01298241
2026-02-05 07:00:00,70951.1,71629.4,70641.0,70755.1,877.81338311
2026-02-05 08:00:00,70755.8,71565.1,70687.7,71054.6,636.240212
2026-02-05 09:00:00,71054.6,71974.9,71037.3,71559.5,422.3354098
2026-02-05 10:00:00,71560.0,71730.0,70658.0,70858.0,316.95804792
2026-02-05 11:00:00,70858.1,71055.1,69900.0,70324.1,1400.21749487
2026-02-05 12:00:00,70327.1,70603.0,69146.9,69570.9,1466.5403969
2026-02-05 13:00:00,69570.9,69834.6,69261.0,69693.0,799.48282031
2026-02-05 14:00:00,69693.1,70874.0,69300.0,69401.1,1139.93460673
2026-02-05 15:00:00,69400.1,69624.4,66700.3,67482.9,4251.34584516
2026-02-05 16:00:00,67488.0,68688.0,66937.1,68311.1,1645.32648857
2026-02-05 17:00:00,68310.1,68385.5,66156.0,66189.4,1927.40109464
2026-02-05 18:00:00,66186.0,66554.3,65361.1,66352.9,1862.5813504
2026-02-05 19:00:00,66348.1,66630.0,65191.5,65264.9,995.08258415
2026-02-05 20:00:00,65266.5,65704.1,62277.0,63781.1,5009.21411191
2026-02-05 21:00:00,63774.9,64787.5,62887.3,63226.7,2095.30877405
2026-02-05 22:00:00,63226.6,64606.5,62501.2,63911.4,2028.86683513
2026-02-05 23:00:00,63911.4,64916.5,62730.1,62913.2,1510.62407038
2026-02-06 00:00:00,62913.1,63853.2,60000.0,63502.0,6768.36021219
2026-02-06 01:00:00,63502.1,65777.7,63502.1,65715.2,2214.79286087
2026-02-06 02:00:00,65715.2,66000.0,64209.1,64993.5,1223.09268524
2026-02-06 03:00:00,64994.0,65163.0,63775.0,64175.3,739.8862096
2026-02-06 04:00:00,64175.3,65000.0,63962.0,64903.4,577.40760824
2026-02-06 05:00:00,64902.4,66818.7,64805.5,66399.9,914.5515379
2026-02-06 06:00:00,66400.9,66788.1,64846.9,64982.3,1151.62159505
2026-02-06 07:00:00,64977.7,65556.2,64646.9,64851.4,2153.1736311
2026-02-06 08:00:00,64851.4,65200.0,64472.1,64893.6,1470.94018054
2026-02-06 09:00:00,64896.5,66160.9,64761.0,65792.7,841.36495848
2026-02-06 10:00:00,65799.4,66228.5,65526.2,65958.4,510.74401506
2026-02-06 11:00:00,65958.3,66767.2,65769.2,66623.3,874.45415743
2026-02-06 12:00:00,66623.2,66625.4,66111.0,66560.9,572.02034394
2026-02-06 13:00:00,66560.9,67688.0,66470.4,67318.0,1030.0830883
2026-02-06 14:00:00,67320.4,68635.0,66634.9,68197.1,1776.79357175
2026-02-06 15:00:00,68198.3,69190.9,67770.3,68629.0,1342.73539406
2026-02-06 16:00:00,68629.0,70229.5,68424.3,69947.8,1410.70810385
2026-02-06 17:00:00,69947.8,71500.0,69565.9,70756.7,1490.43095633
2026-02-06 18:00:00,70756.7,70819.3,69341.8,69772.4,1003.28411688
2026-02-06 19:00:00,69774.0,70947.9,69667.0,70731.0,735.06210713
2026-02-06 20:00:00,70730.1,70993.5,70000.0,70000.7,751.03612942
2026-02-06 21:00:00,70000.7,70527.3,69835.5,70358.1,486.71919789
2026-02-06 22:00:00,70362.6,71573.0,70280.0,71346.2,465.18969833
2026-02-06 23:00:00,71346.2,71745.8,70508.8,70571.8,460.90534756
2026-02-07 00:00:00,70569.6,70599.0,69709.8,69955.0,771.01134187
2026-02-07 01:00:00,69954.9,70676.7,69742.2,70475.5,314.60504343
2026-02-07 02:00:00,70472.8,70618.7,70150.3,70361.0,189.43507927
2026-02-07 03:00:00,70357.1,70920.1,70273.4,70920.0,326.37022769
2026-02-07 04:00:00,70920.0,71690.0,70600.1,70756.0,555.96426014
2026-02-07 05:00:00,70756.0,71186.4,69955.1,70161.6,729.79501904
2026-02-07 06:00:00,70157.0,70316.0,68757.5,68773.8,922.22552669
2026-02-07 07:00:00,68773.8,69089.6,67350.0,68096.9,2354.48782682
2026-02-07 08:00:00,68098.1,68800.0,67777.7,68506.9,830.74854271
2026-02-07 09:00:00,68506.1,68777.3,67902.0,68153.0,492.94575797
2026-02-07 10:00:00,68150.7,68314.3,67611.7,67999.8,537.18057443
2026-02-07 11:00:00,67999.7,68164.9,67706.1,67984.8,281.04145233
2026-02-07 12:00:00,67984.8,70000.9,67915.3,69028.8,1174.27320807
2026-02-07 13:00:00,69029.6,69365.6,68822.2,69099.4,326.20307117
2026-02-07 14:00:00,69100.0,69195.5,68361.5,68650.0,356.82888223
2026-02-07 15:00:00,68650.0,69782.4,68558.4,69159.9,502.76509097
2026-02-07 16:00:00,69159.9,69888.0,68825.1,68964.6,1594.72332727
2026-02-07 17:00:00,68964.7,69415.0,68548.7,69188.9,228.19203737
2026-02-07 18:00:00,69183.1,69699.1,69012.2,69514.6,151.63187081
2026-02-07 19:00:00,69513.7,69582.1,69270.5,69371.9,268.98441423
2026-02-07 20:00:00,69371.8,69733.3,69256.1,69630.3,85.142702
2026-02-07 21:00:00,69630.3,69703.5,69360.0,69506.4,207.33954509
2026-02-07 22:00:00,69506.4,69700.0,69324.5,69405.9,133.00638653
2026-02-07 23:00:00,69406.0,69456.9,68782.0,69296.3,289.16785325
2026-02-08 00:00:00,69296.1,69436.2,68888.9,69134.1,140.18200581
2026-02-08 01:00:00,69134.1,69500.0,69085.0,69385.3,158.17001487
2026-02-08 02:00:00,69385.4,69707.9,69165.9,69371.0,265.0832673
2026-02-08 03:00:00,69373.6,69444.2,69066.3,69101.1,209.92351033
2026-02-08 04:00:00,69101.1,69370.3,68971.0,69345.7,159.66146446
2026-02-08 05:00:00,69345.6,69420.0,69149.6,69222.8,193.69239203
2026-02-08 06:00:00,69223.3,69419.7,69088.1,69359.5,207.69019894
2026-02-08 07:00:00,69360.1,69709.3,69219.0,69701.9,284.76846675
2026-02-08 08:00:00,69701.9,70837.5,69507.9,70659.7,651.56586696
2026-02-08 09:00:00,70659.7,70710.6,70097.6,70102.6,269.12625094
2026-02-08 10:00:00,70109.6,70454.0,69888.8,70269.5,341.1942791
2026-02-08 11:00:00,70270.0,71213.5,70216.6,70988.0,493.979856
2026-02-08 12:00:00,70989.0,71278.7,70700.0,71242.3,347.99814804
2026-02-08 13:00:00,71242.3,71513.0,70968.5,71513.0,327.7647298
2026-02-08 14:00:00,71513.0,71553.0,71090.4,71255.7,315.01354033
2026-02-08 15:00:00,71255.8,71450.0,70779.1,71181.5,357.48244959
2026-02-08 16:00:00,71181.5,71253.0,70255.1,70422.7,336.41181286
2026-02-08 17:00:00,70418.8,70888.3,70408.2,70793.0,174.66944686
2026-02-08 18:00:00,70793.0,71419.7,70750.1,71148.1,231.38012693
2026-02-08 19:00:00,71145.0,71525.4,71145.0,71421.2,118.90218347
2026-02-08 20:00:00,71423.0,71429.9,70708.3,70846.1,130.80835793
2026-02-08 21:00:00,70846.2,71136.5,70550.6,70705.9,125.08924913
2026-02-08 22:00:00,70705.2,71103.6,70660.7,71073.7,102.1068274
2026-02-08 23:00:00,71062.4,72288.0,70000.0,70334.0,1110.4397664
2026-02-09 00:00:00,70332.8,70784.1,70114.0,70500.0,272.41711563
2026-02-09 01:00:00,70499.9,70922.7,70062.8,70367.0,309.30983014
2026-02-09 02:00:00,70367.0,71000.6,70212.3,70630.0,250.72966162
2026-02-09 03:00:00,70630.0,71444.9,70610.3,71305.4,355.46031192
2026-02-09 04:00:00,71305.4,71363.1,70916.3,70996.8,221.36161176
2026-02-09 05:00:00,70996.8,71111.0,70800.0,71052.2,203.41042154
2026-02-09 06:00:00,71052.3,71052.3,70317.4,70665.8,271.95935394
2026-02-09 07:00:00,70665.2,70890.0,70352.9,70423.9,442.83156586
2026-02-09 08:00:00,70423.9,70610.4,69400.0,69871.1,637.03438257
2026-02-09 09:00:00,69871.1,70124.8,69479.0,69628.9,329.51189639
2026-02-09 10:00:00,69628.9,69728.2,68428.5,68739.5,587.96339962
2026-02-09 11:00:00,68739.5,69026.5,68586.7,68935.0,320.09494729
2026-02-09 12:00:00,68935.1,69250.0,68865.8,69145.9,249.94134465
2026-02-09 13:00:00,69145.9,69300.0,68601.0,68601.0,223.65153786
2026-02-09 14:00:00,68601.0,69756.7,68309.4,69269.2,641.85864934
2026-02-09 15:00:00,69271.0,69868.8,68801.8,69567.1,541.37258984
2026-02-09 16:00:00,69564.1,70419.7,69100.0,70089.1,452.85539964
2026-02-09 17:00:00,70089.1,70993.7,69875.9,70615.5,511.0600181
2026-02-09 18:00:00,70617.0,71020.0,70092.0,70417.1,188.54783674
2026-02-09 19:00:00,70417.1,71069.6,70259.9,70962.5,195.32639395
2026-02-09 20:00:00,70959.0,71125.5,70500.0,70744.6,263.95474699
2026-02-09 21:00:00,70744.7,70811.0,69815.9,70411.2,233.38323287
2026-02-09 22:00:00,70413.6,70733.2,70274.1,70379.4,241.1342684
2026-02-09 23:00:00,70379.1,70587.0,70080.2,70136.4,95.17770244
2026-02-10 00:00:00,70141.0,70258.3,69747.6,69825.0,173.19639702
2026-02-10 01:00:00,69825.0,70533.2,69825.0,70491.2,179.91320758
2026-02-10 02:00:00,70491.9,70491.9,69994.8,70109.8,175.64729658
2026-02-10 03:00:00,70112.8,70174.7,69202.7,69515.7,277.28473874
2026-02-10 04:00:00,69515.6,69907.9,69481.0,69837.1,153.61193174
2026-02-10 05:00:00,69837.0,69869.5,69211.9,69455.0,169.86645222
2026-02-10 06:00:00,69455.1,69499.9,68680.6,68919.4,456.1801713
2026-02-10 07:00:00,68919.0,69219.8,68848.7,68924.0,421.21007058
2026-02-10 08:00:00,68923.9,69222.7,68727.2,69135.0,382.92528118
2026-02-10 09:00:00,69135.0,69422.2,68950.2,69153.6,278.2796405
2026-02-10 10:00:00,69153.7,69260.0,68920.4,68920.4,98.83037481
2026-02-10 11:00:00,68920.4,69091.6,68466.0,68530.9,295.58950294
2026-02-10 12:00:00,68530.2,68852.9,68433.3,68613.3,159.53629256
2026-02-10 13:00:00,68613.3,69139.9,68357.1,69030.1,215.94002912
2026-02-10 14:00:00,69030.2,69588.5,67911.6,68458.7,1015.130878
2026-02-10 15:00:00,68458.7,69512.1,68282.5,69288.1,647.10132976
2026-02-10 16:00:00,69288.2,69800.0,68939.3,69510.6,332.36939812
2026-02-10 17:00:00,69505.9,69990.0,69313.0,69921.0,241.38925121
2026-02-10 18:00:00,69921.0,69949.1,68619.2,68907.3,242.440935
2026-02-10 19:00:00,68906.6,69311.9,68704.1,69068.8,165.89195781
2026-02-10 20:00:00,69068.8,69143.0,68636.4,68761.3,162.1593501
2026-02-10 21:00:00,68755.1,69012.2,68363.7,68659.0,276.22045633
2026-02-10 22:00:00,68660.0,68872.4,68566.3,68707.2,117.21925955
2026-02-10 23:00:00,68707.1,68866.1,68509.7,68841.3,122.8362819
2026-02-11 00:00:00,68841.3,69244.4,68784.1,69193.2,175.45562794
2026-02-11 01:00:00,69193.0,69291.6,68909.1,68978.7,132.76724337
2026-02-11 02:00:00,68984.1,69165.0,68608.0,68679.0,215.53873558
2026-02-11 03:00:00,68679.0,68754.0,68000.1,68187.9,264.65462886
2026-02-11 04:00:00,68187.7,68326.1,67365.7,67592.0,561.84222858
2026-02-11 05:00:00,67594.9,67819.3,67400.1,67406.9,299.18321674
2026-02-11 06:00:00,67406.9,67496.7,66560.0,66823.8,771.84281783
2026-02-11 07:00:00,66818.7,67264.0,66654.6,67039.5,560.19579672
2026-02-11 08:00:00,67039.6,67125.0,66802.0,66991.2,222.58675215
2026-02-11 09:00:00,66991.2,67121.6,66727.9,66877.6,197.18461452
2026-02-11 10:00:00,66877.6,66895.4,66380.1,66539.8,308.26815634
2026-02-11 11:00:00,66539.9,67122.9,66516.1,67067.9,217.52296455
2026-02-11 12:00:00,67067.6,67435.8,66968.8,67143.8,305.29815568
2026-02-11 13:00:00,67143.9,67674.8,66813.1,67454.9,634.73869333
2026-02-11 14:00:00,67454.9,68832.4,66444.6,66587.7,1519.22781889
2026-02-11 15:00:00,66587.7,66816.7,65759.1,66522.0,1099.88970763
2026-02-11 16:00:00,66518.5,67254.9,65957.4,66039.1,562.77642384
2026-02-11 17:00:00,66039.0,66916.6,65877.6,66522.1,361.96824813
2026-02-11 18:00:00,66522.1,67307.2,66153.9,67276.7,362.28685363
2026-02-11 19:00:00,67276.7,67854.8,67115.4,67588.1,321.2051588
2026-02-11 20:00:00,67588.0,67755.7,67184.4,67554.4,228.24327441
2026-02-11 21:00:00,67555.6,68360.7,67420.1,67809.9,404.40251383
2026-02-11 22:00:00,67808.1,67874.9,67383.4,67431.3,140.25571476
2026-02-11 23:00:00,67433.3,67558.6,66789.1,67081.7,320.07028998
2026-02-12 00:00:00,67085.8,67700.0,67051.6,67461.7,318.6164679
2026-02-12 01:00:00,67461.7,68047.3,67461.7,67695.0,314.31745841
2026-02-12 02:00:00,67691.1,67796.9,67415.1,67435.9,158.82015642
2026-02-12 03:00:00,67436.0,67596.0,67311.6,67588.0,109.75794536
2026-02-12 04:00:00,67588.1,67682.3,67002.0,67021.0,244.84020672
2026-02-12 05:00:00,67021.1,67210.4,66653.9,67139.0,345.51591047
2026-02-12 06:00:00,67139.7,67383.3,67011.1,67120.0,272.11435549
2026-02-12 07:00:00,67124.5,67330.0,66935.0,67212.2,347.59402677
2026-02-12 08:00:00,67212.3,67333.3,66894.1,67137.4,247.42671316
2026-02-12 09:00:00,67139.6,67699.8,67049.5,67554.3,360.5713651
2026-02-12 10:00:00,67554.3,68063.1,67409.6,68011.3,305.28815756
2026-02-12 11:00:00,68013.0,68296.0,67742.2,68078.5,515.07286032
2026-02-12 12:00:00,68077.6,68162.8,67719.1,67857.9,234.0695787
2026-02-12 13:00:00,67858.0,68400.0,67680.0,68383.3,307.35906414
2026-02-12 14:00:00,68377.0,68421.6,67479.0,67578.7,540.33976073
2026-02-12 15:00:00,67578.7,67999.9,67005.0,67131.0,642.92831115
2026-02-12 16:00:00,67133.0,67235.2,65556.0,65858.6,1349.32715272
2026-02-12 17:00:00,65858.2,66266.0,65355.0,65410.1,488.98721675
2026-02-12 18:00:00,65414.6,65792.9,65120.1,65594.9,422.67881878
2026-02-12 19:00:00,65595.0,66135.4,65275.0,65793.9,297.59032163
2026-02-12 20:00:00,65794.0,66035.7,65220.1,65425.6,227.49937792
2026-02-12 21:00:00,65427.4,65897.3,65427.4,65845.7,127.05414651
2026-02-12 22:00:00,65845.6,66423.6,65645.6,66288.0,143.47356507
2026-02-12 23:00:00,66289.2,66488.0,66165.0,66281.4,157.67439696
2026-02-13 00:00:00,66277.2,66524.9,65871.9,65914.0,206.69164725
2026-02-13 01:00:00,65913.0,66619.9,65913.0,66451.9,204.71069242
2026-02-13 02:00:00,66452.0,66766.0,66384.9,66663.5,132.48694632
2026-02-13 03:00:00,66663.7,66800.0,66458.4,66557.1,207.01002173
2026-02-13 04:00:00,66556.9,66677.8,66313.0,66334.9,124.29583846
2026-02-13 05:00:00,66335.0,66508.4,66184.8,66184.8,232.55205324
2026-02-13 06:00:00,66185.0,66406.1,66009.8,66370.1,199.00791769
2026-02-13 07:00:00,66370.1,66580.4,66051.1,66215.7,534.09850074
2026-02-13 08:00:00,66215.8,66750.0,66195.7,66698.9,700.76303588
2026-02-13 09:00:00,66698.9,67063.1,66611.9,66964.0,548.29020579
2026-02-13 10:00:00,66964.1,67117.4,66804.1,66981.0,212.12246787
2026-02-13 11:00:00,66981.0,67231.8,66791.8,67177.0,199.02471527
2026-02-13 12:00:00,67175.9,67213.5,66928.1,67082.1,170.82577343
2026-02-13 13:00:00,67082.1,67623.0,66941.0,67273.4,395.89712889
2026-02-13 14:00:00,67273.4,68015.6,66866.6,67744.7,877.04780404
2026-02-13 15:00:00,67746.4,69310.0,67699.6,68704.0,1495.05283934
2026-02-13 16:00:00,68698.6,69486.5,68536.5,68955.3,634.91007118
2026-02-13 17:00:00,68958.0,69242.1,68631.0,69041.0,342.45393649
2026-02-13 18:00:00,69041.0,69399.7,68902.1,69127.6,245.84208612
2026-02-13 19:00:00,69127.6,69232.0,68915.4,68939.9,183.86981059
2026-02-13 20:00:00,68939.7,68972.0,68686.3,68785.6,144.02564617
2026-02-13 21:00:00,68773.8,69078.0,68730.1,68904.3,112.17725948
2026-02-13 22:00:00,68904.3,69004.5,68735.6,68998.9,177.06846817
2026-02-13 23:00:00,68999.0,69010.9,68813.2,68850.0,144.91618665
2026-02-14 00:00:00,68850.9,69136.5,68766.7,69099.7,173.27689001
2026-02-14 01:00:00,69089.7,69109.5,68921.0,68963.3,151.24381943
2026-02-14 02:00:00,68963.2,69009.3,68844.1,68875.9,192.13192919
2026-02-14 03:00:00,68875.9,69018.5,68842.2,68976.8,122.11256859
2026-02-14 04:00:00,68976.8,68990.0,68790.0,68790.1,60.02076045
2026-02-14 05:00:00,68790.1,68906.0,68759.0,68774.5,92.60109
2026-02-14 06:00:00,68774.5,68937.3,68730.0,68937.2,158.55450242
2026-02-14 07:00:00,68937.3,69333.3,68880.3,69208.7,481.40900593
2026-02-14 08:00:00,69208.6,69876.0,69203.8,69745.1,392.51344599
2026-02-14 09:00:00,69748.0,69902.0,69565.3,69712.0,132.37171654
2026-02-14 10:00:00,69712.1,69712.1,69578.4,69670.1,85.18032398
2026-02-14 11:00:00,69670.2,70576.8,69670.2,70511.0,566.91604038
2026-02-14 12:00:00,70503.1,70533.6,69612.9,69637.4,485.07575148
2026-02-14 13:00:00,69637.5,69774.1,69200.0,69473.5,466.98187628
2026-02-14 14:00:00,69471.0,69866.5,69333.1,69709.9,297.50781296
2026-02-14 15:00:00,69710.4,70050.0,69568.6,69793.3,175.36194947
2026-02-14 16:00:00,69793.3,69821.8,69295.0,69762.7,147.14230932
2026-02-14 17:00:00,69762.8,69931.6,69616.3,69740.5,79.80564217
2026-02-14 18:00:00,69740.6,69863.4,69676.5,69774.8,73.60689244
2026-02-14 19:00:00,69774.9,69912.4,69616.4,69872.6,47.90661144
2026-02-14 20:00:00,69872.7,70030.3,69741.2,70025.1,95.72517015
2026-02-14 21:00:00,70025.1,70250.0,69643.1,69930.9,200.22413365
2026-02-14 22:00:00,69929.3,70103.6,69785.5,69967.6,103.92054816
2026-02-14 23:00:00,69965.0,70029.1,69724.0,69821.7,68.37376803
2026-02-15 00:00:00,69821.8,69870.9,69604.1,69781.8,69.74941286
2026-02-15 01:00:00,69779.8,69902.8,69330.7,69712.9,119.46613707
2026-02-15 02:00:00,69712.9,69749.8,69351.6,69482.7,74.0498522
2026-02-15 03:00:00,69482.1,69989.9,69253.7,69950.1,261.78789867
2026-02-15 04:00:00,69952.0,70521.2,69921.2,70185.0,419.22434524
2026-02-15 05:00:00,70184.9,70466.6,70103.8,70267.6,195.26761052
2026-02-15 06:00:00,70267.1,70527.8,70186.0,70399.7,112.6929162
2026-02-15 07:00:00,70399.8,70919.5,70301.1,70823.1,432.49605031
2026-02-15 08:00:00,70823.1,70969.2,70169.4,70436.9,328.66697727
2026-02-15 09:00:00,70436.9,70663.3,70365.3,70418.1,142.56427681
2026-02-15 10:00:00,70418.0,70518.9,70205.2,70425.9,104.53796188
2026-02-15 11:00:00,70425.9,70541.6,70269.2,70294.0,75.04122531
2026-02-15 12:00:00,70294.0,70417.5,69307.7,69312.0,287.86625911
2026-02-15 13:00:00,69311.9,69620.0,68776.6,68934.1,498.60990757
2026-02-15 14:00:00,68934.1,69216.7,68839.9,69171.2,215.07947852
2026-02-15 15:00:00,69171.1,69259.2,68888.0,69094.9,157.87676559
2026-02-15 16:00:00,69096.0,69103.5,68793.1,69013.2,197.93351323
2026-02-15 17:00:00,69013.2,69089.0,68207.4,68637.5,444.63839029
2026-02-15 18:00:00,68637.5,68789.6,68352.0,68449.5,372.85477554
2026-02-15 19:00:00,68449.5,68558.3,68060.0,68294.8,293.51723104
2026-02-15 20:00:00,68294.8,68556.9,68129.8,68450.2,118.28220962
2026-02-15 21:00:00,68450.9,68972.7,68450.8,68851.2,124.31196562
2026-02-15 22:00:00,68851.2,69083.3,68800.3,68995.4,92.22666652
2026-02-15 23:00:00,68996.4,68996.4,68333.4,68837.9,192.77379393
2026-02-16 00:00:00,68838.0,69073.1,68708.3,68847.6,108.04900369
2026-02-16 01:00:00,68847.7,69047.1,68449.9,68634.6,80.06057586
2026-02-16 02:00:00,68634.6,68733.4,68250.0,68329.0,147.96540527
2026-02-16 03:00:00,68329.8,68466.0,68153.9,68426.4,146.06670099
2026-02-16 04:00:00,68426.5,68889.8,68418.0,68872.9,135.0421532
2026-02-16 05:00:00,68870.9,68897.7,68292.7,68387.0,114.54360758
2026-02-16 06:00:00,68387.1,68535.0,68235.2,68451.8,68.49989187
2026-02-16 07:00:00,68451.8,68666.6,68380.1,68592.5,196.00995076
2026-02-16 08:00:00,68592.5,68798.0,68547.1,68765.8,69.53493191
2026-02-16 09:00:00,68765.8,69060.9,68750.2,68994.5,172.45894492
2026-02-16 10:00:00,68994.4,68994.4,68700.0,68797.4,153.53298004
2026-02-16 11:00:00,68797.4,68920.3,68344.1,68813.3,140.74497606
2026-02-16 12:00:00,68813.3,69843.7,68811.0,69761.7,325.06427249
2026-02-16 13:00:00,69761.8,70118.0,68230.0,68396.6,769.52300877
2026-02-16 14:00:00,68395.1,68720.0,68270.0,68427.7,224.44836313
2026-02-16 15:00:00,68426.8,68607.6,67288.0,67538.9,988.95578609
2026-02-16 16:00:00,67541.8,67972.9,67510.6,67892.9,254.36240522
2026-02-16 17:00:00,67892.8,68071.7,67600.1,67948.4,152.76797449
2026-02-16 18:00:00,67948.5,68241.0,67831.5,67861.8,187.47851309
2026-02-16 19:00:00,67862.9,68132.5,67826.0,67915.2,105.89952339
2026-02-16 20:00:00,67915.2,68550.0,67830.3,68531.0,226.76423747
2026-02-16 21:00:00,68531.1,68935.1,68386.8,68864.8,140.44364694
2026-02-16 22:00:00,68863.1,68892.4,68508.8,68592.0,109.38985449
2026-02-16 23:00:00,68592.0,68984.0,68537.1,68895.1,84.30580464
2026-02-17 00:00:00,68895.1,69053.6,68701.2,68884.8,115.989275
2026-02-17 01:00:00,68884.9,68999.8,68565.2,68614.6,170.42899769
2026-02-17 02:00:00,68613.3,69249.1,68387.5,68836.1,164.82474536
2026-02-17 03:00:00,68835.9,68862.3,68469.8,68476.1,126.92199575
2026-02-17 04:00:00,68476.1,68711.1,68291.6,68486.2,109.05420879
2026-02-17 05:00:00,68486.2,68512.1,67901.2,68241.9,210.91915948
2026-02-17 06:00:00,68242.0,68512.1,68241.9,68400.6,76.08726238
2026-02-17 07:00:00,68400.0,68489.2,68166.4,68383.6,139.6719638
2026-02-17 08:00:00,68387.0,68480.0,68128.0,68178.3,94.57555536
2026-02-17 09:00:00,68178.2,68307.0,67995.1,68125.5,226.0062288
2026-02-17 10:00:00,68125.5,68192.8,67706.8,67847.9,170.25216054
2026-02-17 11:00:00,67847.9,67942.0,67691.0,67855.0,120.72983346
2026-02-17 12:00:00,67855.1,68302.0,67835.1,67920.7,211.30920205
2026-02-17 13:00:00,67920.8,68368.1,67750.0,68142.5,231.45175662
2026-02-17 14:00:00,68140.7,68345.0,66738.0,66879.0,624.74409255
2026-02-17 15:00:00,66879.0,67414.8,66622.8,67398.0,496.72037024
2026-02-17 16:00:00,67397.5,68149.8,67326.5,67520.0,490.41493289
2026-02-17 17:00:00,67520.0,67708.3,66869.0,67241.2,280.49406846
2026-02-17 18:00:00,67241.2,68227.4,67129.8,68094.0,264.76108135
2026-02-17 19:00:00,68093.8,68239.9,67736.9,67800.8,146.06201716
2026-02-17 20:00:00,67800.1,67942.0,67493.5,67754.4,133.54016264
2026-02-17 21:00:00,67754.4,67934.1,67540.1,67679.9,60.66664632
2026-02-17 22:00:00,67680.0,67793.5,67516.2,67531.9,73.12906297
2026-02-17 23:00:00,67531.1,67619.2,67392.3,67509.0,69.02626422
2026-02-18 00:00:00,67509.0,67629.0,67293.7,67297.9,48.47349336
2026-02-18 01:00:00,67297.9,67373.4,66869.3,67163.4,200.04988133
2026-02-18 02:00:00,67163.4,67421.6,67152.2,67335.0,119.49838362
2026-02-18 03:00:00,67335.0,67708.5,67326.1,67623.6,98.87155902
2026-02-18 04:00:00,67623.6,67902.4,67497.0,67823.0,151.16564459
2026-02-18 05:00:00,67823.0,67931.0,67600.0,67643.9,154.27595039
2026-02-18 06:00:00,67643.0,67972.9,67608.7,67843.9,123.6372066
2026-02-18 07:00:00,67844.0,68221.4,67691.0,68113.1,202.54434375
2026-02-18 08:00:00,68113.1,68470.9,68066.7,68128.5,285.45977113
2026-02-18 09:00:00,68128.8,68278.8,68007.8,68156.0,53.78982399
2026-02-18 10:00:00,68156.1,68183.6,67735.6,67800.3,103.99044559
2026-02-18 11:00:00,67800.3,67808.4,67083.3,67372.7,319.43350187
2026-02-18 12:00:00,67372.8,67690.6,67337.3,67465.0,134.09355853
2026-02-18 13:00:00,67467.7,67600.8,67058.8,67241.0,180.72607034
2026-02-18 14:00:00,67241.0,67366.9,66718.8,67229.3,504.67298188
2026-02-18 15:00:00,67224.0,68344.6,67194.3,67695.9,523.02693674
2026-02-18 16:00:00,67696.0,67711.3,67000.0,67143.3,387.12389533
2026-02-18 17:00:00,67143.3,67484.9,67058.8,67189.0,141.82372991
2026-02-18 18:00:00,67189.1,67227.9,66200.0,66370.3,563.85461233
2026-02-18 19:00:00,66369.1,66616.7,65876.1,66181.3,484.83141694
2026-02-18 20:00:00,66181.4,66550.0,66143.3,66275.6,200.51919248
2026-02-18 21:00:00,66275.6,66505.1,66078.2,66340.1,179.6472237
2026-02-18 22:00:00,66340.1,66482.0,66240.0,66423.4,101.59691193
2026-02-18 23:00:00,66425.4,66511.0,66284.5,66466.6,120.11259398
2026-02-19 00:00:00,66465.4,66601.3,66346.1,66450.0,91.67001738
2026-02-19 01:00:00,66450.0,66873.2,66443.1,66865.7,183.36274301
2026-02-19 02:00:00,66865.7,66963.2,66642.0,66841.6,168.28608217
2026-02-19 03:00:00,66841.6,66995.3,66723.8,66980.0,78.62114435
2026-02-19 04:00:00,66980.0,67072.0,66762.0,66809.7,126.6349514
2026-02-19 05:00:00,66809.8,66896.0,66690.0,66879.9,139.26626978
2026-02-19 06:00:00,66878.3,67299.7,66868.1,67154.0,255.25374765
2026-02-19 07:00:00,67154.0,67326.4,67032.0,67214.1,224.20682319
2026-02-19 08:00:00,67214.0,67214.0,66802.1,66970.2,184.30557251
2026-02-19 09:00:00,66971.4,67192.0,66764.7,66842.9,254.79875275
2026-02-19 10:00:00,66843.0,66966.6,66750.0,66848.7,100.52905547
2026-02-19 11:00:00,66848.7,66942.1,66480.1,66507.5,159.27856372
2026-02-19 12:00:00,66507.6,66683.4,66333.4,66527.0,232.27606584
2026-02-19 13:00:00,66527.1,66566.0,65768.6,65920.0,627.90155919
2026-02-19 14:00:00,65920.1,66679.0,65641.2,66428.7,655.86676194
2026-02-19 15:00:00,66428.7,66752.8,65975.5,66408.5,402.72357755
2026-02-19 16:00:00,66407.1,66519.2,65898.5,66300.0,302.37451046
2026-02-19 17:00:00,66300.0,67071.7,66184.7,66372.2,333.16705182
2026-02-19 18:00:00,66372.2,67078.3,66250.0,67034.9,253.56797429
2026-02-19 19:00:00,67035.2,67201.0,66705.6,67056.9,194.31565809
2026-02-19 20:00:00,67054.2,67173.5,66834.2,67149.5,110.87200304
2026-02-19 21:00:00,67146.4,67168.8,66904.7,66927.6,74.78360632
2026-02-19 22:00:00,66926.4,66999.0,66656.2,66919.3,127.41499254
2026-02-19 23:00:00,66917.1,67024.4,66823.2,67003.2,67.62501115
2026-02-20 00:00:00,67002.3,67484.0,66947.8,67230.3,324.21906088
2026-02-20 01:00:00,67233.0,67361.5,67154.0,67282.1,76.48484729
2026-02-20 02:00:00,67282.9,67348.3,67173.9,67242.6,86.38146435
2026-02-20 03:00:00,67242.6,67485.7,67242.5,67360.9,161.18528925
2026-02-20 04:00:00,67361.0,67390.0,67116.1,67262.2,168.77562152
2026-02-20 05:00:00,67262.3,68015.9,67202.5,67787.1,450.50173316
2026-02-20 06:00:00,67787.1,67898.6,67666.6,67839.7,144.08246827
2026-02-20 07:00:00,67839.8,67996.7,67762.9,67823.3,207.43278572
2026-02-20 08:00:00,67823.2,67956.5,67750.2,67883.3,89.46610573
2026-02-20 09:00:00,67883.2,68254.3,67883.2,68212.8,381.92166541
2026-02-20 10:00:00,68212.8,68333.3,67851.1,67945.7,255.75125804
2026-02-20 11:00:00,67945.9,67985.8,67289.7,67327.8,370.53397188
2026-02-20 12:00:00,67327.9,67599.1,67276.1,67543.8,169.6400916
2026-02-20 13:00:00,67543.9,67543.9,66458.3,66815.9,680.1855026
2026-02-20 14:00:00,66816.0,67327.9,66666.6,67076.8,388.66805438
2026-02-20 15:00:00,67076.9,68096.4,66556.7,67579.2,1171.29161906
2026-02-20 16:00:00,67579.3,67915.0,67292.4,67794.9,349.98370808
2026-02-20 17:00:00,67795.0,67795.0,66963.1,67614.6,995.7221353
2026-02-20 18:00:00,67614.6,68000.0,67461.6,67929.9,233.69925411
2026-02-20 19:00:00,67930.0,68000.0,67548.1,67644.5,140.95620461
2026-02-20 20:00:00,67645.0,67831.4,67521.0,67750.1,76.99866836
2026-02-20 21:00:00,67750.0,67840.6,67633.0,67824.0,60.31868886
2026-02-20 22:00:00,67823.9,68116.2,67638.2,68083.3,236.14254009
2026-02-20 23:00:00,68080.0,68239.5,67921.9,68014.0,168.96582322
2026-02-21 00:00:00,68014.1,68052.0,67782.0,67837.7,130.70805764
2026-02-21 01:00:00,67837.7,68007.8,67835.0,67953.0,57.96995874
2026-02-21 02:00:00,67953.0,68098.1,67906.8,68003.5,61.52519521
2026-02-21 03:00:00,68003.6,68003.6,67540.0,67673.8,221.51046373
2026-02-21 04:00:00,67673.9,67845.6,67592.0,67822.0,77.97073243
2026-02-21 05:00:00,67822.1,67889.3,67801.4,67860.5,88.45358309
2026-02-21 06:00:00,67860.5,67930.0,67763.1,67796.0,83.48662908
2026-02-21 07:00:00,67796.1,67887.9,67750.1,67858.9,26.1037385
2026-02-21 08:00:00,67858.9,68081.0,67812.1,68053.0,107.81087898
2026-02-21 09:00:00,68053.0,68315.3,67978.0,68141.4,171.79713765
2026-02-21 10:00:00,68141.3,68244.2,68140.8,68215.9,77.67920042
2026-02-21 11:00:00,68215.9,68281.2,68077.2,68092.9,256.66841802
2026-02-21 12:00:00,68092.9,68221.0,67918.1,68209.1,134.28607891
2026-02-21 13:00:00,68209.1,68266.2,68099.8,68257.4,71.87255832
2026-02-21 14:00:00,68257.3,68633.0,68177.0,68446.0,311.23497335
2026-02-21 15:00:00,68446.1,68706.9,68425.0,68615.0,189.83754391
2026-02-21 16:00:00,68617.1,68634.7,68105.3,68332.9,244.81812734
2026-02-21 17:00:00,68333.0,68479.9,68197.1,68444.8,85.83572845
2026-02-21 18:00:00,68444.8,68650.0,68382.0,68577.2,105.22463624
2026-02-21 19:00:00,68580.5,68666.8,68530.8,68554.3,110.4805603
2026-02-21 20:00:00,68554.3,68610.0,68200.1,68222.1,269.68594467
2026-02-21 21:00:00,68222.1,68400.0,68190.0,68392.9,91.17213245
2026-02-21 22:00:00,68393.0,68437.0,67895.6,67975.1,248.33969698
2026-02-21 23:00:00,67972.1,68124.9,67948.7,67977.1,167.92342114
2026-02-22 00:00:00,67977.2,68066.0,67810.0,67947.9,139.29635695
2026-02-22 01:00:00,67948.0,68185.7,67944.0,68163.9,78.86774505
2026-02-22 02:00:00,68163.9,68227.5,67879.0,67914.9,135.89970242
2026-02-22 03:00:00,67914.8,68062.5,67834.9,68047.8,143.50827295
2026-02-22 04:00:00,68047.8,68091.0,67972.8,67985.1,35.9812007
2026-02-22 05:00:00,67985.1,68015.7,67877.9,67984.2,39.60932341
2026-02-22 06:00:00,67984.3,68198.8,67974.0,68045.0,94.89800911
2026-02-22 07:00:00,68045.1,68103.8,67991.8,68008.4,56.49028951
2026-02-22 08:00:00,68008.3,68024.0,67907.7,67958.0,105.12149513
2026-02-22 09:00:00,67958.0,68100.0,67957.2,68061.2,98.15066577
2026-02-22 10:00:00,68061.1,68155.9,68013.3,68132.1,78.22658617
2026-02-22 11:00:00,68132.1,68246.4,68132.0,68217.0,90.47512222
2026-02-22 12:00:00,68217.0,68234.0,67878.0,67933.0,126.78803316
2026-02-22 13:00:00,67933.0,68046.0,67568.1,67653.9,329.06396758
2026-02-22 14:00:00,67653.9,67688.2,67350.6,67445.1,386.76814669
2026-02-22 15:00:00,67445.1,67817.5,67305.7,67691.3,280.69786036
2026-02-22 16:00:00,67691.3,67726.5,67510.4,67631.0,136.78744028
2026-02-22 17:00:00,67631.0,67635.0,67187.8,67382.7,217.2324777
2026-02-22 18:00:00,67378.0,67461.3,67313.0,67420.0,67.4566878
2026-02-22 19:00:00,67416.1,67484.9,67400.0,67425.1,30.07932304
2026-02-22 20:00:00,67425.1,67490.9,67344.5,67397.9,68.47938138
2026-02-22 21:00:00,67397.9,67632.0,67397.9,67606.1,59.66672321
2026-02-22 22:00:00,67606.1,67746.6,67468.9,67666.8,91.70362108
2026-02-22 23:00:00,67666.9,67724.8,67464.4,67637.0,117.19818112
2026-02-23 00:00:00,67637.1,67686.1,66711.2,66735.0,330.57698292
2026-02-23 01:00:00,66735.0,66735.0,64280.0,64429.5,3032.87662606
2026-02-23 02:00:00,64429.6,64933.3,64319.4,64785.9,653.41604325
2026-02-23 03:00:00,64785.9,65084.2,64703.0,64935.1,362.08322805
2026-02-23 04:00:00,64935.1,65029.7,64680.0,64812.2,263.52487538
2026-02-23 05:00:00,64812.2,65222.9,64802.8,65066.6,345.56044536
2026-02-23 06:00:00,65066.6,65803.9,65028.0,65758.2,483.01371308
2026-02-23 07:00:00,65758.3,66018.8,65650.0,65961.0,561.90629497
2026-02-23 08:00:00,65960.0,65961.0,65574.2,65676.8,357.17994927
2026-02-23 09:00:00,65676.0,66457.0,65675.9,66410.4,487.41282877
2026-02-23 10:00:00,66410.4,66600.0,66218.7,66322.9,193.44823514
2026-02-23 11:00:00,66323.0,66489.5,66113.8,66211.5,269.53182149
2026-02-23 12:00:00,66211.6,66521.4,65890.0,66277.8,553.04891708
2026-02-23 13:00:00,66277.9,66430.0,66106.0,66132.9,196.40227749
2026-02-23 14:00:00,66133.0,66270.0,65515.1,65924.4,591.69025332
2026-02-23 15:00:00,65924.5,66245.0,65580.0,65660.0,351.21692609
2026-02-23 16:00:00,65658.1,65728.7,65173.1,65364.8,467.3617652
2026-02-23 17:00:00,65365.2,65448.1,64160.0,64807.6,836.44224308
2026-02-23 18:00:00,64807.7,65181.7,64584.6,64627.8,549.71046405
2026-02-23 19:00:00,64627.8,64851.3,64072.7,64290.1,517.86957232
2026-02-23 20:00:00,64290.1,64483.6,63888.0,64476.0,545.56858613
2026-02-23 21:00:00,64475.7,64786.7,64456.7,64584.7,327.28312387
2026-02-23 22:00:00,64584.7,65016.0,64555.5,64727.9,254.05474507
2026-02-23 23:00:00,64727.9,64901.9,64526.8,64658.1,146.19757523
2026-02-24 00:00:00,64658.1,65007.9,64658.0,64943.6,192.08490747
2026-02-24 01:00:00,64943.5,64943.5,63428.5,64160.1,1185.69281133
2026-02-24 02:00:00,64161.3,64504.2,64000.1,64110.1,225.60267251
2026-02-24 03:00:00,64110.0,64110.0,63337.7,63593.4,552.56977325
2026-02-24 04:00:00,63593.5,63632.0,62870.0,63381.1,991.14446541
2026-02-24 05:00:00,63381.1,63551.7,62709.0,63104.0,515.14672124
2026-02-24 06:00:00,63104.1,63322.9,62894.8,63081.2,350.60063804
2026-02-24 07:00:00,63081.2,63364.0,62920.0,63201.0,463.9856203
2026-02-24 08:00:00,63201.0,63437.2,63011.0,63389.1,284.80762646
2026-02-24 09:00:00,63389.1,63411.5,62927.2,63249.9,339.60098482
2026-02-24 10:00:00,63249.9,63365.0,63109.0,63282.0,181.53033509
2026-02-24 11:00:00,63282.1,63318.9,63064.3,63226.0,160.39971492
2026-02-24 12:00:00,63226.1,63350.0,62968.0,62971.0,296.64931192
2026-02-24 13:00:00,62971.0,63100.0,62500.2,62906.0,528.16938065
2026-02-24 14:00:00,62906.1,63839.4,62769.2,63454.0,644.63076795
2026-02-24 15:00:00,63454.1,64026.2,63300.0,63972.4,424.61219312
2026-02-24 16:00:00,63972.4,64422.9,63700.0,64267.5,543.21123266
2026-02-24 17:00:00,64267.6,64521.9,64042.6,64218.2,370.45137857
2026-02-24 18:00:00,64218.1,64500.0,63924.0,64425.6,240.24387665
2026-02-24 19:00:00,64423.1,64738.0,64241.1,64431.1,198.25528575
2026-02-24 20:00:00,64431.1,64584.5,64313.7,64468.7,135.47618787
2026-02-24 21:00:00,64463.0,64463.0,63828.5,64039.1,237.45088608
2026-02-24 22:00:00,64039.1,64224.2,63967.6,64119.9,96.00253349
2026-02-24 23:00:00,64120.0,64245.9,63847.1,64057.6,113.50027783
2026-02-25 00:00:00,64060.0,64313.7,63910.1,64218.2,110.90199212
2026-02-25 01:00:00,64218.3,66311.5,64145.5,65896.9,1545.82340402
2026-02-25 02:00:00,65896.8,66312.5,65866.0,65880.1,521.02347596
2026-02-25 03:00:00,65880.1,65953.1,65353.9,65397.8,466.19958717
2026-02-25 04:00:00,65397.8,65658.4,65123.0,65465.4,362.34659924
2026-02-25 05:00:00,65466.0,65519.6,64757.2,64882.7,491.5377394
2026-02-25 06:00:00,64882.8,65124.9,64866.5,64896.0,172.48479911
2026-02-25 07:00:00,64896.1,65190.0,64778.1,65027.0,483.7700966
2026-02-25 08:00:00,65026.9,65585.0,64962.3,65527.0,323.41407871
2026-02-25 09:00:00,65526.9,65694.6,65406.1,65554.1,307.32582935
2026-02-25 10:00:00,65554.1,65653.1,65340.1,65392.3,172.99532082
2026-02-25 11:00:00,65392.3,65483.0,65191.5,65426.0,348.80904527
2026-02-25 12:00:00,65425.9,66239.9,65320.0,66070.9,536.12164417
2026-02-25 13:00:00,66071.0,66666.0,66014.5,66235.9,584.54461673
2026-02-25 14:00:00,66236.0,67021.3,66205.0,66966.0,947.22383485
2026-02-25 15:00:00,66963.0,67571.2,66714.0,67403.1,952.65106278
2026-02-25 16:00:00,67403.0,68328.3,67386.3,68292.0,814.79995463
2026-02-25 17:00:00,68293.9,68882.3,68025.0,68668.7,1101.13139452
2026-02-25 18:00:00,68668.7,69545.4,68380.0,69327.9,969.3912778
2026-02-25 19:00:00,69328.0,69404.6,68767.2,69036.4,391.73893952
2026-02-25 20:00:00,69038.1,69366.0,68621.1,69140.3,394.10665842
2026-02-25 21:00:00,69140.1,69999.9,68763.2,68919.7,865.62808641
2026-02-25 22:00:00,68917.1,69178.9,68059.0,68434.4,338.73566054
2026-02-25 23:00:00,68430.3,68687.9,67600.0,67989.9,342.7693507
2026-02-26 00:00:00,67990.0,68534.8,67735.0,68340.0,329.79966887
2026-02-26 01:00:00,68339.1,68706.1,68208.4,68251.2,258.87102287
2026-02-26 02:00:00,68251.3,68360.6,67805.5,68255.6,433.11177873
2026-02-26 03:00:00,68255.7,68380.0,68034.9,68217.0,233.65974091
2026-02-26 04:00:00,68217.1,68854.8,68183.3,68570.0,250.10080394
2026-02-26 05:00:00,68570.0,68570.4,68130.1,68449.5,377.86959004
2026-02-26 06:00:00,68449.5,68524.5,68059.5,68180.3,486.21973267
2026-02-26 07:00:00,68180.4,68288.0,67816.4,67827.3,435.48947405
2026-02-26 08:00:00,67827.2,68245.0,67800.0,67952.0,989.42038264
2026-02-26 09:00:00,67952.0,68639.5,67929.6,68580.9,548.00335943
2026-02-26 10:00:00,68580.9,68714.2,68253.0,68300.1,210.54209329
2026-02-26 11:00:00,68300.1,68395.3,67984.0,68042.5,142.50728074
2026-02-26 12:00:00,68042.5,68299.9,68005.8,68170.8,188.5958878
2026-02-26 13:00:00,68170.8,68211.6,67845.2,67905.1,281.60305594
2026-02-26 14:00:00,67905.0,68271.6,67260.2,67695.5,766.56648526
2026-02-26 15:00:00,67693.4,67739.8,66766.4,67379.8,936.10475901
2026-02-26 16:00:00,67379.8,67560.1,66500.0,66639.9,626.84506868
2026-02-26 17:00:00,66639.8,67048.8,66595.7,66830.4,351.68330921
2026-02-26 18:00:00,66830.3,67379.0,66577.4,67307.1,349.50869881
2026-02-26 19:00:00,67307.1,67927.8,67284.5,67587.6,493.01512235
2026-02-26 20:00:00,67587.6,67820.5,67292.4,67415.6,313.2355209
2026-02-26 21:00:00,67418.1,67574.5,67148.7,67463.7,166.02965481
2026-02-26 22:00:00,67463.8,67620.3,67328.2,67570.8,150.21119167
2026-02-26 23:00:00,67570.8,67653.1,67400.0,67482.3,114.79504995
2026-02-27 00:00:00,67482.3,67533.0,66996.0,67223.3,304.32426715
2026-02-27 01:00:00,67223.3,67377.0,66883.5,67349.7,717.2291532
2026-02-27 02:00:00,67349.7,67531.5,67261.7,67261.8,350.01054228
2026-02-27 03:00:00,67261.8,67704.4,67095.9,67596.3,304.02789971
2026-02-27 04:00:00,67596.3,68221.0,67570.5,67739.9,579.14608711
2026-02-27 05:00:00,67739.9,67913.1,67670.0,67716.5,375.38035759
2026-02-27 06:00:00,67716.5,67818.8,67521.2,67651.8,256.48263383
2026-02-27 07:00:00,67651.8,67768.5,67463.5,67681.2,501.8530397
2026-02-27 08:00:00,67681.1,68075.5,67658.1,67917.2,460.09399749
2026-02-27 09:00:00,67917.2,68139.5,67291.8,67359.8,856.25515721
2026-02-27 10:00:00,67359.8,67416.0,66574.5,66613.8,776.9047978
2026-02-27 11:00:00,66613.9,66777.1,65959.0,66125.9,649.79633401
2026-02-27 12:00:00,66125.9,66211.6,65750.0,65932.2,465.36772587
2026-02-27 13:00:00,65932.2,66344.0,65667.6,66279.0,626.2685471
2026-02-27 14:00:00,66279.1,66324.7,65692.2,65894.2,465.59822302
2026-02-27 15:00:00,65892.5,66310.0,65850.0,66100.8,344.21138029
2026-02-27 16:00:00,66100.7,66125.7,65459.9,65475.0,432.86462044
2026-02-27 17:00:00,65474.5,65749.0,65118.0,65708.8,589.49072953
2026-02-27 18:00:00,65708.8,65786.9,65227.5,65318.3,190.11035764
2026-02-27 19:00:00,65318.3,65461.5,65172.4,65397.1,123.4587993
2026-02-27 20:00:00,65397.1,65666.6,65394.5,65597.6,129.11378282
2026-02-27 21:00:00,65597.7,65747.1,65401.6,65529.4,97.47116896
2026-02-27 22:00:00,65529.5,65670.5,64924.0,65650.9,260.44620722
2026-02-27 23:00:00,65650.0,65950.0,65557.5,65873.2,125.91167109
2026-02-28 00:00:00,65873.2,66016.0,65719.4,65942.6,166.8039448
2026-02-28 01:00:00,65942.5,65973.0,65745.9,65781.1,77.4353285
2026-02-28 02:00:00,65781.2,66011.5,65765.5,65960.5,56.79029204
2026-02-28 03:00:00,65960.5,65975.6,65748.7,65794.5,74.80722994
2026-02-28 04:00:00,65794.5,65817.9,65486.7,65663.5,98.66850968
2026-02-28 05:00:00,65663.5,65722.0,65499.9,65588.4,135.46313305
2026-02-28 06:00:00,65588.1,65588.5,63020.1,63219.7,1738.22193212
2026-02-28 07:00:00,63219.7,64333.2,63038.4,63833.6,2116.44660942
2026-02-28 08:00:00,63831.7,63885.0,63411.7,63478.3,547.97424965
2026-02-28 09:00:00,63478.4,63943.9,63365.1,63652.6,371.9953268
2026-02-28 10:00:00,63652.5,64049.8,63469.7,64004.4,488.19275645
2026-02-28 11:00:00,64004.4,64300.0,63792.5,63844.9,334.44490421
2026-02-28 12:00:00,63845.6,64077.0,63829.5,64017.1,209.49218548
2026-02-28 13:00:00,64017.2,65214.2,63904.9,65110.0,831.4872531
2026-02-28 14:00:00,65110.1,65373.6,64268.2,64440.0,698.33658761
2026-02-28 15:00:00,64440.5,65017.8,64200.3,64837.1,262.40793693
2026-02-28 16:00:00,64837.0,65199.9,64677.9,65093.9,159.118809
2026-02-28 17:00:00,65094.0,65576.3,64817.1,65442.2,271.47463163
2026-02-28 18:00:00,65442.1,66200.0,65178.9,65906.5,337.6846835
2026-02-28 19:00:00,65905.5,66679.4,65598.2,66358.7,532.3191693
2026-02-28 20:00:00,66354.0,67150.0,66185.0,66950.4,423.26858378
2026-02-28 21:00:00,66955.7,67030.9,66367.6,66722.9,389.60983441
2026-02-28 22:00:00,66723.0,67758.9,66617.2,67116.8,427.56326581
2026-02-28 23:00:00,67113.2,67211.5,66734.2,66969.0,301.88181409
2026-03-01 00:00:00,66969.1,67122.1,66619.2,66789.7,323.23376357
2026-03-01 01:00:00,66789.1,67704.9,66057.1,67343.4,710.46355729
2026-03-01 02:00:00,67343.5,68194.4,67331.9,67613.1,842.61320643
2026-03-01 03:00:00,67612.6,67809.5,67395.4,67504.1,351.30743121
2026-03-01 04:00:00,67504.1,67611.9,67042.0,67342.9,309.9593911
2026-03-01 05:00:00,67344.0,67565.9,67202.2,67295.1,222.75420345
2026-03-01 06:00:00,67295.2,67343.5,66774.7,66923.7,412.5873625
2026-03-01 07:00:00,66923.6,67240.8,66779.9,67139.4,386.84771794
2026-03-01 08:00:00,67139.4,67299.9,66460.2,66559.6,553.09410005
2026-03-01 09:00:00,66563.4,66774.6,66247.1,66410.1,376.92820618
2026-03-01 10:00:00,66410.1,66730.4,66205.5,66467.4,188.86787026
2026-03-01 11:00:00,66467.4,66662.6,66376.0,66468.5,95.99516448
2026-03-01 12:00:00,66468.5,66560.1,66248.4,66296.1,128.88122425
2026-03-01 13:00:00,66296.2,67363.7,66130.8,66948.1,497.4581132
2026-03-01 14:00:00,66948.1,67315.5,66755.6,66854.5,375.23625692
2026-03-01 15:00:00,66853.0,67246.5,66819.3,66841.6,364.2901296
2026-03-01 16:00:00,66844.4,67111.5,65821.3,66139.8,709.79485467
2026-03-01 17:00:00,66139.9,66224.2,65717.4,65983.0,405.68572947
2026-03-01 18:00:00,65984.0,66656.8,65984.0,66318.5,415.50421005
2026-03-01 19:00:00,66318.6,66354.4,65768.8,65960.1,236.35815639
2026-03-01 20:00:00,65960.0,65962.2,65078.9,65290.4,451.17599052
2026-03-01 21:00:00,65289.9,65759.9,65281.2,65669.7,257.84182023
2026-03-01 22:00:00,65669.6,66495.0,65051.5,65262.8,741.7548644
2026-03-01 23:00:00,65262.9,66079.0,65116.2,65770.6,265.97848829
2026-03-02 00:00:00,65771.2,66800.0,65757.5,66511.1,490.1496322
2026-03-02 01:00:00,66515.3,67083.5,66358.1,66533.8,402.35774377
2026-03-02 02:00:00,66533.9,66621.9,65877.1,66283.6,296.45722419
2026-03-02 03:00:00,66283.6,67038.8,66114.3,66819.9,220.09515622
2026-03-02 04:00:00,66820.0,66974.8,66636.4,66856.8,183.23131808
2026-03-02 05:00:00,66857.1,66997.0,66558.9,66731.4,176.98761028
2026-03-02 06:00:00,66732.5,66739.5,66062.5,66212.4,207.64078395
2026-03-02 07:00:00,66206.2,66212.8,65541.0,66018.6,378.75071249
2026-03-02 08:00:00,66018.7,66307.9,65654.2,66280.6,298.14332985
2026-03-02 09:00:00,66291.5,66724.1,66171.4,66171.4,311.03225953
2026-03-02 10:00:00,66171.5,66392.6,66085.7,66320.0,117.57005501
2026-03-02 11:00:00,66320.0,66478.3,66014.0,66371.9,275.5249673
2026-03-02 12:00:00,66371.9,66399.0,65911.2,65969.1,182.47115804
2026-03-02 13:00:00,65969.2,66151.9,65363.6,65449.1,526.85689823
2026-03-02 14:00:00,65449.1,67221.2,65276.0,67169.4,1092.50701975
2026-03-02 15:00:00,67166.5,69603.8,66973.0,69117.1,2014.66019617
2026-03-02 16:00:00,69117.2,70100.0,68923.7,69433.1,1206.79256436
2026-03-02 17:00:00,69433.0,69574.3,68763.9,69192.8,399.05439158
2026-03-02 18:00:00,69192.8,69270.2,68724.0,68878.4,363.76915793
2026-03-02 19:00:00,68878.5,69043.2,68558.7,68959.9,476.4178367
2026-03-02 20:00:00,68958.5,69499.0,68553.1,69097.2,419.1617739
2026-03-02 21:00:00,69099.9,69532.7,68994.7,69404.2,200.98806228
2026-03-02 22:00:00,69404.2,69499.3,69134.6,69439.0,138.30231069
2026-03-02 23:00:00,69439.4,69482.4,68740.0,68832.3,432.27989141
2026-03-03 00:00:00,68832.2,69161.2,68643.1,69082.0,200.1901827
2026-03-03 01:00:00,69085.0,69250.0,68750.0,68753.9,171.70170184
2026-03-03 02:00:00,68754.0,68778.5,68218.9,68509.9,450.72890863
2026-03-03 03:00:00,68509.9,68548.5,68228.6,68374.6,247.09870106
2026-03-03 04:00:00,68375.0,68450.5,68050.0,68123.1,172.07215683
2026-03-03 05:00:00,68123.1,68569.2,67850.0,67948.1,327.50459831
2026-03-03 06:00:00,67948.1,68224.3,67788.1,68104.9,336.1249716
2026-03-03 07:00:00,68105.0,68275.0,67940.7,68169.9,1027.2731944
2026-03-03 08:00:00,68169.9,68307.6,66896.6,66999.5,908.59939216
2026-03-03 09:00:00,66999.4,67185.0,66344.7,66647.0,738.11974045
2026-03-03 10:00:00,66647.0,67040.9,66442.3,66859.1,277.43336337
2026-03-03 11:00:00,66859.1,67171.1,66773.7,67031.5,324.29437825
2026-03-03 12:00:00,67031.4,67967.3,67027.5,67389.4,375.80728271
2026-03-03 13:00:00,67389.5,67430.6,66620.9,66927.7,322.17133827
2026-03-03 14:00:00,66927.8,67581.5,66149.5,66567.0,849.57394638
2026-03-03 15:00:00,66572.4,67833.0,66445.2,67724.9,664.90442593
2026-03-03 16:00:00,67722.2,68990.0,67483.6,68162.8,1156.87174645
2026-03-03 17:00:00,68162.9,68400.0,67627.0,68308.0,453.0877512
2026-03-03 18:00:00,68308.0,68917.0,67970.9,68629.1,433.04002937
2026-03-03 19:00:00,68629.1,68881.5,68306.6,68435.3,361.53370895
2026-03-03 20:00:00,68436.8,68592.5,68090.9,68265.9,350.4033262
2026-03-03 21:00:00,68265.9,68268.6,67813.5,68019.5,183.95128133
2026-03-03 22:00:00,68019.5,68519.7,68019.4,68317.6,154.61104788
2026-03-03 23:00:00,68313.9,68860.0,68227.2,68332.0,263.93612984
2026-03-04 00:00:00,68332.0,68414.1,67861.0,68093.3,198.58485748
2026-03-04 01:00:00,68099.3,68897.7,67957.0,68414.2,325.33304588
2026-03-04 02:00:00,68419.4,68456.4,67976.1,68320.0,177.59886274
2026-03-04 03:00:00,68319.5,68382.9,67401.1,67729.1,331.40031353
2026-03-04 04:00:00,67727.1,67954.8,67461.3,67788.4,264.92182944
2026-03-04 05:00:00,67788.5,68373.7,67680.0,68205.4,202.76833524
2026-03-04 06:00:00,68205.5,68684.3,68042.5,68507.6,410.33481955
2026-03-04 07:00:00,68507.7,69653.9,68345.5,69490.9,1349.04237655
2026-03-04 08:00:00,69491.0,71184.8,69137.4,71022.4,1853.32389811
2026-03-04 09:00:00,71012.3,71900.0,70716.1,71516.1,2260.86384931
2026-03-04 10:00:00,71516.2,71880.3,71201.3,71341.4,1064.36256191
2026-03-04 11:00:00,71343.9,71499.1,70931.1,71111.4,639.49111582
2026-03-04 12:00:00,71111.3,71362.0,70594.5,71348.0,517.37271262
2026-03-04 13:00:00,71348.2,71625.0,71211.1,71476.0,363.04201242
2026-03-04 14:00:00,71476.0,72639.6,71304.3,71613.6,1582.03480885
2026-03-04 15:00:00,71613.6,73476.0,71574.8,73391.9,1289.69335554
2026-03-04 16:00:00,73392.0,73500.0,72537.3,73291.5,778.74659272
2026-03-04 17:00:00,73291.5,73750.0,72928.3,73216.8,835.99502283
2026-03-04 18:00:00,73219.9,73712.1,72914.2,73691.1,571.98601066
2026-03-04 19:00:00,73696.3,74096.0,73509.3,73617.9,724.35734656
2026-03-04 20:00:00,73618.4,73719.7,73013.1,73026.3,296.15617892
2026-03-04 21:00:00,73022.9,73322.1,72879.6,73304.9,220.50927247
2026-03-04 22:00:00,73304.9,73517.1,72628.9,72710.0,265.66468502
2026-03-04 23:00:00,72710.0,72893.3,72320.1,72678.3,377.43998147
2026-03-05 00:00:00,72678.4,73003.5,72546.4,72763.6,185.63624789
2026-03-05 01:00:00,72767.1,73298.6,72410.0,72535.5,339.57128924
2026-03-05 02:00:00,72541.6,72898.2,72334.4,72508.3,233.37664168
2026-03-05 03:00:00,72507.9,72756.0,72351.0,72499.9,171.84156026
2026-03-05 04:00:00,72500.0,73106.9,72450.7,72822.1,260.80343588
2026-03-05 05:00:00,72822.1,72923.9,72266.2,72410.9,251.80864782
2026-03-05 06:00:00,72415.0,72662.4,72041.6,72556.0,419.06738171
2026-03-05 07:00:00,72555.9,72666.6,71786.0,72063.0,836.90242717
2026-03-05 08:00:00,72063.0,72375.0,71753.9,72341.9,1256.19757098
2026-03-05 09:00:00,72341.8,72884.5,72305.4,72606.0,908.59033578
2026-03-05 10:00:00,72606.1,73559.7,72526.7,73393.4,565.78524881
2026-03-05 11:00:00,73393.4,73456.2,72788.0,72927.6,303.16925876
2026-03-05 12:00:00,72927.6,73076.7,72673.0,72889.0,320.6835733
2026-03-05 13:00:00,72889.0,72936.6,72196.3,72470.8,381.09770516
2026-03-05 14:00:00,72470.8,72838.6,71947.7,72609.7,596.65645962
2026-03-05 15:00:00,72613.7,72771.7,71156.2,71647.0,1112.39732696
2026-03-05 16:00:00,71648.3,71650.9,70793.1,71312.5,668.44078678
2026-03-05 17:00:00,71309.7,71575.2,70644.5,70707.3,450.6692634
2026-03-05 18:00:00,70703.6,71084.8,70654.9,70996.7,280.32466317
2026-03-05 19:00:00,71001.7,71434.6,70875.1,70917.6,389.87443487
2026-03-05 20:00:00,70917.7,71390.3,70843.7,71245.3,328.12822015
2026-03-05 21:00:00,71241.7,71566.0,71000.1,71128.9,250.55171506
2026-03-05 22:00:00,71128.9,71361.5,71065.4,71215.0,209.43872893
2026-03-05 23:00:00,71213.5,71302.0,70786.2,70884.4,243.35366123
2026-03-06 00:00:00,70886.0,71050.5,70779.1,70986.9,157.06758763
2026-03-06 01:00:00,70988.0,71301.2,70386.4,71253.2,502.97071677
2026-03-06 02:00:00,71257.3,71419.3,71034.1,71242.9,229.81130629
2026-03-06 03:00:00,71242.9,71294.3,71000.0,71082.1,219.95738913
2026-03-06 04:00:00,71081.1,71119.4,70271.7,70622.6,339.38364706
2026-03-06 05:00:00,70622.6,70666.6,70140.8,70442.5,378.13900189
2026-03-06 06:00:00,70442.5,70852.0,70272.0,70610.0,246.49333922
2026-03-06 07:00:00,70605.4,71182.2,70468.4,71062.7,1490.60847499
2026-03-06 08:00:00,71062.7,71069.0,70730.1,70780.1,769.27043467
2026-03-06 09:00:00,70780.2,70813.0,70301.0,70566.1,413.33008503
2026-03-06 10:00:00,70566.1,70800.0,70469.6,70540.6,161.64563431
2026-03-06 11:00:00,70540.7,70638.4,70193.8,70214.3,295.92899809
2026-03-06 12:00:00,70211.8,70227.5,69666.6,69924.6,589.22758321
2026-03-06 13:00:00,69924.6,70346.1,69221.2,69227.9,877.37918622
2026-03-06 14:00:00,69228.0,69269.0,68171.6,68402.3,1300.98000375
2026-03-06 15:00:00,68402.7,69100.0,68300.1,68492.1,685.55591559
2026-03-06 16:00:00,68492.2,68791.6,68222.1,68446.3,723.95217996
2026-03-06 17:00:00,68446.2,68637.4,67745.2,67954.6,488.40074112
2026-03-06 18:00:00,67954.6,68469.4,67945.2,68180.8,249.90729366
2026-03-06 19:00:00,68180.1,68478.6,68003.6,68125.4,286.41221336
2026-03-06 20:00:00,68125.5,68286.8,67777.0,68108.3,255.63508239
2026-03-06 21:00:00,68112.1,68333.1,67924.4,68295.9,259.73032022
2026-03-06 22:00:00,68295.9,68436.8,68230.0,68326.0,112.14340803
2026-03-06 23:00:00,68326.9,68369.9,68100.0,68117.1,104.4253809
2026-03-07 00:00:00,68116.6,68386.7,68111.0,68281.1,100.41556731
2026-03-07 01:00:00,68281.2,68364.0,68179.0,68253.7,81.07057036
2026-03-07 02:00:00,68254.7,68364.0,68058.0,68345.9,80.51702133
2026-03-07 03:00:00,68345.9,68544.8,68100.0,68100.0,132.37967778
2026-03-07 04:00:00,68100.1,68152.0,67815.0,68064.9,264.82572174
2026-03-07 05:00:00,68064.1,68142.8,67906.1,68023.1,102.41515958
2026-03-07 06:00:00,68023.1,68029.9,67588.0,67683.9,513.45786411
2026-03-07 07:00:00,67686.1,67877.5,67433.6,67855.0,924.25383388
2026-03-07 08:00:00,67855.1,68047.9,67726.9,67803.1,159.30098748
2026-03-07 09:00:00,67803.1,68076.7,67742.0,68004.1,93.72411475
2026-03-07 10:00:00,68004.1,68107.0,67872.3,67884.0,120.08450455
2026-03-07 11:00:00,67884.0,68236.1,67844.1,68003.6,498.91451687
2026-03-07 12:00:00,68003.7,68082.0,67894.0,67987.0,101.07512437
2026-03-07 13:00:00,67987.1,68070.4,67850.1,67927.0,126.23335145
2026-03-07 14:00:00,67927.1,68090.3,67619.0,68018.8,195.36653801
2026-03-07 15:00:00,68019.0,68040.2,67779.5,67880.9,84.28303266
2026-03-07 16:00:00,67881.0,67900.6,67708.3,67792.5,72.41154471
2026-03-07 17:00:00,67792.5,67949.3,67768.1,67787.2,46.61501998
2026-03-07 18:00:00,67787.3,67787.3,67496.7,67566.2,140.53203081
2026-03-07 19:00:00,67566.2,67577.6,66919.1,67084.4,320.44720869
2026-03-07 20:00:00,67081.1,67433.7,67070.0,67391.1,87.7388565
2026-03-07 21:00:00,67392.0,67478.0,67273.5,67451.8,60.65206441
2026-03-07 22:00:00,67451.9,67470.0,67086.3,67262.5,109.55221486
2026-03-07 23:00:00,67262.1,67410.8,67188.1,67263.0,42.47993127
2026-03-08 00:00:00,67263.1,67490.0,67181.8,67191.0,60.22100941
2026-03-08 01:00:00,67191.0,67384.2,67095.0,67302.4,66.18605192
2026-03-08 02:00:00,67302.4,67435.2,66840.0,66925.3,241.39732183
2026-03-08 03:00:00,66930.0,67091.9,66850.0,67010.0,160.09981431
2026-03-08 04:00:00,67010.1,67092.0,66543.1,66637.0,206.58735247
2026-03-08 05:00:00,66636.9,67247.6,66612.8,67150.2,81.51525149
2026-03-08 06:00:00,67150.2,67233.9,67041.0,67164.0,297.3397102
2026-03-08 07:00:00,67164.0,67460.0,67154.6,67318.0,235.96509901
2026-03-08 08:00:00,67315.4,67573.0,67154.3,67536.1,146.82715033
2026-03-08 09:00:00,67536.1,67898.7,67469.7,67690.1,195.28771919
2026-03-08 10:00:00,67690.1,68195.4,67690.1,67901.0,560.147043
2026-03-08 11:00:00,67900.3,67900.3,67393.2,67516.0,288.08610573
2026-03-08 12:00:00,67516.0,67659.5,66888.0,67314.2,374.59783193
2026-03-08 13:00:00,67314.2,67429.3,66807.0,67234.1,291.71049809
2026-03-08 14:00:00,67234.1,67428.5,67051.3,67339.1,104.48554969
2026-03-08 15:00:00,67338.0,67369.9,67061.5,67209.0,94.87828428
2026-03-08 16:00:00,67208.1,67261.6,66800.0,66866.3,132.867141
2026-03-08 17:00:00,66866.3,67178.8,66800.1,67051.1,102.15943195
2026-03-08 18:00:00,67051.6,67077.9,66748.1,66811.4,92.44532591
2026-03-08 19:00:00,66811.5,67463.9,66778.0,67333.1,134.80572974
2026-03-08 20:00:00,67333.0,67529.0,67024.0,67224.2,151.21992679
2026-03-08 21:00:00,67225.3,67259.0,66711.1,67013.1,124.44338399
2026-03-08 22:00:00,67014.6,67015.0,65616.3,66239.2,973.38411277
2026-03-08 23:00:00,66239.2,66567.4,65928.1,65973.2,225.03248812
2026-03-09 00:00:00,65973.2,66765.7,65833.3,66369.0,336.88700676
2026-03-09 01:00:00,66369.1,66696.0,66120.6,66193.6,269.49307909
2026-03-09 02:00:00,66193.7,66720.1,65963.7,66538.5,249.88403869
2026-03-09 03:00:00,66538.5,67670.0,66516.1,67204.5,562.33950511
2026-03-09 04:00:00,67204.5,67616.2,67100.5,67131.5,281.07933633
2026-03-09 05:00:00,67136.8,68062.0,67119.1,67913.0,353.47367384
2026-03-09 06:00:00,67913.9,67939.2,67253.7,67270.8,266.67627543
2026-03-09 07:00:00,67270.8,67566.6,66880.0,67554.1,541.01417389
2026-03-09 08:00:00,67554.1,67921.0,67381.0,67811.7,1282.03516492
2026-03-09 09:00:00,67811.8,68452.0,67566.8,67964.9,438.33215289
2026-03-09 10:00:00,67964.4,68096.0,67550.1,67602.1,1830.29582359
2026-03-09 11:00:00,67602.2,67857.1,67324.8,67757.5,253.76608714
2026-03-09 12:00:00,67757.5,68341.0,67751.9,68153.4,317.67942062
2026-03-09 13:00:00,68153.4,69292.4,68131.6,68975.0,895.00663081
2026-03-09 14:00:00,68971.5,69477.4,68669.8,69149.9,691.06545825
2026-03-09 15:00:00,69150.0,69254.8,68725.3,68866.2,486.27819754
2026-03-09 16:00:00,68865.7,69230.0,68636.7,68958.3,302.99625194
2026-03-09 17:00:00,68960.1,69096.0,68261.0,68597.9,370.57214994
2026-03-09 18:00:00,68597.9,68720.4,68234.0,68354.2,170.92690133
2026-03-09 19:00:00,68356.1,69522.0,68356.1,68985.7,630.72081197
2026-03-09 20:00:00,68985.1,69145.6,68759.9,68953.7,244.34304913
2026-03-09 21:00:00,68953.6,69100.0,68656.0,68919.8,141.64266407
2026-03-09 22:00:00,68919.4,69032.8,68593.4,68636.0,248.17235014
2026-03-09 23:00:00,68636.0,68702.1,68373.7,68423.3,107.48415908
2026-03-10 00:00:00,68423.2,69287.9,68389.9,69157.8,300.27596433
2026-03-10 01:00:00,69157.0,69388.8,68787.7,69261.0,236.38698641
2026-03-10 02:00:00,69261.0,70589.6,69105.1,70276.1,1100.71829355
2026-03-10 03:00:00,70276.0,70376.4,69387.1,69430.0,454.92302884
2026-03-10 04:00:00,69430.1,70135.7,69430.1,70071.2,298.28011553
2026-03-10 05:00:00,70072.6,70359.4,69885.8,69968.5,156.44369915
2026-03-10 06:00:00,69968.6,70184.8,69752.0,69912.2,258.052641
2026-03-10 07:00:00,69912.9,70529.2,69822.9,70396.7,706.71392854
2026-03-10 08:00:00,70397.1,71074.7,70373.1,70679.7,559.36140835
2026-03-10 09:00:00,70679.7,71293.0,70642.3,71057.9,370.33728253
2026-03-10 10:00:00,71057.6,71079.0,70670.5,70769.9,292.31551605
2026-03-10 11:00:00,70770.0,70874.2,70539.1,70601.2,211.23214672
2026-03-10 12:00:00,70595.0,70631.0,70294.6,70520.0,204.25371498
2026-03-10 13:00:00,70520.0,70920.8,69715.4,69926.0,534.00910122
2026-03-10 14:00:00,69926.1,71528.6,69277.0,71468.7,849.71892078
2026-03-10 15:00:00,71468.4,71782.3,70902.3,71344.1,645.75549192
2026-03-10 16:00:00,71344.0,71696.7,70933.6,71268.1,515.14540946
2026-03-10 17:00:00,71268.1,71450.0,70510.4,70870.5,333.65989094
2026-03-10 18:00:00,70870.6,70916.0,69895.0,70012.9,624.32120371
2026-03-10 19:00:00,70013.0,70285.0,69720.0,70052.6,230.37345635
2026-03-10 20:00:00,70040.9,70346.1,70000.0,70235.2,124.95536561
2026-03-10 21:00:00,70237.4,70410.0,69520.5,69757.9,230.44183799
2026-03-10 22:00:00,69757.9,69864.0,69454.5,69703.0,202.30245244
2026-03-10 23:00:00,69703.0,69969.9,69690.0,69950.0,127.95847743
2026-03-11 00:00:00,69950.0,70166.0,69756.3,70035.1,173.24598579
2026-03-11 01:00:00,70035.1,70147.9,69881.0,70067.9,154.43690002
2026-03-11 02:00:00,70067.9,70119.9,69615.0,69817.0,175.92728897
2026-03-11 03:00:00,69817.0,69897.8,69491.7,69550.5,133.43306088
2026-03-11 04:00:00,69552.8,70278.3,69500.1,70131.1,245.82958455
2026-03-11 05:00:00,70131.1,70204.0,69416.0,69511.1,272.14453523
2026-03-11 06:00:00,69511.0,69999.9,69504.1,69950.5,206.76396847
2026-03-11 07:00:00,69950.6,70031.0,69506.6,69657.1,194.95263276
2026-03-11 08:00:00,69658.0,69795.1,69500.0,69649.0,314.68152582
2026-03-11 09:00:00,69649.0,69757.1,69370.3,69470.2,185.71229839
2026-03-11 10:00:00,69470.3,69722.0,69392.6,69604.8,114.17251015
2026-03-11 11:00:00,69608.9,69679.6,69157.9,69175.9,173.98185964
2026-03-11 12:00:00,69175.1,69779.6,68977.4,69357.1,478.0490632
2026-03-11 13:00:00,69357.9,71086.2,69330.8,70176.8,878.01477609
2026-03-11 14:00:00,70176.8,70983.6,69963.8,70574.2,533.06633196
2026-03-11 15:00:00,70574.2,70655.7,69678.0,70235.8,391.31331296
2026-03-11 16:00:00,70235.8,70836.3,70164.9,70576.5,340.50690515
2026-03-11 17:00:00,70576.6,71320.0,70500.1,70789.3,568.17161291
2026-03-11 18:00:00,70786.5,70900.1,70403.7,70625.4,287.21794792
2026-03-11 19:00:00,70625.4,70740.7,70379.1,70647.0,104.79696981
2026-03-11 20:00:00,70646.9,70716.2,70384.7,70632.9,165.36600406
2026-03-11 21:00:00,70633.0,70779.8,70482.5,70735.7,137.48450904
2026-03-11 22:00:00,70735.8,70956.0,70237.0,70369.3,160.01721289
2026-03-11 23:00:00,70369.4,70510.6,70110.0,70194.8,117.82910891
2026-03-12 00:00:00,70194.8,70355.0,70128.5,70223.3,123.56610024
2026-03-12 01:00:00,70222.5,70231.0,69755.0,69839.1,221.09911161
2026-03-12 02:00:00,69839.8,69879.0,69217.0,69280.1,405.96455179
2026-03-12 03:00:00,69280.1,69625.0,69234.5,69445.3,133.8914168
2026-03-12 04:00:00,69441.9,69669.9,69293.0,69363.8,124.84981434
2026-03-12 05:00:00,69363.8,69544.0,69210.7,69478.9,352.81289552
2026-03-12 06:00:00,69479.0,69572.7,69362.5,69501.5,98.27971603
2026-03-12 07:00:00,69502.9,69850.0,69412.9,69828.9,231.5958685
2026-03-12 08:00:00,69829.2,70120.1,69708.2,69907.8,300.96150437
2026-03-12 09:00:00,69907.8,70395.6,69578.1,69948.6,320.32977729
2026-03-12 10:00:00,69948.7,70510.0,69862.9,70413.7,277.47796558
2026-03-12 11:00:00,70413.8,70800.0,70366.0,70424.0,249.90826021
2026-03-12 12:00:00,70422.6,70615.3,70277.7,70387.3,177.41695233
2026-03-12 13:00:00,70387.2,70529.0,69686.6,69971.4,652.52978993
2026-03-12 14:00:00,69971.5,70666.1,69353.3,69592.6,575.68521559
2026-03-12 15:00:00,69590.9,70560.0,69467.7,70327.0,731.0412169
2026-03-12 16:00:00,70327.1,70571.4,69913.8,70379.0,317.18400691
2026-03-12 17:00:00,70379.0,70549.8,70080.5,70213.0,157.21727083
2026-03-12 18:00:00,70212.9,70308.4,69809.6,69824.9,91.14193811
2026-03-12 19:00:00,69825.0,70557.4,69777.4,70434.8,151.61210201
2026-03-12 20:00:00,70434.9,70559.9,70116.2,70164.7,84.13706986
2026-03-12 21:00:00,70164.8,70481.2,70164.8,70284.4,93.55242495
2026-03-12 22:00:00,70284.2,70317.9,70024.0,70178.2,54.86931663
2026-03-12 23:00:00,70178.2,70737.5,70165.4,70525.0,239.1813613
2026-03-13 00:00:00,70525.1,72000.0,70389.0,71477.4,899.48187546
2026-03-13 01:00:00,71477.5,71750.0,71278.9,71667.5,202.88907689
2026-03-13 02:00:00,71667.6,71699.0,71050.0,71143.0,207.85277495
2026-03-13 03:00:00,71143.1,71514.9,70961.8,71403.1,190.72499703
2026-03-13 04:00:00,71403.1,71499.7,71228.9,71387.6,76.20660096
2026-03-13 05:00:00,71387.7,71631.5,71240.0,71550.7,121.45587692
2026-03-13 06:00:00,71550.7,71592.1,71182.6,71346.0,117.57177443
2026-03-13 07:00:00,71345.9,71680.3,71234.0,71613.1,505.47692454
2026-03-13 08:00:00,71613.1,72173.5,71384.0,71827.4,409.94030436
2026-03-13 09:00:00,71827.3,72104.9,71591.9,72009.1,311.71730664
2026-03-13 10:00:00,72009.1,72578.7,71998.1,72458.8,475.04432085
2026-03-13 11:00:00,72460.9,72529.0,72206.1,72228.0,192.93391583
2026-03-13 12:00:00,72228.0,72884.9,72209.6,72775.4,429.02289788
2026-03-13 13:00:00,72775.5,73582.0,72679.4,73374.7,944.44261458
2026-03-13 14:00:00,73374.8,73893.0,72364.2,72389.0,1066.64955642
2026-03-13 15:00:00,72389.0,72833.3,71732.3,71832.0,798.96258113
2026-03-13 16:00:00,71832.0,72099.6,71153.8,71879.2,832.99743147
2026-03-13 17:00:00,71879.1,72241.7,70898.4,71033.2,501.95818227
2026-03-13 18:00:00,71033.2,71349.0,70827.6,71048.1,391.72092611
2026-03-13 19:00:00,71048.1,71307.6,71000.0,71174.5,176.10099267
2026-03-13 20:00:00,71175.0,71460.2,71140.9,71344.3,115.46776485
2026-03-13 21:00:00,71344.4,71485.6,71055.7,71097.2,88.89339441
2026-03-13 22:00:00,71097.2,71187.7,70558.1,70821.0,261.54749883
2026-03-13 23:00:00,70820.9,71009.4,70704.4,70931.1,169.50082513
2026-03-14 00:00:00,70931.0,70954.9,70560.0,70635.8,154.86575982
2026-03-14 01:00:00,70635.9,70907.0,70476.8,70830.1,228.30630581
2026-03-14 02:00:00,70830.1,70901.0,70739.0,70780.2,72.09974787
2026-03-14 03:00:00,70780.2,71174.0,70780.2,71081.0,162.61854672
2026-03-14 04:00:00,71081.1,71305.2,71022.0,71043.2,132.57172669
2026-03-14 05:00:00,71043.3,71152.9,70911.2,71016.3,84.54332941
2026-03-14 06:00:00,71016.3,71016.3,70320.0,70632.7,308.92566109
2026-03-14 07:00:00,70633.6,70745.8,70480.6,70598.7,406.01207192
2026-03-14 08:00:00,70598.7,70722.1,70534.0,70583.1,356.55729688
2026-03-14 09:00:00,70583.2,70727.2,70393.1,70513.1,131.00033649
2026-03-14 10:00:00,70513.1,70581.8,70387.7,70571.6,86.31910355
2026-03-14 11:00:00,70571.6,70787.5,70557.8,70743.8,58.11554541
2026-03-14 12:00:00,70743.8,70839.8,70613.7,70769.2,89.98587932
2026-03-14 13:00:00,70769.2,70930.1,70716.0,70859.9,92.60029488
2026-03-14 14:00:00,70860.0,70947.4,70574.4,70598.7,100.30421955
2026-03-14 15:00:00,70598.8,70731.8,70492.2,70579.1,72.92836858
2026-03-14 16:00:00,70579.2,70707.8,70473.5,70668.1,61.74671234
2026-03-14 17:00:00,70668.2,70730.1,70580.5,70617.3,45.19551811
2026-03-14 18:00:00,70617.3,70714.8,70553.1,70665.8,41.34764791
2026-03-14 19:00:00,70665.8,70739.9,70593.4,70699.0,23.43644235
2026-03-14 20:00:00,70699.0,70856.7,70643.3,70803.8,41.98659058
2026-03-14 21:00:00,70803.8,70826.0,70646.8,70799.9,65.43697938
2026-03-14 22:00:00,70800.2,70817.2,70701.3,70714.1,74.55488902
2026-03-14 23:00:00,70715.0,71250.0,70715.0,71213.5,114.07079156
2026-03-15 00:00:00,71213.5,71219.1,70964.0,70985.3,176.11049963
2026-03-15 01:00:00,70985.2,71045.9,70857.0,71000.1,41.12422842
2026-03-15 02:00:00,71000.1,71630.0,71000.1,71450.1,191.62706782
2026-03-15 03:00:00,71450.1,71529.0,71230.0,71350.9,163.5536133
2026-03-15 04:00:00,71351.0,71660.0,71321.7,71582.5,123.46107472
2026-03-15 05:00:00,71584.0,71790.7,71466.0,71492.3,138.52418858
2026-03-15 06:00:00,71490.1,71600.1,71366.5,71453.6,95.89166265
2026-03-15 07:00:00,71453.7,71657.1,71403.6,71456.7,151.01028459
2026-03-15 08:00:00,71457.0,71718.0,71457.0,71717.9,115.16165689
2026-03-15 09:00:00,71717.9,71933.3,71704.7,71780.3,178.59482349
2026-03-15 10:00:00,71780.3,71914.8,71717.0,71780.1,57.65711127
2026-03-15 11:00:00,71780.1,71890.0,71666.6,71844.0,87.64975721
2026-03-15 12:00:00,71844.0,71844.1,71566.7,71612.9,53.06969501
2026-03-15 13:00:00,71613.0,71684.5,71259.2,71604.9,265.76937642
2026-03-15 14:00:00,71605.0,71689.5,71331.5,71624.3,134.16431394
2026-03-15 15:00:00,71624.3,71631.4,71412.0,71478.1,90.19574014
2026-03-15 16:00:00,71478.1,71589.9,71300.0,71433.0,115.20598415
2026-03-15 17:00:00,71432.9,71999.0,71408.9,71819.0,134.82215068
2026-03-15 18:00:00,71818.1,71888.8,71320.0,71387.3,139.53992002
2026-03-15 19:00:00,71387.3,71578.0,71339.3,71557.1,124.43359381
2026-03-15 20:00:00,71557.1,71930.0,71436.7,71729.1,88.55934592
2026-03-15 21:00:00,71729.1,72222.0,71588.7,72113.6,167.81182067
2026-03-15 22:00:00,72113.5,73073.6,71722.0,72747.1,508.51085766
2026-03-15 23:00:00,72748.0,73195.9,72416.8,72806.8,476.40719706
2026-03-16 00:00:00,72806.9,73008.8,72445.2,72530.0,194.23823097
2026-03-16 01:00:00,72530.0,72857.1,72268.3,72759.7,169.143691
2026-03-16 02:00:00,72759.7,72855.7,72345.0,72518.6,133.6759962
2026-03-16 03:00:00,72518.6,74325.2,72439.0,73577.1,1112.36044294
2026-03-16 04:00:00,73577.1,74464.6,73577.1,73839.0,705.43510712
2026-03-16 05:00:00,73837.0,74250.0,73720.0,74203.9,380.11417121
2026-03-16 06:00:00,74204.0,74206.0,73592.2,73720.4,262.55344035
2026-03-16 07:00:00,73720.5,73939.6,73379.3,73449.0,552.5455463
2026-03-16 08:00:00,73449.0,73772.1,72860.2,73138.5,421.97170512
2026-03-16 09:00:00,73142.8,73333.0,73059.0,73263.5,186.31805684
2026-03-16 10:00:00,73263.5,73784.0,73204.8,73783.4,268.32229202
2026-03-16 11:00:00,73783.5,73834.6,73515.3,73552.6,129.1331452
2026-03-16 12:00:00,73552.6,74041.0,73446.4,73863.3,309.26714664
2026-03-16 13:00:00,73863.4,74500.0,73778.1,74111.2,667.63061538
2026-03-16 14:00:00,74111.3,74450.1,73000.0,73565.8,666.89931468
2026-03-16 15:00:00,73565.8,74027.9,73184.4,73269.1,546.20011058
2026-03-16 16:00:00,73269.1,73907.0,73158.0,73758.9,450.61312113
2026-03-16 17:00:00,73759.0,74057.1,73643.1,73948.1,251.30241244
2026-03-16 18:00:00,73948.1,74359.2,73834.4,73913.6,304.89616325
2026-03-16 19:00:00,73913.6,74413.9,73787.9,73967.2,259.7666856
2026-03-16 20:00:00,73962.2,74239.5,73845.0,74228.9,101.63121377
2026-03-16 21:00:00,74229.0,74800.0,74146.1,74397.8,415.39072003
2026-03-16 22:00:00,74397.9,74899.0,74374.8,74761.1,206.44715355
2026-03-16 23:00:00,74762.0,74934.7,74250.0,74883.5,243.62229333
2026-03-17 00:00:00,74883.6,75509.0,74615.5,75311.0,638.99229475
2026-03-17 01:00:00,75318.2,76011.8,75071.5,75619.0,676.49246091
2026-03-17 02:00:00,75617.1,75673.8,75114.4,75200.2,320.15588865
2026-03-17 03:00:00,75200.3,75328.9,74275.4,74465.6,606.17436683
2026-03-17 04:00:00,74465.7,74695.7,74000.1,74246.3,599.42002384
2026-03-17 05:00:00,74246.4,74468.0,73793.5,74046.2,337.35091204
2026-03-17 06:00:00,74046.3,74285.4,73900.4,74087.1,235.70384688
2026-03-17 07:00:00,74087.1,74459.4,74071.0,74245.3,224.99531342
2026-03-17 08:00:00,74245.3,74450.0,74103.6,74199.0,230.26801134
2026-03-17 09:00:00,74199.1,74406.0,73850.1,73943.0,256.522645
2026-03-17 10:00:00,73943.0,73969.6,73560.8,73733.5,416.035897
2026-03-17 11:00:00,73733.5,74211.5,73678.8,74034.4,277.9223294
2026-03-17 12:00:00,74034.1,74174.6,73652.1,73747.6,240.44234603
2026-03-17 13:00:00,73747.6,74173.6,73389.0,73621.0,435.58196421
2026-03-17 14:00:00,73621.0,74417.1,73431.1,74382.5,374.09127755
2026-03-17 15:00:00,74384.0,74883.0,73669.8,73917.4,527.90547584
2026-03-17 16:00:00,73915.5,74346.6,73862.0,74157.0,265.3148102
2026-03-17 17:00:00,74157.0,74594.1,73997.4,74523.9,281.30591642
2026-03-17 18:00:00,74524.0,74765.8,74384.9,74683.0,170.91801597
2026-03-17 19:00:00,74683.1,74800.0,74433.3,74515.1,152.18136036
2026-03-17 20:00:00,74515.1,74685.9,74368.8,74516.0,74.91035707
2026-03-17 21:00:00,74515.9,74800.0,74465.0,74688.9,84.10316918
2026-03-17 22:00:00,74688.8,74775.8,73933.8,74309.8,155.5938844
2026-03-17 23:00:00,74309.9,74399.8,73875.0,73904.2,129.06585421
2026-03-18 00:00:00,73904.3,74062.9,73530.7,73862.1,220.16069214
2026-03-18 01:00:00,73862.1,74207.6,73814.7,74078.9,141.86947107
2026-03-18 02:00:00,74079.0,74479.0,74052.2,74341.0,129.0880764
2026-03-18 03:00:00,74341.0,74668.6,74244.2,74441.0,190.66564397
2026-03-18 04:00:00,74441.0,74492.0,74137.9,74165.0,122.34923762
2026-03-18 05:00:00,74170.0,74297.0,73840.5,73955.3,158.11192638
2026-03-18 06:00:00,73955.4,74227.0,73941.2,73951.5,101.10697861
2026-03-18 07:00:00,73951.5,74000.0,73700.0,73890.1,195.24233776
2026-03-18 08:00:00,73890.0,74128.0,73870.0,74049.3,191.34011295
2026-03-18 09:00:00,74049.4,74280.0,74040.5,74182.0,80.31487904
2026-03-18 10:00:00,74180.1,74288.6,73797.8,73939.1,139.93245711
2026-03-18 11:00:00,73939.1,74079.9,72778.1,72948.5,1012.53031128
2026-03-18 12:00:00,72948.5,72979.7,72267.0,72354.0,563.55793534
2026-03-18 13:00:00,72354.9,72560.5,71966.0,72122.0,544.80887099
2026-03-18 14:00:00,72126.1,72219.0,71100.0,71186.0,771.50533789
2026-03-18 15:00:00,71186.0,71525.4,70858.1,71468.0,733.42698941
2026-03-18 16:00:00,71468.0,71560.3,71039.1,71318.7,355.65465941
2026-03-18 17:00:00,71318.7,71749.0,71200.7,71594.4,240.21268183
2026-03-18 18:00:00,71592.3,72008.0,70952.5,71103.1,487.33333944
2026-03-18 19:00:00,71103.1,71485.4,70924.0,71068.7,256.88349028
2026-03-18 20:00:00,71064.2,71325.9,70500.0,71216.7,379.36581359
2026-03-18 21:00:00,71216.6,71440.1,71166.0,71269.5,148.7738033
2026-03-18 22:00:00,71269.5,71269.5,70948.4,71153.3,221.27750972
2026-03-18 23:00:00,71153.4,71371.2,71058.9,71253.1,147.8679837
2026-03-19 00:00:00,71253.1,71325.9,70981.2,71007.9,174.0609593
2026-03-19 01:00:00,71006.1,71188.3,70955.5,71123.9,155.91152463
2026-03-19 02:00:00,71123.8,71260.0,70913.1,71060.3,121.88968847
2026-03-19 03:00:00,71060.4,71618.0,71060.4,71214.0,176.3429373
2026-03-19 04:00:00,71214.0,71214.1,70656.0,70826.0,224.84065058
2026-03-19 05:00:00,70827.5,70916.3,70665.0,70833.1,151.40098038
2026-03-19 06:00:00,70833.1,70975.0,70510.0,70587.0,171.01141084
2026-03-19 07:00:00,70586.1,70606.0,69486.0,70201.0,1127.52866744
2026-03-19 08:00:00,70201.0,70299.9,69900.2,69995.9,260.77066766
2026-03-19 09:00:00,69996.0,70558.0,69987.0,70505.1,366.76452498
2026-03-19 10:00:00,70505.0,70540.9,70116.5,70127.1,123.12113661
2026-03-19 11:00:00,70127.1,70258.9,69909.1,69953.8,183.36346491
2026-03-19 12:00:00,69953.8,69953.8,69100.0,69296.0,391.70619251
2026-03-19 13:00:00,69296.0,70076.5,69089.1,69908.9,554.08941266
2026-03-19 14:00:00,69909.0,70170.4,69100.2,69487.1,482.81475374
2026-03-19 15:00:00,69486.0,69919.9,68796.3,69409.5,614.57617105
2026-03-19 16:00:00,69411.0,69642.8,69174.0,69455.1,278.54453288
2026-03-19 17:00:00,69455.0,69953.4,69125.3,69855.0,322.3707547
2026-03-19 18:00:00,69855.0,69932.5,69586.0,69821.0,134.96409151
2026-03-19 19:00:00,69821.1,70598.9,69804.2,70268.6,381.96602992
2026-03-19 20:00:00,70269.0,70678.0,70202.0,70486.0,143.32324097
2026-03-19 21:00:00,70485.1,70695.0,70369.3,70415.2,351.8982081
2026-03-19 22:00:00,70412.1,70508.9,69954.8,70179.9,262.61942297
2026-03-19 23:00:00,70180.0,70286.0,69718.1,69923.7,175.32643017
2026-03-20 00:00:00,69923.7,70309.0,69841.0,70197.3,147.30144274
2026-03-20 01:00:00,70197.3,70591.5,70190.2,70408.0,148.75525677
2026-03-20 02:00:00,70408.0,70520.0,70079.7,70413.0,115.73181637
2026-03-20 03:00:00,70411.8,70810.9,70387.0,70735.5,184.52347542
2026-03-20 04:00:00,70735.1,70967.9,70544.5,70783.1,183.98644503
2026-03-20 05:00:00,70783.1,70869.5,70516.9,70600.0,91.17060471
2026-03-20 06:00:00,70600.1,70647.6,70346.1,70493.9,137.38850516
2026-03-20 07:00:00,70494.0,70937.0,70206.3,70854.9,337.85359527
2026-03-20 08:00:00,70855.0,71366.0,70800.0,71039.2,494.62069243
2026-03-20 09:00:00,71039.2,71039.9,70423.2,70588.7,379.6136102
2026-03-20 10:00:00,70588.8,70683.7,70222.7,70619.2,215.89303378
2026-03-20 11:00:00,70617.1,70816.1,70309.1,70485.6,141.70920006
2026-03-20 12:00:00,70484.8,70683.9,70252.9,70339.6,187.48992839
2026-03-20 13:00:00,70339.7,70611.1,69804.7,69870.2,411.10520148
2026-03-20 14:00:00,69870.2,70275.0,69600.0,69742.3,644.4266649
2026-03-20 15:00:00,69742.3,70013.5,69491.6,69870.6,262.87923897
2026-03-20 16:00:00,69870.7,70107.0,69618.0,69831.3,190.13697424
2026-03-20 17:00:00,69834.1,70029.9,69393.5,70000.4,315.54015467
2026-03-20 18:00:00,70002.7,70076.8,69529.6,69771.0,181.76304277
2026-03-20 19:00:00,69773.9,70192.2,69671.6,70186.2,155.47651673
2026-03-20 20:00:00,70186.1,70264.2,69760.1,70062.5,210.85289674
2026-03-20 21:00:00,70062.5,70737.5,69949.3,70546.5,271.06719607
2026-03-20 22:00:00,70546.2,70929.8,70522.2,70778.2,182.69546792
2026-03-20 23:00:00,70778.3,70779.0,70432.7,70515.7,78.29914869
2026-03-21 00:00:00,70515.6,70832.0,70473.1,70685.0,94.85648752
2026-03-21 01:00:00,70686.0,70767.9,70466.0,70472.0,42.37756276
2026-03-21 02:00:00,70472.0,70787.6,70444.6,70732.3,53.72568807
2026-03-21 03:00:00,70732.2,70786.3,70628.0,70672.4,29.89035906
2026-03-21 04:00:00,70670.6,70821.7,70620.5,70641.0,51.23150989
2026-03-21 05:00:00,70641.1,70832.1,70633.9,70705.9,252.64718559
2026-03-21 06:00:00,70705.9,70837.2,70693.0,70760.0,505.38617927
2026-03-21 07:00:00,70768.8,70875.9,70664.4,70712.9,151.88157635
2026-03-21 08:00:00,70712.9,70760.0,70483.1,70595.5,82.76941871
2026-03-21 09:00:00,70595.5,70733.5,70570.0,70659.1,71.77163264
2026-03-21 10:00:00,70659.2,70694.5,70564.3,70607.1,40.60673572
2026-03-21 11:00:00,70607.2,70646.5,70564.8,70646.5,38.9371855
2026-03-21 12:00:00,70646.5,70800.0,70646.5,70712.3,49.19523157
2026-03-21 13:00:00,70712.4,70807.5,70700.5,70733.6,58.89382478
2026-03-21 14:00:00,70733.6,71100.0,70569.1,70621.8,215.31781722
2026-03-21 15:00:00,70621.8,70770.0,70455.7,70630.1,179.85964223
2026-03-21 16:00:00,70630.2,70655.9,70257.9,70308.2,119.53388333
2026-03-21 17:00:00,70308.6,70428.9,70215.0,70317.8,62.52128374
2026-03-21 18:00:00,70317.8,70535.8,70300.0,70402.0,86.48362222
2026-03-21 19:00:00,70401.1,70454.8,70324.2,70400.0,160.28072575
2026-03-21 20:00:00,70400.1,70503.4,70362.1,70459.7,78.71002417
2026-03-21 21:00:00,70462.3,70508.8,70273.2,70355.0,38.58775339
2026-03-21 22:00:00,70355.0,70391.1,70263.0,70289.4,52.32805288
2026-03-21 23:00:00,70289.4,70302.5,68555.0,68921.1,772.31058946
2026-03-22 00:00:00,68921.1,69150.8,68237.1,68952.0,794.48687925
2026-03-22 01:00:00,68952.1,69099.0,68767.1,68962.8,173.83314868
2026-03-22 02:00:00,68962.9,69410.0,68946.1,69274.2,174.48666715
2026-03-22 03:00:00,69277.0,69584.8,69130.0,69345.1,180.18016915
2026-03-22 04:00:00,69345.0,69527.9,69216.7,69352.3,127.11842051
2026-03-22 05:00:00,69348.4,69352.0,69142.9,69149.0,119.40154432
2026-03-22 06:00:00,69149.1,69241.0,69066.7,69164.0,72.87444316
2026-03-22 07:00:00,69164.0,69249.9,68894.0,68923.0,269.37757017
2026-03-22 08:00:00,68923.0,68986.5,68540.1,68810.1,221.13345403
2026-03-22 09:00:00,68810.1,68900.0,68581.4,68820.3,114.08158697
2026-03-22 10:00:00,68816.8,68845.0,68587.1,68650.4,65.39611427
2026-03-22 11:00:00,68650.4,68686.4,68100.1,68222.1,250.55463952
2026-03-22 12:00:00,68222.1,68764.7,68200.0,68655.4,208.77716954
2026-03-22 13:00:00,68655.4,68959.8,68543.4,68691.1,189.67948294
2026-03-22 14:00:00,68693.2,68916.4,68532.8,68709.8,99.94974821
2026-03-22 15:00:00,68709.8,69006.0,68709.0,68843.9,112.48690294
2026-03-22 16:00:00,68844.0,68881.7,68669.6,68799.1,67.19968986
2026-03-22 17:00:00,68799.1,68852.7,68668.7,68668.8,62.66651328
2026-03-22 18:00:00,68668.7,68740.7,68343.0,68618.0,143.77331647
2026-03-22 19:00:00,68617.1,68630.1,68147.4,68204.9,160.23140578
2026-03-22 20:00:00,68205.0,68500.0,68084.1,68173.0,135.24115198
2026-03-22 21:00:00,68173.0,68229.5,67360.1,67898.2,615.24457364
2026-03-22 22:00:00,67898.3,68394.5,67577.2,68329.9,257.23588021
2026-03-22 23:00:00,68330.0,68466.1,67833.3,67860.1,158.74745876
2026-03-23 00:00:00,67860.1,68160.0,67452.4,67674.0,272.1849615
2026-03-23 01:00:00,67676.0,68158.0,67540.1,67909.4,191.6324073
2026-03-23 02:00:00,67909.5,68399.8,67806.0,68320.0,162.04589584
2026-03-23 03:00:00,68320.0,68601.0,68071.0,68083.9,125.90543021
2026-03-23 04:00:00,68086.8,68554.8,68059.5,68545.9,117.47048134
2026-03-23 05:00:00,68546.0,68905.7,68545.9,68905.4,271.4499738
2026-03-23 06:00:00,68904.8,68905.5,67700.1,67879.0,446.55921152
2026-03-23 07:00:00,67879.1,68470.9,67508.0,68332.0,819.10611765
2026-03-23 08:00:00,68332.0,68700.0,68329.2,68434.1,862.90827843
2026-03-23 09:00:00,68434.2,68470.4,67918.6,68336.3,245.45179969
2026-03-23 10:00:00,68336.3,68714.2,68294.1,68542.0,229.16556238
2026-03-23 11:00:00,68542.5,71499.9,68540.7,70131.2,2917.94655709
2026-03-23 12:00:00,70131.3,70873.0,69680.6,70743.0,600.37566067
2026-03-23 13:00:00,70745.1,71596.0,70597.0,71488.0,753.88069802
2026-03-23 14:00:00,71488.0,71809.4,71126.0,71450.8,604.11027688
2026-03-23 15:00:00,71452.4,71660.7,70098.1,70133.0,649.6669701
2026-03-23 16:00:00,70134.0,70760.0,70132.0,70561.9,416.72446258
2026-03-23 17:00:00,70562.0,71115.1,70363.7,71081.4,244.73197097
2026-03-23 18:00:00,71081.4,71194.7,70874.2,71075.1,137.42979247
2026-03-23 19:00:00,71074.6,71247.0,70647.0,70673.3,150.21142745
2026-03-23 20:00:00,70673.0,70980.0,70539.6,70909.6,88.95108424
2026-03-23 21:00:00,70910.0,70993.5,70818.1,70852.7,61.04383832
2026-03-23 22:00:00,70852.8,70893.4,70521.4,70779.0,91.87293893
2026-03-23 23:00:00,70779.0,70999.0,70404.8,70900.0,108.23593281
2026-03-24 00:00:00,70900.0,71093.5,70421.2,70684.0,210.272874
2026-03-24 01:00:00,70682.1,70882.3,70280.7,70513.1,384.29245328
2026-03-24 02:00:00,70514.9,70699.9,70370.8,70459.6,226.64457778
2026-03-24 03:00:00,70459.7,70593.9,70409.9,70548.4,125.97140125
2026-03-24 04:00:00,70549.7,70754.1,70262.5,70381.9,154.24312545
2026-03-24 05:00:00,70382.9,70390.0,70130.9,70288.0,128.67686471
2026-03-24 06:00:00,70287.9,70588.6,70260.0,70541.1,165.97186619
2026-03-24 07:00:00,70541.6,71400.0,70487.0,71292.9,1177.32871487
2026-03-24 08:00:00,71293.0,71342.9,70862.0,70967.1,241.90855491
2026-03-24 09:00:00,70967.0,71364.0,70829.9,71323.9,206.73512707
2026-03-24 10:00:00,71324.0,71334.9,71090.0,71270.9,145.79654008
2026-03-24 11:00:00,71271.3,71318.6,70958.1,71153.0,107.44640304
2026-03-24 12:00:00,71155.0,71184.8,70867.9,70961.9,86.16480909
2026-03-24 13:00:00,70962.0,71067.2,69983.5,70108.0,582.48853897
2026-03-24 14:00:00,70108.7,70472.9,69517.1,69876.0,589.02778622
2026-03-24 15:00:00,69879.5,70253.4,69774.5,69869.6,301.94452855
2026-03-24 16:00:00,69869.6,70012.0,69300.3,69474.9,395.8128966
2026-03-24 17:00:00,69480.1,69521.0,68924.0,69239.9,375.79835848
2026-03-24 18:00:00,69240.0,69745.1,69163.3,69431.8,219.78029121
2026-03-24 19:00:00,69431.0,69701.9,69272.7,69374.9,105.38247273
2026-03-24 20:00:00,69374.9,70288.0,69291.1,70092.9,242.66895765
2026-03-24 21:00:00,70094.4,70403.9,69899.6,70328.8,163.32913858
2026-03-24 22:00:00,70329.2,70586.3,70138.9,70315.0,223.1142425
2026-03-24 23:00:00,70315.0,70833.3,70266.6,70557.5,309.15930671
2026-03-25 00:00:00,70557.5,71049.0,70475.9,70838.0,246.40014308
2026-03-25 01:00:00,70838.1,70976.9,70632.6,70679.1,119.33240238
2026-03-25 02:00:00,70679.1,70767.8,70501.1,70532.2,145.71020934
2026-03-25 03:00:00,70533.5,70812.9,70414.1,70720.8,223.35237976
2026-03-25 04:00:00,70720.8,70982.5,70705.0,70974.0,124.78965766
2026-03-25 05:00:00,70973.9,71344.0,70937.5,71119.8,257.35109527
2026-03-25 06:00:00,71119.8,71262.0,70982.5,70987.9,198.34324121
2026-03-25 07:00:00,70988.3,71266.6,70885.5,70931.3,266.06050745
2026-03-25 08:00:00,70931.3,71499.9,70800.0,71239.5,471.02678149
2026-03-25 09:00:00,71239.5,71409.3,71093.6,71335.7,177.5025307
2026-03-25 10:00:00,71339.0,71645.3,71285.8,71490.4,238.18112384
2026-03-25 11:00:00,71490.5,72012.0,71464.5,71677.3,588.11985742
2026-03-25 12:00:00,71677.4,71961.2,71104.0,71723.8,543.57376378
2026-03-25 13:00:00,71716.8,71961.5,71510.1,71576.6,347.27849521
2026-03-25 14:00:00,71576.7,71691.4,71235.5,71236.5,313.63123689
2026-03-25 15:00:00,71236.5,71304.3,70575.1,70831.5,351.7160028
2026-03-25 16:00:00,70831.1,71760.2,70711.1,71319.8,364.5984603
2026-03-25 17:00:00,71319.9,71391.8,70722.0,70779.8,163.31455336
2026-03-25 18:00:00,70779.9,71153.8,70681.8,70816.7,136.37012477
2026-03-25 19:00:00,70816.8,71093.6,70778.8,70879.9,127.9393874
2026-03-25 20:00:00,70880.8,71064.6,70647.1,71003.1,139.96907
2026-03-25 21:00:00,71003.7,71182.3,70947.5,71031.2,101.84496544
2026-03-25 22:00:00,71031.3,71609.2,70943.5,71375.5,198.60090654
2026-03-25 23:00:00,71374.1,71463.1,71188.7,71334.9,98.66278664
2026-03-26 00:00:00,71334.9,71440.9,71142.8,71303.4,131.94189488
2026-03-26 01:00:00,71303.5,71381.6,71158.1,71250.1,73.74703601
2026-03-26 02:00:00,71250.1,71287.0,70685.1,70893.1,243.58835043
2026-03-26 03:00:00,70893.1,70977.0,70689.2,70907.1,83.34805971
2026-03-26 04:00:00,70913.3,70913.3,70717.0,70772.0,64.43051383
2026-03-26 05:00:00,70772.1,70801.9,69956.9,70023.1,525.06429479
2026-03-26 06:00:00,70023.0,70163.2,69868.0,70109.2,199.9812129
2026-03-26 07:00:00,70099.2,70173.9,69812.7,70092.1,240.63439168
2026-03-26 08:00:00,70092.1,70138.4,69805.0,70030.0,234.23862263
2026-03-26 09:00:00,70030.1,70145.5,69410.1,69581.1,634.68734875
2026-03-26 10:00:00,69581.1,69724.0,69460.0,69518.6,299.32492529
2026-03-26 11:00:00,69518.7,69661.0,69193.0,69282.0,196.79608805
2026-03-26 12:00:00,69282.0,69467.0,69232.1,69438.3,127.84389618
2026-03-26 13:00:00,69438.4,69883.9,69220.0,69651.0,368.40769811
2026-03-26 14:00:00,69651.1,69853.2,69255.1,69491.8,254.71313433
2026-03-26 15:00:00,69486.4,69504.6,68616.7,69090.0,689.05512623
2026-03-26 16:00:00,69086.3,69086.3,68827.0,68933.1,195.33059369
2026-03-26 17:00:00,68933.2,69166.6,68380.1,68488.1,376.58555786
2026-03-26 18:00:00,68489.0,68612.0,68153.3,68495.8,505.87217802
2026-03-26 19:00:00,68495.8,68681.6,68361.1,68533.0,190.89785538
2026-03-26 20:00:00,68534.9,69485.2,68424.3,69004.0,540.50502398
2026-03-26 21:00:00,69004.1,69200.0,68880.0,68928.0,120.99017405
2026-03-26 22:00:00,68928.0,69030.0,68606.1,68893.9,156.76205933
2026-03-26 23:00:00,68894.2,69011.2,68640.0,68827.2,126.78634527
2026-03-27 00:00:00,68827.2,68970.4,68534.8,68785.0,162.01985237
2026-03-27 01:00:00,68785.1,69069.8,68702.1,69054.5,104.70665012
2026-03-27 02:00:00,69054.9,69185.6,68869.0,68909.0,113.65082412
2026-03-27 03:00:00,68909.0,68927.0,68682.4,68770.2,115.18611725
2026-03-27 04:00:00,68770.2,68801.3,68307.0,68581.5,229.04605225
2026-03-27 05:00:00,68581.1,68860.0,68515.0,68625.1,121.90044561
2026-03-27 06:00:00,68625.1,68851.7,68570.6,68661.0,85.96581163
2026-03-27 07:00:00,68661.1,68964.0,68446.2,68529.1,473.86119553
2026-03-27 08:00:00,68534.3,68626.8,67614.1,67918.1,629.81295299
2026-03-27 09:00:00,67917.2,67950.7,67552.1,67692.1,288.51897388
2026-03-27 10:00:00,67692.2,67781.0,66300.1,66499.2,1325.87754984
2026-03-27 11:00:00,66499.3,66851.0,66229.4,66707.9,529.43876739
2026-03-27 12:00:00,66707.9,66776.0,66428.9,66610.1,408.01288069
2026-03-27 13:00:00,66610.1,66730.3,66000.0,66169.1,1362.38421096
2026-03-27 14:00:00,66169.0,66392.3,65714.2,66189.9,846.7039387
2026-03-27 15:00:00,66190.0,66631.4,65962.6,66102.0,963.71332758
2026-03-27 16:00:00,66102.0,66185.1,65799.1,65980.1,423.89109766
2026-03-27 17:00:00,65980.0,66297.2,65576.4,65635.3,328.67762406
2026-03-27 18:00:00,65635.3,65957.0,65559.6,65840.0,253.33614891
2026-03-27 19:00:00,65840.1,66153.7,65694.1,66033.6,403.48221406
2026-03-27 20:00:00,66033.6,66157.7,65815.3,66022.4,197.30506449
2026-03-27 21:00:00,66022.9,66188.2,66015.4,66083.6,103.89447106
2026-03-27 22:00:00,66084.7,66095.9,65919.1,66028.0,72.82966212
2026-03-27 23:00:00,66028.0,66420.0,65972.1,66403.9,91.83910983
2026-03-28 00:00:00,66403.9,66525.5,66294.7,66433.1,148.03541091
2026-03-28 01:00:00,66433.1,66433.9,66062.3,66181.7,162.61902788
2026-03-28 02:00:00,66181.7,66251.4,65933.2,66055.0,110.21156549
2026-03-28 03:00:00,66055.0,66249.3,66055.0,66235.3,106.40651899
2026-03-28 04:00:00,66235.3,66305.3,66110.4,66280.3,109.93100224
2026-03-28 05:00:00,66280.3,66392.3,66202.1,66348.3,72.72253106
2026-03-28 06:00:00,66348.3,66498.1,66308.0,66444.0,49.59637093
